

================================================================
== Vitis HLS Report for 'conv_engine'
================================================================
* Date:           Wed Aug  5 11:00:05 2026

* Version:        2024.2 (Build 5238294 on Nov  8 2024)
* Project:        conv_engine_prj
* Solution:       solution1 (Vivado IP Flow Target)
* Product family: zynquplus
* Target device:  xck26-sfvc784-2LV-c


================================================================
== Performance Estimates
================================================================
+ Timing: 
    * Summary: 
    +--------+---------+----------+------------+
    |  Clock |  Target | Estimated| Uncertainty|
    +--------+---------+----------+------------+
    |ap_clk  |  5.00 ns|  3.650 ns|     1.35 ns|
    +--------+---------+----------+------------+

+ Latency: 
    * Summary: 
    +---------+-------------+----------+-------------+-----+-------------+---------+
    |    Latency (cycles)   |   Latency (absolute)   |      Interval     | Pipeline|
    |   min   |     max     |    min   |     max     | min |     max     |   Type  |
    +---------+-------------+----------+-------------+-----+-------------+---------+
    |       63|  55874448004|  0.315 us|  279.372 sec|   64|  55874448005|       no|
    +---------+-------------+----------+-------------+-----+-------------+---------+

    + Detail: 
        * Instance: 
        +------------------------------------------------------------------------------------------+------------------------------------------------------------------------------+---------+---------+-----------+-----------+-----+------+------------------------------------------------+
        |                                                                                          |                                                                              |  Latency (cycles) |   Latency (absolute)  |  Interval  |                    Pipeline                    |
        |                                         Instance                                         |                                    Module                                    |   min   |   max   |    min    |    max    | min |  max |                      Type                      |
        +------------------------------------------------------------------------------------------+------------------------------------------------------------------------------+---------+---------+-----------+-----------+-----+------+------------------------------------------------+
        |grp_conv_engine_Pipeline_LOAD_W_IC_VITIS_LOOP_186_1_VITIS_LOOP_188_2_fu_1433              |conv_engine_Pipeline_LOAD_W_IC_VITIS_LOOP_186_1_VITIS_LOOP_188_2              |       14|     1165|  70.000 ns|   5.825 us|    2|  1153|  loop auto-rewind stp (delay=0 clock cycles(s))|
        |grp_conv_engine_Pipeline_READ_CH_ELEMS_fu_1841                                            |conv_engine_Pipeline_READ_CH_ELEMS                                            |       12|      139|  60.000 ns|   0.695 us|    2|   129|  loop auto-rewind stp (delay=0 clock cycles(s))|
        |grp_conv_engine_Pipeline_READ_CH_WORDS_fu_1880                                            |conv_engine_Pipeline_READ_CH_WORDS                                            |        4|       35|  20.000 ns|   0.175 us|    2|    33|  loop auto-rewind stp (delay=0 clock cycles(s))|
        |grp_conv_engine_Pipeline_WINDOW_ROW_SHIFT_WINDOW_COL_SHIFT_WINDOW_ROW_SHIFT_STEP_fu_1917  |conv_engine_Pipeline_WINDOW_ROW_SHIFT_WINDOW_COL_SHIFT_WINDOW_ROW_SHIFT_STEP  |        2|       51|  10.000 ns|   0.255 us|    1|    49|  loop auto-rewind stp (delay=0 clock cycles(s))|
        |grp_conv_engine_Pipeline_WINDOW_TAIL_FILL_WINDOW_TAIL_FILL_STEP_fu_1957                   |conv_engine_Pipeline_WINDOW_TAIL_FILL_WINDOW_TAIL_FILL_STEP                   |        4|       27|  20.000 ns|   0.135 us|    2|    25|  loop auto-rewind stp (delay=0 clock cycles(s))|
        |grp_conv_engine_Pipeline_LINE_BUF_ROW_SHIFT_LINE_BUF_ROW_SHIFT_STEP_fu_2079               |conv_engine_Pipeline_LINE_BUF_ROW_SHIFT_LINE_BUF_ROW_SHIFT_STEP               |        2|       18|  10.000 ns|  90.000 ns|    1|    17|  loop auto-rewind stp (delay=0 clock cycles(s))|
        |grp_conv_engine_Pipeline_LINE_BUF_TAIL_FILL_fu_2151                                       |conv_engine_Pipeline_LINE_BUF_TAIL_FILL                                       |        3|       10|  15.000 ns|  50.000 ns|    2|     9|  loop auto-rewind stp (delay=0 clock cycles(s))|
        |grp_conv_engine_Pipeline_MAC_REDUCE_MAC_KY_MAC_KX_fu_2239                                 |conv_engine_Pipeline_MAC_REDUCE_MAC_KY_MAC_KX                                 |        7|       78|  35.000 ns|   0.390 us|    2|    73|  loop auto-rewind stp (delay=0 clock cycles(s))|
        |grp_conv_engine_Pipeline_ACCUM_RD_fu_2711                                                 |conv_engine_Pipeline_ACCUM_RD                                                 |        4|       27|  20.000 ns|   0.135 us|    2|    25|  loop auto-rewind stp (delay=0 clock cycles(s))|
        |grp_conv_engine_Pipeline_ACCUM_WR_fu_2743                                                 |conv_engine_Pipeline_ACCUM_WR                                                 |        3|       26|  15.000 ns|   0.130 us|    2|    25|  loop auto-rewind stp (delay=0 clock cycles(s))|
        |grp_conv_engine_Pipeline_FINISH_WR_fu_2775                                                |conv_engine_Pipeline_FINISH_WR                                                |       13|       36|  65.000 ns|   0.180 us|    2|    25|  loop auto-rewind stp (delay=0 clock cycles(s))|
        +------------------------------------------------------------------------------------------+------------------------------------------------------------------------------+---------+---------+-----------+-----------+-----+------+------------------------------------------------+

        * Loop: 
        +-----------------+---------+-------------+----------------+-----------+-----------+---------+----------+
        |                 |    Latency (cycles)   |    Iteration   |  Initiation Interval  |   Trip  |          |
        |    Loop Name    |   min   |     max     |     Latency    |  achieved |   target  |  Count  | Pipelined|
        +-----------------+---------+-------------+----------------+-----------+-----------+---------+----------+
        |- OC_TILE        |       59|  55874448000|  59 ~ 873038250|          -|          -|   1 ~ 64|        no|
        | + IC_TILE       |       57|    873038248|  57 ~ 109129781|          -|          -|    1 ~ 8|        no|
        |  ++ LOAD_WTILE  |       24|        14256|        2 ~ 1188|          -|          -|       12|        no|
        |  ++ ROW_LOOP    |       26|    109115518|     26 ~ 212287|          -|          -|  1 ~ 514|        no|
        |   +++ COL_LOOP  |       21|       212282|        21 ~ 413|          -|          -|  1 ~ 514|        no|
        +-----------------+---------+-------------+----------------+-----------+-----------+---------+----------+



================================================================
== Utilization Estimates
================================================================
* Summary: 
+-----------------+---------+------+--------+--------+-----+
|       Name      | BRAM_18K|  DSP |   FF   |   LUT  | URAM|
+-----------------+---------+------+--------+--------+-----+
|DSP              |        -|     4|       -|       -|    -|
|Expression       |        -|     -|       0|    3367|    -|
|FIFO             |        -|     -|       -|       -|    -|
|Instance         |        8|   217|   21736|   50755|    0|
|Memory           |        0|     -|    4992|    5344|   64|
|Multiplexer      |        -|     -|       0|   12899|    -|
|Register         |        -|     -|    6560|       -|    -|
+-----------------+---------+------+--------+--------+-----+
|Total            |        8|   221|   33288|   72365|   64|
+-----------------+---------+------+--------+--------+-----+
|Available        |      288|  1248|  234240|  117120|   64|
+-----------------+---------+------+--------+--------+-----+
|Utilization (%)  |        2|    17|      14|      61|  100|
+-----------------+---------+------+--------+--------+-----+

+ Detail: 
    * Instance: 
    +------------------------------------------------------------------------------------------+------------------------------------------------------------------------------+---------+-----+-------+-------+-----+
    |                                         Instance                                         |                                    Module                                    | BRAM_18K| DSP |   FF  |  LUT  | URAM|
    +------------------------------------------------------------------------------------------+------------------------------------------------------------------------------+---------+-----+-------+-------+-----+
    |CTRL_s_axi_U                                                                              |CTRL_s_axi                                                                    |        0|    0|    652|   1080|    0|
    |RD_BUS2_m_axi_U                                                                           |RD_BUS2_m_axi                                                                 |        2|    0|    707|    757|    0|
    |RD_BUS_m_axi_U                                                                            |RD_BUS_m_axi                                                                  |        2|    0|    671|    637|    0|
    |WR_BUS_m_axi_U                                                                            |WR_BUS_m_axi                                                                  |        4|    0|    824|    682|    0|
    |grp_conv_engine_Pipeline_ACCUM_RD_fu_2711                                                 |conv_engine_Pipeline_ACCUM_RD                                                 |        0|    0|     77|    465|    0|
    |grp_conv_engine_Pipeline_ACCUM_WR_fu_2743                                                 |conv_engine_Pipeline_ACCUM_WR                                                 |        0|    0|     67|    248|    0|
    |grp_conv_engine_Pipeline_FINISH_WR_fu_2775                                                |conv_engine_Pipeline_FINISH_WR                                                |        0|    6|    752|   1509|    0|
    |grp_conv_engine_Pipeline_LINE_BUF_ROW_SHIFT_LINE_BUF_ROW_SHIFT_STEP_fu_2079               |conv_engine_Pipeline_LINE_BUF_ROW_SHIFT_LINE_BUF_ROW_SHIFT_STEP               |        0|    0|    271|    694|    0|
    |grp_conv_engine_Pipeline_LINE_BUF_TAIL_FILL_fu_2151                                       |conv_engine_Pipeline_LINE_BUF_TAIL_FILL                                       |        0|    0|     28|    337|    0|
    |grp_conv_engine_Pipeline_LOAD_W_IC_VITIS_LOOP_186_1_VITIS_LOOP_188_2_fu_1433              |conv_engine_Pipeline_LOAD_W_IC_VITIS_LOOP_186_1_VITIS_LOOP_188_2              |        0|    4|   1310|   1805|    0|
    |grp_conv_engine_Pipeline_MAC_REDUCE_MAC_KY_MAC_KX_fu_2239                                 |conv_engine_Pipeline_MAC_REDUCE_MAC_KY_MAC_KX                                 |        0|  192|  15495|  40070|    0|
    |grp_conv_engine_Pipeline_READ_CH_ELEMS_fu_1841                                            |conv_engine_Pipeline_READ_CH_ELEMS                                            |        0|    0|    497|    440|    0|
    |grp_conv_engine_Pipeline_READ_CH_WORDS_fu_1880                                            |conv_engine_Pipeline_READ_CH_WORDS                                            |        0|    0|    120|    102|    0|
    |grp_conv_engine_Pipeline_WINDOW_ROW_SHIFT_WINDOW_COL_SHIFT_WINDOW_ROW_SHIFT_STEP_fu_1917  |conv_engine_Pipeline_WINDOW_ROW_SHIFT_WINDOW_COL_SHIFT_WINDOW_ROW_SHIFT_STEP  |        0|    0|    212|    815|    0|
    |grp_conv_engine_Pipeline_WINDOW_TAIL_FILL_WINDOW_TAIL_FILL_STEP_fu_1957                   |conv_engine_Pipeline_WINDOW_TAIL_FILL_WINDOW_TAIL_FILL_STEP                   |        0|    0|     53|    749|    0|
    |mul_16ns_16ns_32_1_1_U1017                                                                |mul_16ns_16ns_32_1_1                                                          |        0|    1|      0|      5|    0|
    |mul_16ns_16ns_32_1_1_U1019                                                                |mul_16ns_16ns_32_1_1                                                          |        0|    1|      0|      5|    0|
    |mul_16ns_8ns_24_1_1_U1016                                                                 |mul_16ns_8ns_24_1_1                                                           |        0|    1|      0|      5|    0|
    |mul_17ns_19ns_35_1_1_U1021                                                                |mul_17ns_19ns_35_1_1                                                          |        0|    1|      0|      6|    0|
    |mul_17ns_24s_32_1_1_U1027                                                                 |mul_17ns_24s_32_1_1                                                           |        0|    1|      0|     40|    0|
    |mul_17ns_32s_32_1_1_U1012                                                                 |mul_17ns_32s_32_1_1                                                           |        0|    2|      0|     20|    0|
    |mul_18s_16ns_32_1_1_U1020                                                                 |mul_18s_16ns_32_1_1                                                           |        0|    1|      0|      5|    0|
    |mul_24ns_17s_32_1_1_U1018                                                                 |mul_24ns_17s_32_1_1                                                           |        0|    1|      0|     40|    0|
    |mul_31s_4ns_31_1_1_U1022                                                                  |mul_31s_4ns_31_1_1                                                            |        0|    0|      0|     20|    0|
    |mul_32ns_16ns_48_1_1_U1013                                                                |mul_32ns_16ns_48_1_1                                                          |        0|    2|      0|     20|    0|
    |mul_32ns_4ns_36_1_1_U1023                                                                 |mul_32ns_4ns_36_1_1                                                           |        0|    0|      0|     20|    0|
    |mul_32s_16ns_32_1_1_U1014                                                                 |mul_32s_16ns_32_1_1                                                           |        0|    2|      0|     20|    0|
    |mul_4ns_16ns_19_1_1_U1026                                                                 |mul_4ns_16ns_19_1_1                                                           |        0|    0|      0|      5|    0|
    |mul_8ns_36ns_43_1_1_U1011                                                                 |mul_8ns_36ns_43_1_1                                                           |        0|    2|      0|     24|    0|
    |mul_8ns_4ns_11_1_1_U1024                                                                  |mul_8ns_4ns_11_1_1                                                            |        0|    0|      0|     40|    0|
    |mul_8ns_8ns_16_1_1_U1015                                                                  |mul_8ns_8ns_16_1_1                                                            |        0|    0|      0|     40|    0|
    |mul_9ns_4ns_12_1_1_U1025                                                                  |mul_9ns_4ns_12_1_1                                                            |        0|    0|      0|     50|    0|
    +------------------------------------------------------------------------------------------+------------------------------------------------------------------------------+---------+-----+-------+-------+-----+
    |Total                                                                                     |                                                                              |        8|  217|  21736|  50755|    0|
    +------------------------------------------------------------------------------------------+------------------------------------------------------------------------------+---------+-----+-------+-------+-----+

    * DSP: 
    +----------------------------------------+----------------------------------+--------------+
    |                Instance                |              Module              |  Expression  |
    +----------------------------------------+----------------------------------+--------------+
    |mac_mul_sub_18s_16ns_8ns_32_4_1_U1030   |mac_mul_sub_18s_16ns_8ns_32_4_1   |  i0 * i1 - i2|
    |mac_muladd_18s_9s_9s_25_4_1_U1028       |mac_muladd_18s_9s_9s_25_4_1       |  i0 * i1 + i1|
    |mac_muladd_23ns_10ns_32ns_32_4_1_U1029  |mac_muladd_23ns_10ns_32ns_32_4_1  |  i0 + i1 * i2|
    |mac_muladd_25s_16ns_32ns_32_4_1_U1031   |mac_muladd_25s_16ns_32ns_32_4_1   |  i0 * i1 + i2|
    +----------------------------------------+----------------------------------+--------------+

    * Memory: 
    +-----------------------------------------------------------------------------------------+----------------------------------------------------------------------------------+---------+----+----+-----+------+-----+------+-------------+
    |                                          Memory                                         |                                      Module                                      | BRAM_18K| FF | LUT| URAM| Words| Bits| Banks| W*Bits*Banks|
    +-----------------------------------------------------------------------------------------+----------------------------------------------------------------------------------+---------+----+----+-----+------+-----+------+-------------+
    |p_ZZ11conv_enginePK7ap_uintILi32EEPK6ap_intILi8EES6_PKS3_ILi32EEPS4_PS7_tttthhhih_205_U  |p_ZZ11conv_enginePK7ap_uintILi32EEPK6ap_intILi8EES6_PKS3_ILi32EEPS4_PS7_tttthbkb  |        0|  24|  27|    0|    72|   24|     1|         1728|
    |p_ZZ11conv_enginePK7ap_uintILi32EEPK6ap_intILi8EES6_PKS3_ILi32EEPS4_PS7_tttthhhih_206_U  |p_ZZ11conv_enginePK7ap_uintILi32EEPK6ap_intILi8EES6_PKS3_ILi32EEPS4_PS7_tttthbkb  |        0|  24|  27|    0|    72|   24|     1|         1728|
    |p_ZZ11conv_enginePK7ap_uintILi32EEPK6ap_intILi8EES6_PKS3_ILi32EEPS4_PS7_tttthhhih_213_U  |p_ZZ11conv_enginePK7ap_uintILi32EEPK6ap_intILi8EES6_PKS3_ILi32EEPS4_PS7_tttthbkb  |        0|  24|  27|    0|    72|   24|     1|         1728|
    |p_ZZ11conv_enginePK7ap_uintILi32EEPK6ap_intILi8EES6_PKS3_ILi32EEPS4_PS7_tttthhhih_214_U  |p_ZZ11conv_enginePK7ap_uintILi32EEPK6ap_intILi8EES6_PKS3_ILi32EEPS4_PS7_tttthbkb  |        0|  24|  27|    0|    72|   24|     1|         1728|
    |p_ZZ11conv_enginePK7ap_uintILi32EEPK6ap_intILi8EES6_PKS3_ILi32EEPS4_PS7_tttthhhih_215_U  |p_ZZ11conv_enginePK7ap_uintILi32EEPK6ap_intILi8EES6_PKS3_ILi32EEPS4_PS7_tttthbkb  |        0|  24|  27|    0|    72|   24|     1|         1728|
    |p_ZZ11conv_enginePK7ap_uintILi32EEPK6ap_intILi8EES6_PKS3_ILi32EEPS4_PS7_tttthhhih_216_U  |p_ZZ11conv_enginePK7ap_uintILi32EEPK6ap_intILi8EES6_PKS3_ILi32EEPS4_PS7_tttthbkb  |        0|  24|  27|    0|    72|   24|     1|         1728|
    |p_ZZ11conv_enginePK7ap_uintILi32EEPK6ap_intILi8EES6_PKS3_ILi32EEPS4_PS7_tttthhhih_217_U  |p_ZZ11conv_enginePK7ap_uintILi32EEPK6ap_intILi8EES6_PKS3_ILi32EEPS4_PS7_tttthbkb  |        0|  24|  27|    0|    72|   24|     1|         1728|
    |p_ZZ11conv_enginePK7ap_uintILi32EEPK6ap_intILi8EES6_PKS3_ILi32EEPS4_PS7_tttthhhih_218_U  |p_ZZ11conv_enginePK7ap_uintILi32EEPK6ap_intILi8EES6_PKS3_ILi32EEPS4_PS7_tttthbkb  |        0|  24|  27|    0|    72|   24|     1|         1728|
    |p_ZZ11conv_enginePK7ap_uintILi32EEPK6ap_intILi8EES6_PKS3_ILi32EEPS4_PS7_tttthhhih_219_U  |p_ZZ11conv_enginePK7ap_uintILi32EEPK6ap_intILi8EES6_PKS3_ILi32EEPS4_PS7_tttthbkb  |        0|  24|  27|    0|    72|   24|     1|         1728|
    |p_ZZ11conv_enginePK7ap_uintILi32EEPK6ap_intILi8EES6_PKS3_ILi32EEPS4_PS7_tttthhhih_220_U  |p_ZZ11conv_enginePK7ap_uintILi32EEPK6ap_intILi8EES6_PKS3_ILi32EEPS4_PS7_tttthbkb  |        0|  24|  27|    0|    72|   24|     1|         1728|
    |p_ZZ11conv_enginePK7ap_uintILi32EEPK6ap_intILi8EES6_PKS3_ILi32EEPS4_PS7_tttthhhih_207_U  |p_ZZ11conv_enginePK7ap_uintILi32EEPK6ap_intILi8EES6_PKS3_ILi32EEPS4_PS7_tttthbkb  |        0|  24|  27|    0|    72|   24|     1|         1728|
    |p_ZZ11conv_enginePK7ap_uintILi32EEPK6ap_intILi8EES6_PKS3_ILi32EEPS4_PS7_tttthhhih_208_U  |p_ZZ11conv_enginePK7ap_uintILi32EEPK6ap_intILi8EES6_PKS3_ILi32EEPS4_PS7_tttthbkb  |        0|  24|  27|    0|    72|   24|     1|         1728|
    |p_ZZ11conv_enginePK7ap_uintILi32EEPK6ap_intILi8EES6_PKS3_ILi32EEPS4_PS7_tttthhhih_209_U  |p_ZZ11conv_enginePK7ap_uintILi32EEPK6ap_intILi8EES6_PKS3_ILi32EEPS4_PS7_tttthbkb  |        0|  24|  27|    0|    72|   24|     1|         1728|
    |p_ZZ11conv_enginePK7ap_uintILi32EEPK6ap_intILi8EES6_PKS3_ILi32EEPS4_PS7_tttthhhih_210_U  |p_ZZ11conv_enginePK7ap_uintILi32EEPK6ap_intILi8EES6_PKS3_ILi32EEPS4_PS7_tttthbkb  |        0|  24|  27|    0|    72|   24|     1|         1728|
    |p_ZZ11conv_enginePK7ap_uintILi32EEPK6ap_intILi8EES6_PKS3_ILi32EEPS4_PS7_tttthhhih_211_U  |p_ZZ11conv_enginePK7ap_uintILi32EEPK6ap_intILi8EES6_PKS3_ILi32EEPS4_PS7_tttthbkb  |        0|  24|  27|    0|    72|   24|     1|         1728|
    |p_ZZ11conv_enginePK7ap_uintILi32EEPK6ap_intILi8EES6_PKS3_ILi32EEPS4_PS7_tttthhhih_212_U  |p_ZZ11conv_enginePK7ap_uintILi32EEPK6ap_intILi8EES6_PKS3_ILi32EEPS4_PS7_tttthbkb  |        0|  24|  27|    0|    72|   24|     1|         1728|
    |p_ZZ11conv_enginePK7ap_uintILi32EEPK6ap_intILi8EES6_PKS3_ILi32EEPS4_PS7_tttthhhih_253_U  |p_ZZ11conv_enginePK7ap_uintILi32EEPK6ap_intILi8EES6_PKS3_ILi32EEPS4_PS7_tttthbkb  |        0|  24|  27|    0|    72|   24|     1|         1728|
    |p_ZZ11conv_enginePK7ap_uintILi32EEPK6ap_intILi8EES6_PKS3_ILi32EEPS4_PS7_tttthhhih_254_U  |p_ZZ11conv_enginePK7ap_uintILi32EEPK6ap_intILi8EES6_PKS3_ILi32EEPS4_PS7_tttthbkb  |        0|  24|  27|    0|    72|   24|     1|         1728|
    |p_ZZ11conv_enginePK7ap_uintILi32EEPK6ap_intILi8EES6_PKS3_ILi32EEPS4_PS7_tttthhhih_261_U  |p_ZZ11conv_enginePK7ap_uintILi32EEPK6ap_intILi8EES6_PKS3_ILi32EEPS4_PS7_tttthbkb  |        0|  24|  27|    0|    72|   24|     1|         1728|
    |p_ZZ11conv_enginePK7ap_uintILi32EEPK6ap_intILi8EES6_PKS3_ILi32EEPS4_PS7_tttthhhih_262_U  |p_ZZ11conv_enginePK7ap_uintILi32EEPK6ap_intILi8EES6_PKS3_ILi32EEPS4_PS7_tttthbkb  |        0|  24|  27|    0|    72|   24|     1|         1728|
    |p_ZZ11conv_enginePK7ap_uintILi32EEPK6ap_intILi8EES6_PKS3_ILi32EEPS4_PS7_tttthhhih_263_U  |p_ZZ11conv_enginePK7ap_uintILi32EEPK6ap_intILi8EES6_PKS3_ILi32EEPS4_PS7_tttthbkb  |        0|  24|  27|    0|    72|   24|     1|         1728|
    |p_ZZ11conv_enginePK7ap_uintILi32EEPK6ap_intILi8EES6_PKS3_ILi32EEPS4_PS7_tttthhhih_264_U  |p_ZZ11conv_enginePK7ap_uintILi32EEPK6ap_intILi8EES6_PKS3_ILi32EEPS4_PS7_tttthbkb  |        0|  24|  27|    0|    72|   24|     1|         1728|
    |p_ZZ11conv_enginePK7ap_uintILi32EEPK6ap_intILi8EES6_PKS3_ILi32EEPS4_PS7_tttthhhih_265_U  |p_ZZ11conv_enginePK7ap_uintILi32EEPK6ap_intILi8EES6_PKS3_ILi32EEPS4_PS7_tttthbkb  |        0|  24|  27|    0|    72|   24|     1|         1728|
    |p_ZZ11conv_enginePK7ap_uintILi32EEPK6ap_intILi8EES6_PKS3_ILi32EEPS4_PS7_tttthhhih_266_U  |p_ZZ11conv_enginePK7ap_uintILi32EEPK6ap_intILi8EES6_PKS3_ILi32EEPS4_PS7_tttthbkb  |        0|  24|  27|    0|    72|   24|     1|         1728|
    |p_ZZ11conv_enginePK7ap_uintILi32EEPK6ap_intILi8EES6_PKS3_ILi32EEPS4_PS7_tttthhhih_267_U  |p_ZZ11conv_enginePK7ap_uintILi32EEPK6ap_intILi8EES6_PKS3_ILi32EEPS4_PS7_tttthbkb  |        0|  24|  27|    0|    72|   24|     1|         1728|
    |p_ZZ11conv_enginePK7ap_uintILi32EEPK6ap_intILi8EES6_PKS3_ILi32EEPS4_PS7_tttthhhih_268_U  |p_ZZ11conv_enginePK7ap_uintILi32EEPK6ap_intILi8EES6_PKS3_ILi32EEPS4_PS7_tttthbkb  |        0|  24|  27|    0|    72|   24|     1|         1728|
    |p_ZZ11conv_enginePK7ap_uintILi32EEPK6ap_intILi8EES6_PKS3_ILi32EEPS4_PS7_tttthhhih_255_U  |p_ZZ11conv_enginePK7ap_uintILi32EEPK6ap_intILi8EES6_PKS3_ILi32EEPS4_PS7_tttthbkb  |        0|  24|  27|    0|    72|   24|     1|         1728|
    |p_ZZ11conv_enginePK7ap_uintILi32EEPK6ap_intILi8EES6_PKS3_ILi32EEPS4_PS7_tttthhhih_256_U  |p_ZZ11conv_enginePK7ap_uintILi32EEPK6ap_intILi8EES6_PKS3_ILi32EEPS4_PS7_tttthbkb  |        0|  24|  27|    0|    72|   24|     1|         1728|
    |p_ZZ11conv_enginePK7ap_uintILi32EEPK6ap_intILi8EES6_PKS3_ILi32EEPS4_PS7_tttthhhih_257_U  |p_ZZ11conv_enginePK7ap_uintILi32EEPK6ap_intILi8EES6_PKS3_ILi32EEPS4_PS7_tttthbkb  |        0|  24|  27|    0|    72|   24|     1|         1728|
    |p_ZZ11conv_enginePK7ap_uintILi32EEPK6ap_intILi8EES6_PKS3_ILi32EEPS4_PS7_tttthhhih_258_U  |p_ZZ11conv_enginePK7ap_uintILi32EEPK6ap_intILi8EES6_PKS3_ILi32EEPS4_PS7_tttthbkb  |        0|  24|  27|    0|    72|   24|     1|         1728|
    |p_ZZ11conv_enginePK7ap_uintILi32EEPK6ap_intILi8EES6_PKS3_ILi32EEPS4_PS7_tttthhhih_259_U  |p_ZZ11conv_enginePK7ap_uintILi32EEPK6ap_intILi8EES6_PKS3_ILi32EEPS4_PS7_tttthbkb  |        0|  24|  27|    0|    72|   24|     1|         1728|
    |p_ZZ11conv_enginePK7ap_uintILi32EEPK6ap_intILi8EES6_PKS3_ILi32EEPS4_PS7_tttthhhih_260_U  |p_ZZ11conv_enginePK7ap_uintILi32EEPK6ap_intILi8EES6_PKS3_ILi32EEPS4_PS7_tttthbkb  |        0|  24|  27|    0|    72|   24|     1|         1728|
    |p_ZZ11conv_enginePK7ap_uintILi32EEPK6ap_intILi8EES6_PKS3_ILi32EEPS4_PS7_tttthhhih_269_U  |p_ZZ11conv_enginePK7ap_uintILi32EEPK6ap_intILi8EES6_PKS3_ILi32EEPS4_PS7_tttthbkb  |        0|  24|  27|    0|    72|   24|     1|         1728|
    |p_ZZ11conv_enginePK7ap_uintILi32EEPK6ap_intILi8EES6_PKS3_ILi32EEPS4_PS7_tttthhhih_270_U  |p_ZZ11conv_enginePK7ap_uintILi32EEPK6ap_intILi8EES6_PKS3_ILi32EEPS4_PS7_tttthbkb  |        0|  24|  27|    0|    72|   24|     1|         1728|
    |p_ZZ11conv_enginePK7ap_uintILi32EEPK6ap_intILi8EES6_PKS3_ILi32EEPS4_PS7_tttthhhih_277_U  |p_ZZ11conv_enginePK7ap_uintILi32EEPK6ap_intILi8EES6_PKS3_ILi32EEPS4_PS7_tttthbkb  |        0|  24|  27|    0|    72|   24|     1|         1728|
    |p_ZZ11conv_enginePK7ap_uintILi32EEPK6ap_intILi8EES6_PKS3_ILi32EEPS4_PS7_tttthhhih_278_U  |p_ZZ11conv_enginePK7ap_uintILi32EEPK6ap_intILi8EES6_PKS3_ILi32EEPS4_PS7_tttthbkb  |        0|  24|  27|    0|    72|   24|     1|         1728|
    |p_ZZ11conv_enginePK7ap_uintILi32EEPK6ap_intILi8EES6_PKS3_ILi32EEPS4_PS7_tttthhhih_279_U  |p_ZZ11conv_enginePK7ap_uintILi32EEPK6ap_intILi8EES6_PKS3_ILi32EEPS4_PS7_tttthbkb  |        0|  24|  27|    0|    72|   24|     1|         1728|
    |p_ZZ11conv_enginePK7ap_uintILi32EEPK6ap_intILi8EES6_PKS3_ILi32EEPS4_PS7_tttthhhih_280_U  |p_ZZ11conv_enginePK7ap_uintILi32EEPK6ap_intILi8EES6_PKS3_ILi32EEPS4_PS7_tttthbkb  |        0|  24|  27|    0|    72|   24|     1|         1728|
    |p_ZZ11conv_enginePK7ap_uintILi32EEPK6ap_intILi8EES6_PKS3_ILi32EEPS4_PS7_tttthhhih_281_U  |p_ZZ11conv_enginePK7ap_uintILi32EEPK6ap_intILi8EES6_PKS3_ILi32EEPS4_PS7_tttthbkb  |        0|  24|  27|    0|    72|   24|     1|         1728|
    |p_ZZ11conv_enginePK7ap_uintILi32EEPK6ap_intILi8EES6_PKS3_ILi32EEPS4_PS7_tttthhhih_282_U  |p_ZZ11conv_enginePK7ap_uintILi32EEPK6ap_intILi8EES6_PKS3_ILi32EEPS4_PS7_tttthbkb  |        0|  24|  27|    0|    72|   24|     1|         1728|
    |p_ZZ11conv_enginePK7ap_uintILi32EEPK6ap_intILi8EES6_PKS3_ILi32EEPS4_PS7_tttthhhih_283_U  |p_ZZ11conv_enginePK7ap_uintILi32EEPK6ap_intILi8EES6_PKS3_ILi32EEPS4_PS7_tttthbkb  |        0|  24|  27|    0|    72|   24|     1|         1728|
    |p_ZZ11conv_enginePK7ap_uintILi32EEPK6ap_intILi8EES6_PKS3_ILi32EEPS4_PS7_tttthhhih_284_U  |p_ZZ11conv_enginePK7ap_uintILi32EEPK6ap_intILi8EES6_PKS3_ILi32EEPS4_PS7_tttthbkb  |        0|  24|  27|    0|    72|   24|     1|         1728|
    |p_ZZ11conv_enginePK7ap_uintILi32EEPK6ap_intILi8EES6_PKS3_ILi32EEPS4_PS7_tttthhhih_271_U  |p_ZZ11conv_enginePK7ap_uintILi32EEPK6ap_intILi8EES6_PKS3_ILi32EEPS4_PS7_tttthbkb  |        0|  24|  27|    0|    72|   24|     1|         1728|
    |p_ZZ11conv_enginePK7ap_uintILi32EEPK6ap_intILi8EES6_PKS3_ILi32EEPS4_PS7_tttthhhih_272_U  |p_ZZ11conv_enginePK7ap_uintILi32EEPK6ap_intILi8EES6_PKS3_ILi32EEPS4_PS7_tttthbkb  |        0|  24|  27|    0|    72|   24|     1|         1728|
    |p_ZZ11conv_enginePK7ap_uintILi32EEPK6ap_intILi8EES6_PKS3_ILi32EEPS4_PS7_tttthhhih_273_U  |p_ZZ11conv_enginePK7ap_uintILi32EEPK6ap_intILi8EES6_PKS3_ILi32EEPS4_PS7_tttthbkb  |        0|  24|  27|    0|    72|   24|     1|         1728|
    |p_ZZ11conv_enginePK7ap_uintILi32EEPK6ap_intILi8EES6_PKS3_ILi32EEPS4_PS7_tttthhhih_274_U  |p_ZZ11conv_enginePK7ap_uintILi32EEPK6ap_intILi8EES6_PKS3_ILi32EEPS4_PS7_tttthbkb  |        0|  24|  27|    0|    72|   24|     1|         1728|
    |p_ZZ11conv_enginePK7ap_uintILi32EEPK6ap_intILi8EES6_PKS3_ILi32EEPS4_PS7_tttthhhih_275_U  |p_ZZ11conv_enginePK7ap_uintILi32EEPK6ap_intILi8EES6_PKS3_ILi32EEPS4_PS7_tttthbkb  |        0|  24|  27|    0|    72|   24|     1|         1728|
    |p_ZZ11conv_enginePK7ap_uintILi32EEPK6ap_intILi8EES6_PKS3_ILi32EEPS4_PS7_tttthhhih_276_U  |p_ZZ11conv_enginePK7ap_uintILi32EEPK6ap_intILi8EES6_PKS3_ILi32EEPS4_PS7_tttthbkb  |        0|  24|  27|    0|    72|   24|     1|         1728|
    |p_ZZ11conv_enginePK7ap_uintILi32EEPK6ap_intILi8EES6_PKS3_ILi32EEPS4_PS7_tttthhhih_285_U  |p_ZZ11conv_enginePK7ap_uintILi32EEPK6ap_intILi8EES6_PKS3_ILi32EEPS4_PS7_tttthbkb  |        0|  24|  27|    0|    72|   24|     1|         1728|
    |p_ZZ11conv_enginePK7ap_uintILi32EEPK6ap_intILi8EES6_PKS3_ILi32EEPS4_PS7_tttthhhih_286_U  |p_ZZ11conv_enginePK7ap_uintILi32EEPK6ap_intILi8EES6_PKS3_ILi32EEPS4_PS7_tttthbkb  |        0|  24|  27|    0|    72|   24|     1|         1728|
    |p_ZZ11conv_enginePK7ap_uintILi32EEPK6ap_intILi8EES6_PKS3_ILi32EEPS4_PS7_tttthhhih_293_U  |p_ZZ11conv_enginePK7ap_uintILi32EEPK6ap_intILi8EES6_PKS3_ILi32EEPS4_PS7_tttthbkb  |        0|  24|  27|    0|    72|   24|     1|         1728|
    |p_ZZ11conv_enginePK7ap_uintILi32EEPK6ap_intILi8EES6_PKS3_ILi32EEPS4_PS7_tttthhhih_294_U  |p_ZZ11conv_enginePK7ap_uintILi32EEPK6ap_intILi8EES6_PKS3_ILi32EEPS4_PS7_tttthbkb  |        0|  24|  27|    0|    72|   24|     1|         1728|
    |p_ZZ11conv_enginePK7ap_uintILi32EEPK6ap_intILi8EES6_PKS3_ILi32EEPS4_PS7_tttthhhih_295_U  |p_ZZ11conv_enginePK7ap_uintILi32EEPK6ap_intILi8EES6_PKS3_ILi32EEPS4_PS7_tttthbkb  |        0|  24|  27|    0|    72|   24|     1|         1728|
    |p_ZZ11conv_enginePK7ap_uintILi32EEPK6ap_intILi8EES6_PKS3_ILi32EEPS4_PS7_tttthhhih_296_U  |p_ZZ11conv_enginePK7ap_uintILi32EEPK6ap_intILi8EES6_PKS3_ILi32EEPS4_PS7_tttthbkb  |        0|  24|  27|    0|    72|   24|     1|         1728|
    |p_ZZ11conv_enginePK7ap_uintILi32EEPK6ap_intILi8EES6_PKS3_ILi32EEPS4_PS7_tttthhhih_297_U  |p_ZZ11conv_enginePK7ap_uintILi32EEPK6ap_intILi8EES6_PKS3_ILi32EEPS4_PS7_tttthbkb  |        0|  24|  27|    0|    72|   24|     1|         1728|
    |p_ZZ11conv_enginePK7ap_uintILi32EEPK6ap_intILi8EES6_PKS3_ILi32EEPS4_PS7_tttthhhih_298_U  |p_ZZ11conv_enginePK7ap_uintILi32EEPK6ap_intILi8EES6_PKS3_ILi32EEPS4_PS7_tttthbkb  |        0|  24|  27|    0|    72|   24|     1|         1728|
    |p_ZZ11conv_enginePK7ap_uintILi32EEPK6ap_intILi8EES6_PKS3_ILi32EEPS4_PS7_tttthhhih_299_U  |p_ZZ11conv_enginePK7ap_uintILi32EEPK6ap_intILi8EES6_PKS3_ILi32EEPS4_PS7_tttthbkb  |        0|  24|  27|    0|    72|   24|     1|         1728|
    |p_ZZ11conv_enginePK7ap_uintILi32EEPK6ap_intILi8EES6_PKS3_ILi32EEPS4_PS7_tttthhhih_300_U  |p_ZZ11conv_enginePK7ap_uintILi32EEPK6ap_intILi8EES6_PKS3_ILi32EEPS4_PS7_tttthbkb  |        0|  24|  27|    0|    72|   24|     1|         1728|
    |p_ZZ11conv_enginePK7ap_uintILi32EEPK6ap_intILi8EES6_PKS3_ILi32EEPS4_PS7_tttthhhih_287_U  |p_ZZ11conv_enginePK7ap_uintILi32EEPK6ap_intILi8EES6_PKS3_ILi32EEPS4_PS7_tttthbkb  |        0|  24|  27|    0|    72|   24|     1|         1728|
    |p_ZZ11conv_enginePK7ap_uintILi32EEPK6ap_intILi8EES6_PKS3_ILi32EEPS4_PS7_tttthhhih_288_U  |p_ZZ11conv_enginePK7ap_uintILi32EEPK6ap_intILi8EES6_PKS3_ILi32EEPS4_PS7_tttthbkb  |        0|  24|  27|    0|    72|   24|     1|         1728|
    |p_ZZ11conv_enginePK7ap_uintILi32EEPK6ap_intILi8EES6_PKS3_ILi32EEPS4_PS7_tttthhhih_289_U  |p_ZZ11conv_enginePK7ap_uintILi32EEPK6ap_intILi8EES6_PKS3_ILi32EEPS4_PS7_tttthbkb  |        0|  24|  27|    0|    72|   24|     1|         1728|
    |p_ZZ11conv_enginePK7ap_uintILi32EEPK6ap_intILi8EES6_PKS3_ILi32EEPS4_PS7_tttthhhih_290_U  |p_ZZ11conv_enginePK7ap_uintILi32EEPK6ap_intILi8EES6_PKS3_ILi32EEPS4_PS7_tttthbkb  |        0|  24|  27|    0|    72|   24|     1|         1728|
    |p_ZZ11conv_enginePK7ap_uintILi32EEPK6ap_intILi8EES6_PKS3_ILi32EEPS4_PS7_tttthhhih_291_U  |p_ZZ11conv_enginePK7ap_uintILi32EEPK6ap_intILi8EES6_PKS3_ILi32EEPS4_PS7_tttthbkb  |        0|  24|  27|    0|    72|   24|     1|         1728|
    |p_ZZ11conv_enginePK7ap_uintILi32EEPK6ap_intILi8EES6_PKS3_ILi32EEPS4_PS7_tttthhhih_292_U  |p_ZZ11conv_enginePK7ap_uintILi32EEPK6ap_intILi8EES6_PKS3_ILi32EEPS4_PS7_tttthbkb  |        0|  24|  27|    0|    72|   24|     1|         1728|
    |p_ZZ11conv_enginePK7ap_uintILi32EEPK6ap_intILi8EES6_PKS3_ILi32EEPS4_PS7_tttthhhih_301_U  |p_ZZ11conv_enginePK7ap_uintILi32EEPK6ap_intILi8EES6_PKS3_ILi32EEPS4_PS7_tttthbkb  |        0|  24|  27|    0|    72|   24|     1|         1728|
    |p_ZZ11conv_enginePK7ap_uintILi32EEPK6ap_intILi8EES6_PKS3_ILi32EEPS4_PS7_tttthhhih_302_U  |p_ZZ11conv_enginePK7ap_uintILi32EEPK6ap_intILi8EES6_PKS3_ILi32EEPS4_PS7_tttthbkb  |        0|  24|  27|    0|    72|   24|     1|         1728|
    |p_ZZ11conv_enginePK7ap_uintILi32EEPK6ap_intILi8EES6_PKS3_ILi32EEPS4_PS7_tttthhhih_309_U  |p_ZZ11conv_enginePK7ap_uintILi32EEPK6ap_intILi8EES6_PKS3_ILi32EEPS4_PS7_tttthbkb  |        0|  24|  27|    0|    72|   24|     1|         1728|
    |p_ZZ11conv_enginePK7ap_uintILi32EEPK6ap_intILi8EES6_PKS3_ILi32EEPS4_PS7_tttthhhih_310_U  |p_ZZ11conv_enginePK7ap_uintILi32EEPK6ap_intILi8EES6_PKS3_ILi32EEPS4_PS7_tttthbkb  |        0|  24|  27|    0|    72|   24|     1|         1728|
    |p_ZZ11conv_enginePK7ap_uintILi32EEPK6ap_intILi8EES6_PKS3_ILi32EEPS4_PS7_tttthhhih_99_U   |p_ZZ11conv_enginePK7ap_uintILi32EEPK6ap_intILi8EES6_PKS3_ILi32EEPS4_PS7_tttthbkb  |        0|  24|  27|    0|    72|   24|     1|         1728|
    |p_ZZ11conv_enginePK7ap_uintILi32EEPK6ap_intILi8EES6_PKS3_ILi32EEPS4_PS7_tttthhhih_98_U   |p_ZZ11conv_enginePK7ap_uintILi32EEPK6ap_intILi8EES6_PKS3_ILi32EEPS4_PS7_tttthbkb  |        0|  24|  27|    0|    72|   24|     1|         1728|
    |p_ZZ11conv_enginePK7ap_uintILi32EEPK6ap_intILi8EES6_PKS3_ILi32EEPS4_PS7_tttthhhih_97_U   |p_ZZ11conv_enginePK7ap_uintILi32EEPK6ap_intILi8EES6_PKS3_ILi32EEPS4_PS7_tttthbkb  |        0|  24|  27|    0|    72|   24|     1|         1728|
    |p_ZZ11conv_enginePK7ap_uintILi32EEPK6ap_intILi8EES6_PKS3_ILi32EEPS4_PS7_tttthhhih_96_U   |p_ZZ11conv_enginePK7ap_uintILi32EEPK6ap_intILi8EES6_PKS3_ILi32EEPS4_PS7_tttthbkb  |        0|  24|  27|    0|    72|   24|     1|         1728|
    |p_ZZ11conv_enginePK7ap_uintILi32EEPK6ap_intILi8EES6_PKS3_ILi32EEPS4_PS7_tttthhhih_95_U   |p_ZZ11conv_enginePK7ap_uintILi32EEPK6ap_intILi8EES6_PKS3_ILi32EEPS4_PS7_tttthbkb  |        0|  24|  27|    0|    72|   24|     1|         1728|
    |p_ZZ11conv_enginePK7ap_uintILi32EEPK6ap_intILi8EES6_PKS3_ILi32EEPS4_PS7_tttthhhih_94_U   |p_ZZ11conv_enginePK7ap_uintILi32EEPK6ap_intILi8EES6_PKS3_ILi32EEPS4_PS7_tttthbkb  |        0|  24|  27|    0|    72|   24|     1|         1728|
    |p_ZZ11conv_enginePK7ap_uintILi32EEPK6ap_intILi8EES6_PKS3_ILi32EEPS4_PS7_tttthhhih_303_U  |p_ZZ11conv_enginePK7ap_uintILi32EEPK6ap_intILi8EES6_PKS3_ILi32EEPS4_PS7_tttthbkb  |        0|  24|  27|    0|    72|   24|     1|         1728|
    |p_ZZ11conv_enginePK7ap_uintILi32EEPK6ap_intILi8EES6_PKS3_ILi32EEPS4_PS7_tttthhhih_304_U  |p_ZZ11conv_enginePK7ap_uintILi32EEPK6ap_intILi8EES6_PKS3_ILi32EEPS4_PS7_tttthbkb  |        0|  24|  27|    0|    72|   24|     1|         1728|
    |p_ZZ11conv_enginePK7ap_uintILi32EEPK6ap_intILi8EES6_PKS3_ILi32EEPS4_PS7_tttthhhih_305_U  |p_ZZ11conv_enginePK7ap_uintILi32EEPK6ap_intILi8EES6_PKS3_ILi32EEPS4_PS7_tttthbkb  |        0|  24|  27|    0|    72|   24|     1|         1728|
    |p_ZZ11conv_enginePK7ap_uintILi32EEPK6ap_intILi8EES6_PKS3_ILi32EEPS4_PS7_tttthhhih_306_U  |p_ZZ11conv_enginePK7ap_uintILi32EEPK6ap_intILi8EES6_PKS3_ILi32EEPS4_PS7_tttthbkb  |        0|  24|  27|    0|    72|   24|     1|         1728|
    |p_ZZ11conv_enginePK7ap_uintILi32EEPK6ap_intILi8EES6_PKS3_ILi32EEPS4_PS7_tttthhhih_307_U  |p_ZZ11conv_enginePK7ap_uintILi32EEPK6ap_intILi8EES6_PKS3_ILi32EEPS4_PS7_tttthbkb  |        0|  24|  27|    0|    72|   24|     1|         1728|
    |p_ZZ11conv_enginePK7ap_uintILi32EEPK6ap_intILi8EES6_PKS3_ILi32EEPS4_PS7_tttthhhih_308_U  |p_ZZ11conv_enginePK7ap_uintILi32EEPK6ap_intILi8EES6_PKS3_ILi32EEPS4_PS7_tttthbkb  |        0|  24|  27|    0|    72|   24|     1|         1728|
    |p_ZZ11conv_enginePK7ap_uintILi32EEPK6ap_intILi8EES6_PKS3_ILi32EEPS4_PS7_tttthhhih_93_U   |p_ZZ11conv_enginePK7ap_uintILi32EEPK6ap_intILi8EES6_PKS3_ILi32EEPS4_PS7_tttthbkb  |        0|  24|  27|    0|    72|   24|     1|         1728|
    |p_ZZ11conv_enginePK7ap_uintILi32EEPK6ap_intILi8EES6_PKS3_ILi32EEPS4_PS7_tttthhhih_92_U   |p_ZZ11conv_enginePK7ap_uintILi32EEPK6ap_intILi8EES6_PKS3_ILi32EEPS4_PS7_tttthbkb  |        0|  24|  27|    0|    72|   24|     1|         1728|
    |p_ZZ11conv_enginePK7ap_uintILi32EEPK6ap_intILi8EES6_PKS3_ILi32EEPS4_PS7_tttthhhih_85_U   |p_ZZ11conv_enginePK7ap_uintILi32EEPK6ap_intILi8EES6_PKS3_ILi32EEPS4_PS7_tttthbkb  |        0|  24|  27|    0|    72|   24|     1|         1728|
    |p_ZZ11conv_enginePK7ap_uintILi32EEPK6ap_intILi8EES6_PKS3_ILi32EEPS4_PS7_tttthhhih_84_U   |p_ZZ11conv_enginePK7ap_uintILi32EEPK6ap_intILi8EES6_PKS3_ILi32EEPS4_PS7_tttthbkb  |        0|  24|  27|    0|    72|   24|     1|         1728|
    |p_ZZ11conv_enginePK7ap_uintILi32EEPK6ap_intILi8EES6_PKS3_ILi32EEPS4_PS7_tttthhhih_83_U   |p_ZZ11conv_enginePK7ap_uintILi32EEPK6ap_intILi8EES6_PKS3_ILi32EEPS4_PS7_tttthbkb  |        0|  24|  27|    0|    72|   24|     1|         1728|
    |p_ZZ11conv_enginePK7ap_uintILi32EEPK6ap_intILi8EES6_PKS3_ILi32EEPS4_PS7_tttthhhih_82_U   |p_ZZ11conv_enginePK7ap_uintILi32EEPK6ap_intILi8EES6_PKS3_ILi32EEPS4_PS7_tttthbkb  |        0|  24|  27|    0|    72|   24|     1|         1728|
    |p_ZZ11conv_enginePK7ap_uintILi32EEPK6ap_intILi8EES6_PKS3_ILi32EEPS4_PS7_tttthhhih_81_U   |p_ZZ11conv_enginePK7ap_uintILi32EEPK6ap_intILi8EES6_PKS3_ILi32EEPS4_PS7_tttthbkb  |        0|  24|  27|    0|    72|   24|     1|         1728|
    |p_ZZ11conv_enginePK7ap_uintILi32EEPK6ap_intILi8EES6_PKS3_ILi32EEPS4_PS7_tttthhhih_80_U   |p_ZZ11conv_enginePK7ap_uintILi32EEPK6ap_intILi8EES6_PKS3_ILi32EEPS4_PS7_tttthbkb  |        0|  24|  27|    0|    72|   24|     1|         1728|
    |p_ZZ11conv_enginePK7ap_uintILi32EEPK6ap_intILi8EES6_PKS3_ILi32EEPS4_PS7_tttthhhih_79_U   |p_ZZ11conv_enginePK7ap_uintILi32EEPK6ap_intILi8EES6_PKS3_ILi32EEPS4_PS7_tttthbkb  |        0|  24|  27|    0|    72|   24|     1|         1728|
    |p_ZZ11conv_enginePK7ap_uintILi32EEPK6ap_intILi8EES6_PKS3_ILi32EEPS4_PS7_tttthhhih_78_U   |p_ZZ11conv_enginePK7ap_uintILi32EEPK6ap_intILi8EES6_PKS3_ILi32EEPS4_PS7_tttthbkb  |        0|  24|  27|    0|    72|   24|     1|         1728|
    |p_ZZ11conv_enginePK7ap_uintILi32EEPK6ap_intILi8EES6_PKS3_ILi32EEPS4_PS7_tttthhhih_91_U   |p_ZZ11conv_enginePK7ap_uintILi32EEPK6ap_intILi8EES6_PKS3_ILi32EEPS4_PS7_tttthbkb  |        0|  24|  27|    0|    72|   24|     1|         1728|
    |p_ZZ11conv_enginePK7ap_uintILi32EEPK6ap_intILi8EES6_PKS3_ILi32EEPS4_PS7_tttthhhih_90_U   |p_ZZ11conv_enginePK7ap_uintILi32EEPK6ap_intILi8EES6_PKS3_ILi32EEPS4_PS7_tttthbkb  |        0|  24|  27|    0|    72|   24|     1|         1728|
    |p_ZZ11conv_enginePK7ap_uintILi32EEPK6ap_intILi8EES6_PKS3_ILi32EEPS4_PS7_tttthhhih_89_U   |p_ZZ11conv_enginePK7ap_uintILi32EEPK6ap_intILi8EES6_PKS3_ILi32EEPS4_PS7_tttthbkb  |        0|  24|  27|    0|    72|   24|     1|         1728|
    |p_ZZ11conv_enginePK7ap_uintILi32EEPK6ap_intILi8EES6_PKS3_ILi32EEPS4_PS7_tttthhhih_88_U   |p_ZZ11conv_enginePK7ap_uintILi32EEPK6ap_intILi8EES6_PKS3_ILi32EEPS4_PS7_tttthbkb  |        0|  24|  27|    0|    72|   24|     1|         1728|
    |p_ZZ11conv_enginePK7ap_uintILi32EEPK6ap_intILi8EES6_PKS3_ILi32EEPS4_PS7_tttthhhih_87_U   |p_ZZ11conv_enginePK7ap_uintILi32EEPK6ap_intILi8EES6_PKS3_ILi32EEPS4_PS7_tttthbkb  |        0|  24|  27|    0|    72|   24|     1|         1728|
    |p_ZZ11conv_enginePK7ap_uintILi32EEPK6ap_intILi8EES6_PKS3_ILi32EEPS4_PS7_tttthhhih_86_U   |p_ZZ11conv_enginePK7ap_uintILi32EEPK6ap_intILi8EES6_PKS3_ILi32EEPS4_PS7_tttthbkb  |        0|  24|  27|    0|    72|   24|     1|         1728|
    |p_ZZ11conv_enginePK7ap_uintILi32EEPK6ap_intILi8EES6_PKS3_ILi32EEPS4_PS7_tttthhhih_77_U   |p_ZZ11conv_enginePK7ap_uintILi32EEPK6ap_intILi8EES6_PKS3_ILi32EEPS4_PS7_tttthbkb  |        0|  24|  27|    0|    72|   24|     1|         1728|
    |p_ZZ11conv_enginePK7ap_uintILi32EEPK6ap_intILi8EES6_PKS3_ILi32EEPS4_PS7_tttthhhih_76_U   |p_ZZ11conv_enginePK7ap_uintILi32EEPK6ap_intILi8EES6_PKS3_ILi32EEPS4_PS7_tttthbkb  |        0|  24|  27|    0|    72|   24|     1|         1728|
    |p_ZZ11conv_enginePK7ap_uintILi32EEPK6ap_intILi8EES6_PKS3_ILi32EEPS4_PS7_tttthhhih_69_U   |p_ZZ11conv_enginePK7ap_uintILi32EEPK6ap_intILi8EES6_PKS3_ILi32EEPS4_PS7_tttthbkb  |        0|  24|  27|    0|    72|   24|     1|         1728|
    |p_ZZ11conv_enginePK7ap_uintILi32EEPK6ap_intILi8EES6_PKS3_ILi32EEPS4_PS7_tttthhhih_68_U   |p_ZZ11conv_enginePK7ap_uintILi32EEPK6ap_intILi8EES6_PKS3_ILi32EEPS4_PS7_tttthbkb  |        0|  24|  27|    0|    72|   24|     1|         1728|
    |p_ZZ11conv_enginePK7ap_uintILi32EEPK6ap_intILi8EES6_PKS3_ILi32EEPS4_PS7_tttthhhih_67_U   |p_ZZ11conv_enginePK7ap_uintILi32EEPK6ap_intILi8EES6_PKS3_ILi32EEPS4_PS7_tttthbkb  |        0|  24|  27|    0|    72|   24|     1|         1728|
    |p_ZZ11conv_enginePK7ap_uintILi32EEPK6ap_intILi8EES6_PKS3_ILi32EEPS4_PS7_tttthhhih_66_U   |p_ZZ11conv_enginePK7ap_uintILi32EEPK6ap_intILi8EES6_PKS3_ILi32EEPS4_PS7_tttthbkb  |        0|  24|  27|    0|    72|   24|     1|         1728|
    |p_ZZ11conv_enginePK7ap_uintILi32EEPK6ap_intILi8EES6_PKS3_ILi32EEPS4_PS7_tttthhhih_65_U   |p_ZZ11conv_enginePK7ap_uintILi32EEPK6ap_intILi8EES6_PKS3_ILi32EEPS4_PS7_tttthbkb  |        0|  24|  27|    0|    72|   24|     1|         1728|
    |p_ZZ11conv_enginePK7ap_uintILi32EEPK6ap_intILi8EES6_PKS3_ILi32EEPS4_PS7_tttthhhih_64_U   |p_ZZ11conv_enginePK7ap_uintILi32EEPK6ap_intILi8EES6_PKS3_ILi32EEPS4_PS7_tttthbkb  |        0|  24|  27|    0|    72|   24|     1|         1728|
    |p_ZZ11conv_enginePK7ap_uintILi32EEPK6ap_intILi8EES6_PKS3_ILi32EEPS4_PS7_tttthhhih_63_U   |p_ZZ11conv_enginePK7ap_uintILi32EEPK6ap_intILi8EES6_PKS3_ILi32EEPS4_PS7_tttthbkb  |        0|  24|  27|    0|    72|   24|     1|         1728|
    |p_ZZ11conv_enginePK7ap_uintILi32EEPK6ap_intILi8EES6_PKS3_ILi32EEPS4_PS7_tttthhhih_62_U   |p_ZZ11conv_enginePK7ap_uintILi32EEPK6ap_intILi8EES6_PKS3_ILi32EEPS4_PS7_tttthbkb  |        0|  24|  27|    0|    72|   24|     1|         1728|
    |p_ZZ11conv_enginePK7ap_uintILi32EEPK6ap_intILi8EES6_PKS3_ILi32EEPS4_PS7_tttthhhih_75_U   |p_ZZ11conv_enginePK7ap_uintILi32EEPK6ap_intILi8EES6_PKS3_ILi32EEPS4_PS7_tttthbkb  |        0|  24|  27|    0|    72|   24|     1|         1728|
    |p_ZZ11conv_enginePK7ap_uintILi32EEPK6ap_intILi8EES6_PKS3_ILi32EEPS4_PS7_tttthhhih_74_U   |p_ZZ11conv_enginePK7ap_uintILi32EEPK6ap_intILi8EES6_PKS3_ILi32EEPS4_PS7_tttthbkb  |        0|  24|  27|    0|    72|   24|     1|         1728|
    |p_ZZ11conv_enginePK7ap_uintILi32EEPK6ap_intILi8EES6_PKS3_ILi32EEPS4_PS7_tttthhhih_73_U   |p_ZZ11conv_enginePK7ap_uintILi32EEPK6ap_intILi8EES6_PKS3_ILi32EEPS4_PS7_tttthbkb  |        0|  24|  27|    0|    72|   24|     1|         1728|
    |p_ZZ11conv_enginePK7ap_uintILi32EEPK6ap_intILi8EES6_PKS3_ILi32EEPS4_PS7_tttthhhih_72_U   |p_ZZ11conv_enginePK7ap_uintILi32EEPK6ap_intILi8EES6_PKS3_ILi32EEPS4_PS7_tttthbkb  |        0|  24|  27|    0|    72|   24|     1|         1728|
    |p_ZZ11conv_enginePK7ap_uintILi32EEPK6ap_intILi8EES6_PKS3_ILi32EEPS4_PS7_tttthhhih_71_U   |p_ZZ11conv_enginePK7ap_uintILi32EEPK6ap_intILi8EES6_PKS3_ILi32EEPS4_PS7_tttthbkb  |        0|  24|  27|    0|    72|   24|     1|         1728|
    |p_ZZ11conv_enginePK7ap_uintILi32EEPK6ap_intILi8EES6_PKS3_ILi32EEPS4_PS7_tttthhhih_70_U   |p_ZZ11conv_enginePK7ap_uintILi32EEPK6ap_intILi8EES6_PKS3_ILi32EEPS4_PS7_tttthbkb  |        0|  24|  27|    0|    72|   24|     1|         1728|
    |p_ZZ11conv_enginePK7ap_uintILi32EEPK6ap_intILi8EES6_PKS3_ILi32EEPS4_PS7_tttthhhih_61_U   |p_ZZ11conv_enginePK7ap_uintILi32EEPK6ap_intILi8EES6_PKS3_ILi32EEPS4_PS7_tttthbkb  |        0|  24|  27|    0|    72|   24|     1|         1728|
    |p_ZZ11conv_enginePK7ap_uintILi32EEPK6ap_intILi8EES6_PKS3_ILi32EEPS4_PS7_tttthhhih_60_U   |p_ZZ11conv_enginePK7ap_uintILi32EEPK6ap_intILi8EES6_PKS3_ILi32EEPS4_PS7_tttthbkb  |        0|  24|  27|    0|    72|   24|     1|         1728|
    |p_ZZ11conv_enginePK7ap_uintILi32EEPK6ap_intILi8EES6_PKS3_ILi32EEPS4_PS7_tttthhhih_53_U   |p_ZZ11conv_enginePK7ap_uintILi32EEPK6ap_intILi8EES6_PKS3_ILi32EEPS4_PS7_tttthbkb  |        0|  24|  27|    0|    72|   24|     1|         1728|
    |p_ZZ11conv_enginePK7ap_uintILi32EEPK6ap_intILi8EES6_PKS3_ILi32EEPS4_PS7_tttthhhih_52_U   |p_ZZ11conv_enginePK7ap_uintILi32EEPK6ap_intILi8EES6_PKS3_ILi32EEPS4_PS7_tttthbkb  |        0|  24|  27|    0|    72|   24|     1|         1728|
    |p_ZZ11conv_enginePK7ap_uintILi32EEPK6ap_intILi8EES6_PKS3_ILi32EEPS4_PS7_tttthhhih_51_U   |p_ZZ11conv_enginePK7ap_uintILi32EEPK6ap_intILi8EES6_PKS3_ILi32EEPS4_PS7_tttthbkb  |        0|  24|  27|    0|    72|   24|     1|         1728|
    |p_ZZ11conv_enginePK7ap_uintILi32EEPK6ap_intILi8EES6_PKS3_ILi32EEPS4_PS7_tttthhhih_50_U   |p_ZZ11conv_enginePK7ap_uintILi32EEPK6ap_intILi8EES6_PKS3_ILi32EEPS4_PS7_tttthbkb  |        0|  24|  27|    0|    72|   24|     1|         1728|
    |p_ZZ11conv_enginePK7ap_uintILi32EEPK6ap_intILi8EES6_PKS3_ILi32EEPS4_PS7_tttthhhih_49_U   |p_ZZ11conv_enginePK7ap_uintILi32EEPK6ap_intILi8EES6_PKS3_ILi32EEPS4_PS7_tttthbkb  |        0|  24|  27|    0|    72|   24|     1|         1728|
    |p_ZZ11conv_enginePK7ap_uintILi32EEPK6ap_intILi8EES6_PKS3_ILi32EEPS4_PS7_tttthhhih_48_U   |p_ZZ11conv_enginePK7ap_uintILi32EEPK6ap_intILi8EES6_PKS3_ILi32EEPS4_PS7_tttthbkb  |        0|  24|  27|    0|    72|   24|     1|         1728|
    |p_ZZ11conv_enginePK7ap_uintILi32EEPK6ap_intILi8EES6_PKS3_ILi32EEPS4_PS7_tttthhhih_47_U   |p_ZZ11conv_enginePK7ap_uintILi32EEPK6ap_intILi8EES6_PKS3_ILi32EEPS4_PS7_tttthbkb  |        0|  24|  27|    0|    72|   24|     1|         1728|
    |p_ZZ11conv_enginePK7ap_uintILi32EEPK6ap_intILi8EES6_PKS3_ILi32EEPS4_PS7_tttthhhih_46_U   |p_ZZ11conv_enginePK7ap_uintILi32EEPK6ap_intILi8EES6_PKS3_ILi32EEPS4_PS7_tttthbkb  |        0|  24|  27|    0|    72|   24|     1|         1728|
    |p_ZZ11conv_enginePK7ap_uintILi32EEPK6ap_intILi8EES6_PKS3_ILi32EEPS4_PS7_tttthhhih_59_U   |p_ZZ11conv_enginePK7ap_uintILi32EEPK6ap_intILi8EES6_PKS3_ILi32EEPS4_PS7_tttthbkb  |        0|  24|  27|    0|    72|   24|     1|         1728|
    |p_ZZ11conv_enginePK7ap_uintILi32EEPK6ap_intILi8EES6_PKS3_ILi32EEPS4_PS7_tttthhhih_58_U   |p_ZZ11conv_enginePK7ap_uintILi32EEPK6ap_intILi8EES6_PKS3_ILi32EEPS4_PS7_tttthbkb  |        0|  24|  27|    0|    72|   24|     1|         1728|
    |p_ZZ11conv_enginePK7ap_uintILi32EEPK6ap_intILi8EES6_PKS3_ILi32EEPS4_PS7_tttthhhih_57_U   |p_ZZ11conv_enginePK7ap_uintILi32EEPK6ap_intILi8EES6_PKS3_ILi32EEPS4_PS7_tttthbkb  |        0|  24|  27|    0|    72|   24|     1|         1728|
    |p_ZZ11conv_enginePK7ap_uintILi32EEPK6ap_intILi8EES6_PKS3_ILi32EEPS4_PS7_tttthhhih_56_U   |p_ZZ11conv_enginePK7ap_uintILi32EEPK6ap_intILi8EES6_PKS3_ILi32EEPS4_PS7_tttthbkb  |        0|  24|  27|    0|    72|   24|     1|         1728|
    |p_ZZ11conv_enginePK7ap_uintILi32EEPK6ap_intILi8EES6_PKS3_ILi32EEPS4_PS7_tttthhhih_55_U   |p_ZZ11conv_enginePK7ap_uintILi32EEPK6ap_intILi8EES6_PKS3_ILi32EEPS4_PS7_tttthbkb  |        0|  24|  27|    0|    72|   24|     1|         1728|
    |p_ZZ11conv_enginePK7ap_uintILi32EEPK6ap_intILi8EES6_PKS3_ILi32EEPS4_PS7_tttthhhih_54_U   |p_ZZ11conv_enginePK7ap_uintILi32EEPK6ap_intILi8EES6_PKS3_ILi32EEPS4_PS7_tttthbkb  |        0|  24|  27|    0|    72|   24|     1|         1728|
    |p_ZZ11conv_enginePK7ap_uintILi32EEPK6ap_intILi8EES6_PKS3_ILi32EEPS4_PS7_tttthhhih_45_U   |p_ZZ11conv_enginePK7ap_uintILi32EEPK6ap_intILi8EES6_PKS3_ILi32EEPS4_PS7_tttthbkb  |        0|  24|  27|    0|    72|   24|     1|         1728|
    |p_ZZ11conv_enginePK7ap_uintILi32EEPK6ap_intILi8EES6_PKS3_ILi32EEPS4_PS7_tttthhhih_44_U   |p_ZZ11conv_enginePK7ap_uintILi32EEPK6ap_intILi8EES6_PKS3_ILi32EEPS4_PS7_tttthbkb  |        0|  24|  27|    0|    72|   24|     1|         1728|
    |p_ZZ11conv_enginePK7ap_uintILi32EEPK6ap_intILi8EES6_PKS3_ILi32EEPS4_PS7_tttthhhih_37_U   |p_ZZ11conv_enginePK7ap_uintILi32EEPK6ap_intILi8EES6_PKS3_ILi32EEPS4_PS7_tttthbkb  |        0|  24|  27|    0|    72|   24|     1|         1728|
    |p_ZZ11conv_enginePK7ap_uintILi32EEPK6ap_intILi8EES6_PKS3_ILi32EEPS4_PS7_tttthhhih_36_U   |p_ZZ11conv_enginePK7ap_uintILi32EEPK6ap_intILi8EES6_PKS3_ILi32EEPS4_PS7_tttthbkb  |        0|  24|  27|    0|    72|   24|     1|         1728|
    |p_ZZ11conv_enginePK7ap_uintILi32EEPK6ap_intILi8EES6_PKS3_ILi32EEPS4_PS7_tttthhhih_35_U   |p_ZZ11conv_enginePK7ap_uintILi32EEPK6ap_intILi8EES6_PKS3_ILi32EEPS4_PS7_tttthbkb  |        0|  24|  27|    0|    72|   24|     1|         1728|
    |p_ZZ11conv_enginePK7ap_uintILi32EEPK6ap_intILi8EES6_PKS3_ILi32EEPS4_PS7_tttthhhih_34_U   |p_ZZ11conv_enginePK7ap_uintILi32EEPK6ap_intILi8EES6_PKS3_ILi32EEPS4_PS7_tttthbkb  |        0|  24|  27|    0|    72|   24|     1|         1728|
    |p_ZZ11conv_enginePK7ap_uintILi32EEPK6ap_intILi8EES6_PKS3_ILi32EEPS4_PS7_tttthhhih_33_U   |p_ZZ11conv_enginePK7ap_uintILi32EEPK6ap_intILi8EES6_PKS3_ILi32EEPS4_PS7_tttthbkb  |        0|  24|  27|    0|    72|   24|     1|         1728|
    |p_ZZ11conv_enginePK7ap_uintILi32EEPK6ap_intILi8EES6_PKS3_ILi32EEPS4_PS7_tttthhhih_32_U   |p_ZZ11conv_enginePK7ap_uintILi32EEPK6ap_intILi8EES6_PKS3_ILi32EEPS4_PS7_tttthbkb  |        0|  24|  27|    0|    72|   24|     1|         1728|
    |p_ZZ11conv_enginePK7ap_uintILi32EEPK6ap_intILi8EES6_PKS3_ILi32EEPS4_PS7_tttthhhih_31_U   |p_ZZ11conv_enginePK7ap_uintILi32EEPK6ap_intILi8EES6_PKS3_ILi32EEPS4_PS7_tttthbkb  |        0|  24|  27|    0|    72|   24|     1|         1728|
    |p_ZZ11conv_enginePK7ap_uintILi32EEPK6ap_intILi8EES6_PKS3_ILi32EEPS4_PS7_tttthhhih_30_U   |p_ZZ11conv_enginePK7ap_uintILi32EEPK6ap_intILi8EES6_PKS3_ILi32EEPS4_PS7_tttthbkb  |        0|  24|  27|    0|    72|   24|     1|         1728|
    |p_ZZ11conv_enginePK7ap_uintILi32EEPK6ap_intILi8EES6_PKS3_ILi32EEPS4_PS7_tttthhhih_43_U   |p_ZZ11conv_enginePK7ap_uintILi32EEPK6ap_intILi8EES6_PKS3_ILi32EEPS4_PS7_tttthbkb  |        0|  24|  27|    0|    72|   24|     1|         1728|
    |p_ZZ11conv_enginePK7ap_uintILi32EEPK6ap_intILi8EES6_PKS3_ILi32EEPS4_PS7_tttthhhih_42_U   |p_ZZ11conv_enginePK7ap_uintILi32EEPK6ap_intILi8EES6_PKS3_ILi32EEPS4_PS7_tttthbkb  |        0|  24|  27|    0|    72|   24|     1|         1728|
    |p_ZZ11conv_enginePK7ap_uintILi32EEPK6ap_intILi8EES6_PKS3_ILi32EEPS4_PS7_tttthhhih_41_U   |p_ZZ11conv_enginePK7ap_uintILi32EEPK6ap_intILi8EES6_PKS3_ILi32EEPS4_PS7_tttthbkb  |        0|  24|  27|    0|    72|   24|     1|         1728|
    |p_ZZ11conv_enginePK7ap_uintILi32EEPK6ap_intILi8EES6_PKS3_ILi32EEPS4_PS7_tttthhhih_40_U   |p_ZZ11conv_enginePK7ap_uintILi32EEPK6ap_intILi8EES6_PKS3_ILi32EEPS4_PS7_tttthbkb  |        0|  24|  27|    0|    72|   24|     1|         1728|
    |p_ZZ11conv_enginePK7ap_uintILi32EEPK6ap_intILi8EES6_PKS3_ILi32EEPS4_PS7_tttthhhih_39_U   |p_ZZ11conv_enginePK7ap_uintILi32EEPK6ap_intILi8EES6_PKS3_ILi32EEPS4_PS7_tttthbkb  |        0|  24|  27|    0|    72|   24|     1|         1728|
    |p_ZZ11conv_enginePK7ap_uintILi32EEPK6ap_intILi8EES6_PKS3_ILi32EEPS4_PS7_tttthhhih_38_U   |p_ZZ11conv_enginePK7ap_uintILi32EEPK6ap_intILi8EES6_PKS3_ILi32EEPS4_PS7_tttthbkb  |        0|  24|  27|    0|    72|   24|     1|         1728|
    |p_ZZ11conv_enginePK7ap_uintILi32EEPK6ap_intILi8EES6_PKS3_ILi32EEPS4_PS7_tttthhhih_29_U   |p_ZZ11conv_enginePK7ap_uintILi32EEPK6ap_intILi8EES6_PKS3_ILi32EEPS4_PS7_tttthbkb  |        0|  24|  27|    0|    72|   24|     1|         1728|
    |p_ZZ11conv_enginePK7ap_uintILi32EEPK6ap_intILi8EES6_PKS3_ILi32EEPS4_PS7_tttthhhih_28_U   |p_ZZ11conv_enginePK7ap_uintILi32EEPK6ap_intILi8EES6_PKS3_ILi32EEPS4_PS7_tttthbkb  |        0|  24|  27|    0|    72|   24|     1|         1728|
    |p_ZZ11conv_enginePK7ap_uintILi32EEPK6ap_intILi8EES6_PKS3_ILi32EEPS4_PS7_tttthhhih_21_U   |p_ZZ11conv_enginePK7ap_uintILi32EEPK6ap_intILi8EES6_PKS3_ILi32EEPS4_PS7_tttthbkb  |        0|  24|  27|    0|    72|   24|     1|         1728|
    |p_ZZ11conv_enginePK7ap_uintILi32EEPK6ap_intILi8EES6_PKS3_ILi32EEPS4_PS7_tttthhhih_20_U   |p_ZZ11conv_enginePK7ap_uintILi32EEPK6ap_intILi8EES6_PKS3_ILi32EEPS4_PS7_tttthbkb  |        0|  24|  27|    0|    72|   24|     1|         1728|
    |p_ZZ11conv_enginePK7ap_uintILi32EEPK6ap_intILi8EES6_PKS3_ILi32EEPS4_PS7_tttthhhih_19_U   |p_ZZ11conv_enginePK7ap_uintILi32EEPK6ap_intILi8EES6_PKS3_ILi32EEPS4_PS7_tttthbkb  |        0|  24|  27|    0|    72|   24|     1|         1728|
    |p_ZZ11conv_enginePK7ap_uintILi32EEPK6ap_intILi8EES6_PKS3_ILi32EEPS4_PS7_tttthhhih_18_U   |p_ZZ11conv_enginePK7ap_uintILi32EEPK6ap_intILi8EES6_PKS3_ILi32EEPS4_PS7_tttthbkb  |        0|  24|  27|    0|    72|   24|     1|         1728|
    |p_ZZ11conv_enginePK7ap_uintILi32EEPK6ap_intILi8EES6_PKS3_ILi32EEPS4_PS7_tttthhhih_17_U   |p_ZZ11conv_enginePK7ap_uintILi32EEPK6ap_intILi8EES6_PKS3_ILi32EEPS4_PS7_tttthbkb  |        0|  24|  27|    0|    72|   24|     1|         1728|
    |p_ZZ11conv_enginePK7ap_uintILi32EEPK6ap_intILi8EES6_PKS3_ILi32EEPS4_PS7_tttthhhih_16_U   |p_ZZ11conv_enginePK7ap_uintILi32EEPK6ap_intILi8EES6_PKS3_ILi32EEPS4_PS7_tttthbkb  |        0|  24|  27|    0|    72|   24|     1|         1728|
    |p_ZZ11conv_enginePK7ap_uintILi32EEPK6ap_intILi8EES6_PKS3_ILi32EEPS4_PS7_tttthhhih_15_U   |p_ZZ11conv_enginePK7ap_uintILi32EEPK6ap_intILi8EES6_PKS3_ILi32EEPS4_PS7_tttthbkb  |        0|  24|  27|    0|    72|   24|     1|         1728|
    |p_ZZ11conv_enginePK7ap_uintILi32EEPK6ap_intILi8EES6_PKS3_ILi32EEPS4_PS7_tttthhhih_14_U   |p_ZZ11conv_enginePK7ap_uintILi32EEPK6ap_intILi8EES6_PKS3_ILi32EEPS4_PS7_tttthbkb  |        0|  24|  27|    0|    72|   24|     1|         1728|
    |p_ZZ11conv_enginePK7ap_uintILi32EEPK6ap_intILi8EES6_PKS3_ILi32EEPS4_PS7_tttthhhih_27_U   |p_ZZ11conv_enginePK7ap_uintILi32EEPK6ap_intILi8EES6_PKS3_ILi32EEPS4_PS7_tttthbkb  |        0|  24|  27|    0|    72|   24|     1|         1728|
    |p_ZZ11conv_enginePK7ap_uintILi32EEPK6ap_intILi8EES6_PKS3_ILi32EEPS4_PS7_tttthhhih_26_U   |p_ZZ11conv_enginePK7ap_uintILi32EEPK6ap_intILi8EES6_PKS3_ILi32EEPS4_PS7_tttthbkb  |        0|  24|  27|    0|    72|   24|     1|         1728|
    |p_ZZ11conv_enginePK7ap_uintILi32EEPK6ap_intILi8EES6_PKS3_ILi32EEPS4_PS7_tttthhhih_25_U   |p_ZZ11conv_enginePK7ap_uintILi32EEPK6ap_intILi8EES6_PKS3_ILi32EEPS4_PS7_tttthbkb  |        0|  24|  27|    0|    72|   24|     1|         1728|
    |p_ZZ11conv_enginePK7ap_uintILi32EEPK6ap_intILi8EES6_PKS3_ILi32EEPS4_PS7_tttthhhih_24_U   |p_ZZ11conv_enginePK7ap_uintILi32EEPK6ap_intILi8EES6_PKS3_ILi32EEPS4_PS7_tttthbkb  |        0|  24|  27|    0|    72|   24|     1|         1728|
    |p_ZZ11conv_enginePK7ap_uintILi32EEPK6ap_intILi8EES6_PKS3_ILi32EEPS4_PS7_tttthhhih_23_U   |p_ZZ11conv_enginePK7ap_uintILi32EEPK6ap_intILi8EES6_PKS3_ILi32EEPS4_PS7_tttthbkb  |        0|  24|  27|    0|    72|   24|     1|         1728|
    |p_ZZ11conv_enginePK7ap_uintILi32EEPK6ap_intILi8EES6_PKS3_ILi32EEPS4_PS7_tttthhhih_22_U   |p_ZZ11conv_enginePK7ap_uintILi32EEPK6ap_intILi8EES6_PKS3_ILi32EEPS4_PS7_tttthbkb  |        0|  24|  27|    0|    72|   24|     1|         1728|
    |p_ZZ11conv_enginePK7ap_uintILi32EEPK6ap_intILi8EES6_PKS3_ILi32EEPS4_PS7_tttthhhih_221_U  |p_ZZ11conv_enginePK7ap_uintILi32EEPK6ap_intILi8EES6_PKS3_ILi32EEPS4_PS7_tttthbkb  |        0|  24|  27|    0|    72|   24|     1|         1728|
    |p_ZZ11conv_enginePK7ap_uintILi32EEPK6ap_intILi8EES6_PKS3_ILi32EEPS4_PS7_tttthhhih_222_U  |p_ZZ11conv_enginePK7ap_uintILi32EEPK6ap_intILi8EES6_PKS3_ILi32EEPS4_PS7_tttthbkb  |        0|  24|  27|    0|    72|   24|     1|         1728|
    |p_ZZ11conv_enginePK7ap_uintILi32EEPK6ap_intILi8EES6_PKS3_ILi32EEPS4_PS7_tttthhhih_229_U  |p_ZZ11conv_enginePK7ap_uintILi32EEPK6ap_intILi8EES6_PKS3_ILi32EEPS4_PS7_tttthbkb  |        0|  24|  27|    0|    72|   24|     1|         1728|
    |p_ZZ11conv_enginePK7ap_uintILi32EEPK6ap_intILi8EES6_PKS3_ILi32EEPS4_PS7_tttthhhih_230_U  |p_ZZ11conv_enginePK7ap_uintILi32EEPK6ap_intILi8EES6_PKS3_ILi32EEPS4_PS7_tttthbkb  |        0|  24|  27|    0|    72|   24|     1|         1728|
    |p_ZZ11conv_enginePK7ap_uintILi32EEPK6ap_intILi8EES6_PKS3_ILi32EEPS4_PS7_tttthhhih_231_U  |p_ZZ11conv_enginePK7ap_uintILi32EEPK6ap_intILi8EES6_PKS3_ILi32EEPS4_PS7_tttthbkb  |        0|  24|  27|    0|    72|   24|     1|         1728|
    |p_ZZ11conv_enginePK7ap_uintILi32EEPK6ap_intILi8EES6_PKS3_ILi32EEPS4_PS7_tttthhhih_232_U  |p_ZZ11conv_enginePK7ap_uintILi32EEPK6ap_intILi8EES6_PKS3_ILi32EEPS4_PS7_tttthbkb  |        0|  24|  27|    0|    72|   24|     1|         1728|
    |p_ZZ11conv_enginePK7ap_uintILi32EEPK6ap_intILi8EES6_PKS3_ILi32EEPS4_PS7_tttthhhih_233_U  |p_ZZ11conv_enginePK7ap_uintILi32EEPK6ap_intILi8EES6_PKS3_ILi32EEPS4_PS7_tttthbkb  |        0|  24|  27|    0|    72|   24|     1|         1728|
    |p_ZZ11conv_enginePK7ap_uintILi32EEPK6ap_intILi8EES6_PKS3_ILi32EEPS4_PS7_tttthhhih_234_U  |p_ZZ11conv_enginePK7ap_uintILi32EEPK6ap_intILi8EES6_PKS3_ILi32EEPS4_PS7_tttthbkb  |        0|  24|  27|    0|    72|   24|     1|         1728|
    |p_ZZ11conv_enginePK7ap_uintILi32EEPK6ap_intILi8EES6_PKS3_ILi32EEPS4_PS7_tttthhhih_235_U  |p_ZZ11conv_enginePK7ap_uintILi32EEPK6ap_intILi8EES6_PKS3_ILi32EEPS4_PS7_tttthbkb  |        0|  24|  27|    0|    72|   24|     1|         1728|
    |p_ZZ11conv_enginePK7ap_uintILi32EEPK6ap_intILi8EES6_PKS3_ILi32EEPS4_PS7_tttthhhih_236_U  |p_ZZ11conv_enginePK7ap_uintILi32EEPK6ap_intILi8EES6_PKS3_ILi32EEPS4_PS7_tttthbkb  |        0|  24|  27|    0|    72|   24|     1|         1728|
    |p_ZZ11conv_enginePK7ap_uintILi32EEPK6ap_intILi8EES6_PKS3_ILi32EEPS4_PS7_tttthhhih_223_U  |p_ZZ11conv_enginePK7ap_uintILi32EEPK6ap_intILi8EES6_PKS3_ILi32EEPS4_PS7_tttthbkb  |        0|  24|  27|    0|    72|   24|     1|         1728|
    |p_ZZ11conv_enginePK7ap_uintILi32EEPK6ap_intILi8EES6_PKS3_ILi32EEPS4_PS7_tttthhhih_224_U  |p_ZZ11conv_enginePK7ap_uintILi32EEPK6ap_intILi8EES6_PKS3_ILi32EEPS4_PS7_tttthbkb  |        0|  24|  27|    0|    72|   24|     1|         1728|
    |p_ZZ11conv_enginePK7ap_uintILi32EEPK6ap_intILi8EES6_PKS3_ILi32EEPS4_PS7_tttthhhih_225_U  |p_ZZ11conv_enginePK7ap_uintILi32EEPK6ap_intILi8EES6_PKS3_ILi32EEPS4_PS7_tttthbkb  |        0|  24|  27|    0|    72|   24|     1|         1728|
    |p_ZZ11conv_enginePK7ap_uintILi32EEPK6ap_intILi8EES6_PKS3_ILi32EEPS4_PS7_tttthhhih_226_U  |p_ZZ11conv_enginePK7ap_uintILi32EEPK6ap_intILi8EES6_PKS3_ILi32EEPS4_PS7_tttthbkb  |        0|  24|  27|    0|    72|   24|     1|         1728|
    |p_ZZ11conv_enginePK7ap_uintILi32EEPK6ap_intILi8EES6_PKS3_ILi32EEPS4_PS7_tttthhhih_227_U  |p_ZZ11conv_enginePK7ap_uintILi32EEPK6ap_intILi8EES6_PKS3_ILi32EEPS4_PS7_tttthbkb  |        0|  24|  27|    0|    72|   24|     1|         1728|
    |p_ZZ11conv_enginePK7ap_uintILi32EEPK6ap_intILi8EES6_PKS3_ILi32EEPS4_PS7_tttthhhih_228_U  |p_ZZ11conv_enginePK7ap_uintILi32EEPK6ap_intILi8EES6_PKS3_ILi32EEPS4_PS7_tttthbkb  |        0|  24|  27|    0|    72|   24|     1|         1728|
    |p_ZZ11conv_enginePK7ap_uintILi32EEPK6ap_intILi8EES6_PKS3_ILi32EEPS4_PS7_tttthhhih_237_U  |p_ZZ11conv_enginePK7ap_uintILi32EEPK6ap_intILi8EES6_PKS3_ILi32EEPS4_PS7_tttthbkb  |        0|  24|  27|    0|    72|   24|     1|         1728|
    |p_ZZ11conv_enginePK7ap_uintILi32EEPK6ap_intILi8EES6_PKS3_ILi32EEPS4_PS7_tttthhhih_238_U  |p_ZZ11conv_enginePK7ap_uintILi32EEPK6ap_intILi8EES6_PKS3_ILi32EEPS4_PS7_tttthbkb  |        0|  24|  27|    0|    72|   24|     1|         1728|
    |p_ZZ11conv_enginePK7ap_uintILi32EEPK6ap_intILi8EES6_PKS3_ILi32EEPS4_PS7_tttthhhih_245_U  |p_ZZ11conv_enginePK7ap_uintILi32EEPK6ap_intILi8EES6_PKS3_ILi32EEPS4_PS7_tttthbkb  |        0|  24|  27|    0|    72|   24|     1|         1728|
    |p_ZZ11conv_enginePK7ap_uintILi32EEPK6ap_intILi8EES6_PKS3_ILi32EEPS4_PS7_tttthhhih_246_U  |p_ZZ11conv_enginePK7ap_uintILi32EEPK6ap_intILi8EES6_PKS3_ILi32EEPS4_PS7_tttthbkb  |        0|  24|  27|    0|    72|   24|     1|         1728|
    |p_ZZ11conv_enginePK7ap_uintILi32EEPK6ap_intILi8EES6_PKS3_ILi32EEPS4_PS7_tttthhhih_247_U  |p_ZZ11conv_enginePK7ap_uintILi32EEPK6ap_intILi8EES6_PKS3_ILi32EEPS4_PS7_tttthbkb  |        0|  24|  27|    0|    72|   24|     1|         1728|
    |p_ZZ11conv_enginePK7ap_uintILi32EEPK6ap_intILi8EES6_PKS3_ILi32EEPS4_PS7_tttthhhih_248_U  |p_ZZ11conv_enginePK7ap_uintILi32EEPK6ap_intILi8EES6_PKS3_ILi32EEPS4_PS7_tttthbkb  |        0|  24|  27|    0|    72|   24|     1|         1728|
    |p_ZZ11conv_enginePK7ap_uintILi32EEPK6ap_intILi8EES6_PKS3_ILi32EEPS4_PS7_tttthhhih_249_U  |p_ZZ11conv_enginePK7ap_uintILi32EEPK6ap_intILi8EES6_PKS3_ILi32EEPS4_PS7_tttthbkb  |        0|  24|  27|    0|    72|   24|     1|         1728|
    |p_ZZ11conv_enginePK7ap_uintILi32EEPK6ap_intILi8EES6_PKS3_ILi32EEPS4_PS7_tttthhhih_250_U  |p_ZZ11conv_enginePK7ap_uintILi32EEPK6ap_intILi8EES6_PKS3_ILi32EEPS4_PS7_tttthbkb  |        0|  24|  27|    0|    72|   24|     1|         1728|
    |p_ZZ11conv_enginePK7ap_uintILi32EEPK6ap_intILi8EES6_PKS3_ILi32EEPS4_PS7_tttthhhih_251_U  |p_ZZ11conv_enginePK7ap_uintILi32EEPK6ap_intILi8EES6_PKS3_ILi32EEPS4_PS7_tttthbkb  |        0|  24|  27|    0|    72|   24|     1|         1728|
    |p_ZZ11conv_enginePK7ap_uintILi32EEPK6ap_intILi8EES6_PKS3_ILi32EEPS4_PS7_tttthhhih_252_U  |p_ZZ11conv_enginePK7ap_uintILi32EEPK6ap_intILi8EES6_PKS3_ILi32EEPS4_PS7_tttthbkb  |        0|  24|  27|    0|    72|   24|     1|         1728|
    |p_ZZ11conv_enginePK7ap_uintILi32EEPK6ap_intILi8EES6_PKS3_ILi32EEPS4_PS7_tttthhhih_239_U  |p_ZZ11conv_enginePK7ap_uintILi32EEPK6ap_intILi8EES6_PKS3_ILi32EEPS4_PS7_tttthbkb  |        0|  24|  27|    0|    72|   24|     1|         1728|
    |p_ZZ11conv_enginePK7ap_uintILi32EEPK6ap_intILi8EES6_PKS3_ILi32EEPS4_PS7_tttthhhih_240_U  |p_ZZ11conv_enginePK7ap_uintILi32EEPK6ap_intILi8EES6_PKS3_ILi32EEPS4_PS7_tttthbkb  |        0|  24|  27|    0|    72|   24|     1|         1728|
    |p_ZZ11conv_enginePK7ap_uintILi32EEPK6ap_intILi8EES6_PKS3_ILi32EEPS4_PS7_tttthhhih_241_U  |p_ZZ11conv_enginePK7ap_uintILi32EEPK6ap_intILi8EES6_PKS3_ILi32EEPS4_PS7_tttthbkb  |        0|  24|  27|    0|    72|   24|     1|         1728|
    |p_ZZ11conv_enginePK7ap_uintILi32EEPK6ap_intILi8EES6_PKS3_ILi32EEPS4_PS7_tttthhhih_242_U  |p_ZZ11conv_enginePK7ap_uintILi32EEPK6ap_intILi8EES6_PKS3_ILi32EEPS4_PS7_tttthbkb  |        0|  24|  27|    0|    72|   24|     1|         1728|
    |p_ZZ11conv_enginePK7ap_uintILi32EEPK6ap_intILi8EES6_PKS3_ILi32EEPS4_PS7_tttthhhih_243_U  |p_ZZ11conv_enginePK7ap_uintILi32EEPK6ap_intILi8EES6_PKS3_ILi32EEPS4_PS7_tttthbkb  |        0|  24|  27|    0|    72|   24|     1|         1728|
    |p_ZZ11conv_enginePK7ap_uintILi32EEPK6ap_intILi8EES6_PKS3_ILi32EEPS4_PS7_tttthhhih_244_U  |p_ZZ11conv_enginePK7ap_uintILi32EEPK6ap_intILi8EES6_PKS3_ILi32EEPS4_PS7_tttthbkb  |        0|  24|  27|    0|    72|   24|     1|         1728|
    |p_ZZL16scan_and_computePK7ap_uintILi32EEP6ap_intILi32EEPS3_ILi8EEjjjjjjjjjjjPA128_29_U   |p_ZZL16scan_and_computePK7ap_uintILi32EEP6ap_intILi32EEPS3_ILi8EEjjjjjjjjjjjPdxH  |        0|   0|   0|    2|  4112|    8|     1|        32896|
    |p_ZZL16scan_and_computePK7ap_uintILi32EEP6ap_intILi32EEPS3_ILi8EEjjjjjjjjjjjPA128_28_U   |p_ZZL16scan_and_computePK7ap_uintILi32EEP6ap_intILi32EEPS3_ILi8EEjjjjjjjjjjjPdxH  |        0|   0|   0|    2|  4112|    8|     1|        32896|
    |p_ZZL16scan_and_computePK7ap_uintILi32EEP6ap_intILi32EEPS3_ILi8EEjjjjjjjjjjjPA128_17_U   |p_ZZL16scan_and_computePK7ap_uintILi32EEP6ap_intILi32EEPS3_ILi8EEjjjjjjjjjjjPdxH  |        0|   0|   0|    2|  4112|    8|     1|        32896|
    |p_ZZL16scan_and_computePK7ap_uintILi32EEP6ap_intILi32EEPS3_ILi8EEjjjjjjjjjjjPA128_16_U   |p_ZZL16scan_and_computePK7ap_uintILi32EEP6ap_intILi32EEPS3_ILi8EEjjjjjjjjjjjPdxH  |        0|   0|   0|    2|  4112|    8|     1|        32896|
    |p_ZZL16scan_and_computePK7ap_uintILi32EEP6ap_intILi32EEPS3_ILi8EEjjjjjjjjjjjPA128_15_U   |p_ZZL16scan_and_computePK7ap_uintILi32EEP6ap_intILi32EEPS3_ILi8EEjjjjjjjjjjjPdxH  |        0|   0|   0|    2|  4112|    8|     1|        32896|
    |p_ZZL16scan_and_computePK7ap_uintILi32EEP6ap_intILi32EEPS3_ILi8EEjjjjjjjjjjjPA128_14_U   |p_ZZL16scan_and_computePK7ap_uintILi32EEP6ap_intILi32EEPS3_ILi8EEjjjjjjjjjjjPdxH  |        0|   0|   0|    2|  4112|    8|     1|        32896|
    |p_ZZL16scan_and_computePK7ap_uintILi32EEP6ap_intILi32EEPS3_ILi8EEjjjjjjjjjjjPA128_13_U   |p_ZZL16scan_and_computePK7ap_uintILi32EEP6ap_intILi32EEPS3_ILi8EEjjjjjjjjjjjPdxH  |        0|   0|   0|    2|  4112|    8|     1|        32896|
    |p_ZZL16scan_and_computePK7ap_uintILi32EEP6ap_intILi32EEPS3_ILi8EEjjjjjjjjjjjPA128_12_U   |p_ZZL16scan_and_computePK7ap_uintILi32EEP6ap_intILi32EEPS3_ILi8EEjjjjjjjjjjjPdxH  |        0|   0|   0|    2|  4112|    8|     1|        32896|
    |p_ZZL16scan_and_computePK7ap_uintILi32EEP6ap_intILi32EEPS3_ILi8EEjjjjjjjjjjjPA128_11_U   |p_ZZL16scan_and_computePK7ap_uintILi32EEP6ap_intILi32EEPS3_ILi8EEjjjjjjjjjjjPdxH  |        0|   0|   0|    2|  4112|    8|     1|        32896|
    |p_ZZL16scan_and_computePK7ap_uintILi32EEP6ap_intILi32EEPS3_ILi8EEjjjjjjjjjjjPA128_10_U   |p_ZZL16scan_and_computePK7ap_uintILi32EEP6ap_intILi32EEPS3_ILi8EEjjjjjjjjjjjPdxH  |        0|   0|   0|    2|  4112|    8|     1|        32896|
    |p_ZZL16scan_and_computePK7ap_uintILi32EEP6ap_intILi32EEPS3_ILi8EEjjjjjjjjjjjPA128_9_U    |p_ZZL16scan_and_computePK7ap_uintILi32EEP6ap_intILi32EEPS3_ILi8EEjjjjjjjjjjjPdxH  |        0|   0|   0|    2|  4112|    8|     1|        32896|
    |p_ZZL16scan_and_computePK7ap_uintILi32EEP6ap_intILi32EEPS3_ILi8EEjjjjjjjjjjjPA128_8_U    |p_ZZL16scan_and_computePK7ap_uintILi32EEP6ap_intILi32EEPS3_ILi8EEjjjjjjjjjjjPdxH  |        0|   0|   0|    2|  4112|    8|     1|        32896|
    |p_ZZL16scan_and_computePK7ap_uintILi32EEP6ap_intILi32EEPS3_ILi8EEjjjjjjjjjjjPA128_7_U    |p_ZZL16scan_and_computePK7ap_uintILi32EEP6ap_intILi32EEPS3_ILi8EEjjjjjjjjjjjPdxH  |        0|   0|   0|    2|  4112|    8|     1|        32896|
    |p_ZZL16scan_and_computePK7ap_uintILi32EEP6ap_intILi32EEPS3_ILi8EEjjjjjjjjjjjPA128_6_U    |p_ZZL16scan_and_computePK7ap_uintILi32EEP6ap_intILi32EEPS3_ILi8EEjjjjjjjjjjjPdxH  |        0|   0|   0|    2|  4112|    8|     1|        32896|
    |p_ZZL16scan_and_computePK7ap_uintILi32EEP6ap_intILi32EEPS3_ILi8EEjjjjjjjjjjjPA128_5_U    |p_ZZL16scan_and_computePK7ap_uintILi32EEP6ap_intILi32EEPS3_ILi8EEjjjjjjjjjjjPdxH  |        0|   0|   0|    2|  4112|    8|     1|        32896|
    |p_ZZL16scan_and_computePK7ap_uintILi32EEP6ap_intILi32EEPS3_ILi8EEjjjjjjjjjjjPA128_4_U    |p_ZZL16scan_and_computePK7ap_uintILi32EEP6ap_intILi32EEPS3_ILi8EEjjjjjjjjjjjPdxH  |        0|   0|   0|    2|  4112|    8|     1|        32896|
    |p_ZZL16scan_and_computePK7ap_uintILi32EEP6ap_intILi32EEPS3_ILi8EEjjjjjjjjjjjPA128_3_U    |p_ZZL16scan_and_computePK7ap_uintILi32EEP6ap_intILi32EEPS3_ILi8EEjjjjjjjjjjjPdxH  |        0|   0|   0|    2|  4112|    8|     1|        32896|
    |p_ZZL16scan_and_computePK7ap_uintILi32EEP6ap_intILi32EEPS3_ILi8EEjjjjjjjjjjjPA128_2_U    |p_ZZL16scan_and_computePK7ap_uintILi32EEP6ap_intILi32EEPS3_ILi8EEjjjjjjjjjjjPdxH  |        0|   0|   0|    2|  4112|    8|     1|        32896|
    |p_ZZL16scan_and_computePK7ap_uintILi32EEP6ap_intILi32EEPS3_ILi8EEjjjjjjjjjjjPA128_1_U    |p_ZZL16scan_and_computePK7ap_uintILi32EEP6ap_intILi32EEPS3_ILi8EEjjjjjjjjjjjPdxH  |        0|   0|   0|    2|  4112|    8|     1|        32896|
    |p_ZZL16scan_and_computePK7ap_uintILi32EEP6ap_intILi32EEPS3_ILi8EEjjjjjjjjjjjPA128_U      |p_ZZL16scan_and_computePK7ap_uintILi32EEP6ap_intILi32EEPS3_ILi8EEjjjjjjjjjjjPdxH  |        0|   0|   0|    2|  4112|    8|     1|        32896|
    |p_ZZL16scan_and_computePK7ap_uintILi32EEP6ap_intILi32EEPS3_ILi8EEjjjjjjjjjjjPA128_27_U   |p_ZZL16scan_and_computePK7ap_uintILi32EEP6ap_intILi32EEPS3_ILi8EEjjjjjjjjjjjPdxH  |        0|   0|   0|    2|  4112|    8|     1|        32896|
    |p_ZZL16scan_and_computePK7ap_uintILi32EEP6ap_intILi32EEPS3_ILi8EEjjjjjjjjjjjPA128_26_U   |p_ZZL16scan_and_computePK7ap_uintILi32EEP6ap_intILi32EEPS3_ILi8EEjjjjjjjjjjjPdxH  |        0|   0|   0|    2|  4112|    8|     1|        32896|
    |p_ZZL16scan_and_computePK7ap_uintILi32EEP6ap_intILi32EEPS3_ILi8EEjjjjjjjjjjjPA128_25_U   |p_ZZL16scan_and_computePK7ap_uintILi32EEP6ap_intILi32EEPS3_ILi8EEjjjjjjjjjjjPdxH  |        0|   0|   0|    2|  4112|    8|     1|        32896|
    |p_ZZL16scan_and_computePK7ap_uintILi32EEP6ap_intILi32EEPS3_ILi8EEjjjjjjjjjjjPA128_24_U   |p_ZZL16scan_and_computePK7ap_uintILi32EEP6ap_intILi32EEPS3_ILi8EEjjjjjjjjjjjPdxH  |        0|   0|   0|    2|  4112|    8|     1|        32896|
    |scan_and_compute_ap_uint_const_ap_int_ap_int_unsigned_int_unsigned_int_unsign_11_U       |p_ZZL16scan_and_computePK7ap_uintILi32EEP6ap_intILi32EEPS3_ILi8EEjjjjjjjjjjjPdxH  |        0|   0|   0|    2|  4112|    8|     1|        32896|
    |scan_and_compute_ap_uint_const_ap_int_ap_int_unsigned_int_unsigned_int_unsign_10_U       |p_ZZL16scan_and_computePK7ap_uintILi32EEP6ap_intILi32EEPS3_ILi8EEjjjjjjjjjjjPdxH  |        0|   0|   0|    2|  4112|    8|     1|        32896|
    |p_ZZL16scan_and_computePK7ap_uintILi32EEP6ap_intILi32EEPS3_ILi8EEjjjjjjjjjjjPA128_23_U   |p_ZZL16scan_and_computePK7ap_uintILi32EEP6ap_intILi32EEPS3_ILi8EEjjjjjjjjjjjPdxH  |        0|   0|   0|    2|  4112|    8|     1|        32896|
    |p_ZZL16scan_and_computePK7ap_uintILi32EEP6ap_intILi32EEPS3_ILi8EEjjjjjjjjjjjPA128_22_U   |p_ZZL16scan_and_computePK7ap_uintILi32EEP6ap_intILi32EEPS3_ILi8EEjjjjjjjjjjjPdxH  |        0|   0|   0|    2|  4112|    8|     1|        32896|
    |p_ZZL16scan_and_computePK7ap_uintILi32EEP6ap_intILi32EEPS3_ILi8EEjjjjjjjjjjjPA128_21_U   |p_ZZL16scan_and_computePK7ap_uintILi32EEP6ap_intILi32EEPS3_ILi8EEjjjjjjjjjjjPdxH  |        0|   0|   0|    2|  4112|    8|     1|        32896|
    |p_ZZL16scan_and_computePK7ap_uintILi32EEP6ap_intILi32EEPS3_ILi8EEjjjjjjjjjjjPA128_20_U   |p_ZZL16scan_and_computePK7ap_uintILi32EEP6ap_intILi32EEPS3_ILi8EEjjjjjjjjjjjPdxH  |        0|   0|   0|    2|  4112|    8|     1|        32896|
    |p_ZZL16scan_and_computePK7ap_uintILi32EEP6ap_intILi32EEPS3_ILi8EEjjjjjjjjjjjPA128_19_U   |p_ZZL16scan_and_computePK7ap_uintILi32EEP6ap_intILi32EEPS3_ILi8EEjjjjjjjjjjjPdxH  |        0|   0|   0|    2|  4112|    8|     1|        32896|
    |p_ZZL16scan_and_computePK7ap_uintILi32EEP6ap_intILi32EEPS3_ILi8EEjjjjjjjjjjjPA128_18_U   |p_ZZL16scan_and_computePK7ap_uintILi32EEP6ap_intILi32EEPS3_ILi8EEjjjjjjjjjjjPdxH  |        0|   0|   0|    2|  4112|    8|     1|        32896|
    |px_U                                                                                     |px_RAM_AUTO_1R1W                                                                  |        0|   8|   1|    0|     8|    8|     1|           64|
    |px_1_U                                                                                   |px_RAM_AUTO_1R1W                                                                  |        0|   8|   1|    0|     8|    8|     1|           64|
    |px_2_U                                                                                   |px_RAM_AUTO_1R1W                                                                  |        0|   8|   1|    0|     8|    8|     1|           64|
    |px_3_U                                                                                   |px_RAM_AUTO_1R1W                                                                  |        0|   8|   1|    0|     8|    8|     1|           64|
    |px_4_U                                                                                   |px_RAM_AUTO_1R1W                                                                  |        0|   8|   1|    0|     8|    8|     1|           64|
    |px_5_U                                                                                   |px_RAM_AUTO_1R1W                                                                  |        0|   8|   1|    0|     8|    8|     1|           64|
    |px_6_U                                                                                   |px_RAM_AUTO_1R1W                                                                  |        0|   8|   1|    0|     8|    8|     1|           64|
    |px_7_U                                                                                   |px_RAM_AUTO_1R1W                                                                  |        0|   8|   1|    0|     8|    8|     1|           64|
    |px_8_U                                                                                   |px_RAM_AUTO_1R1W                                                                  |        0|   8|   1|    0|     8|    8|     1|           64|
    |px_9_U                                                                                   |px_RAM_AUTO_1R1W                                                                  |        0|   8|   1|    0|     8|    8|     1|           64|
    |px_10_U                                                                                  |px_RAM_AUTO_1R1W                                                                  |        0|   8|   1|    0|     8|    8|     1|           64|
    |px_11_U                                                                                  |px_RAM_AUTO_1R1W                                                                  |        0|   8|   1|    0|     8|    8|     1|           64|
    |px_12_U                                                                                  |px_RAM_AUTO_1R1W                                                                  |        0|   8|   1|    0|     8|    8|     1|           64|
    |px_13_U                                                                                  |px_RAM_AUTO_1R1W                                                                  |        0|   8|   1|    0|     8|    8|     1|           64|
    |px_14_U                                                                                  |px_RAM_AUTO_1R1W                                                                  |        0|   8|   1|    0|     8|    8|     1|           64|
    |px_15_U                                                                                  |px_RAM_AUTO_1R1W                                                                  |        0|   8|   1|    0|     8|    8|     1|           64|
    |scan_and_compute_ap_uint_const_ap_int_ap_int_unsigned_int_unsigned_int_unsign_9_U        |scan_and_compute_ap_uint_const_ap_int_ap_int_unsigned_int_unsigned_int_unsigndhF  |        0|  16|   9|    0|    72|    8|     1|          576|
    |scan_and_compute_ap_uint_const_ap_int_ap_int_unsigned_int_unsigned_int_unsign_8_U        |scan_and_compute_ap_uint_const_ap_int_ap_int_unsigned_int_unsigned_int_unsigndhF  |        0|  16|   9|    0|    72|    8|     1|          576|
    |scan_and_compute_ap_uint_const_ap_int_ap_int_unsigned_int_unsigned_int_unsign_7_U        |scan_and_compute_ap_uint_const_ap_int_ap_int_unsigned_int_unsigned_int_unsigndhF  |        0|  16|   9|    0|    72|    8|     1|          576|
    |scan_and_compute_ap_uint_const_ap_int_ap_int_unsigned_int_unsigned_int_unsign_6_U        |scan_and_compute_ap_uint_const_ap_int_ap_int_unsigned_int_unsigned_int_unsigndhF  |        0|  16|   9|    0|    72|    8|     1|          576|
    |scan_and_compute_ap_uint_const_ap_int_ap_int_unsigned_int_unsigned_int_unsign_5_U        |scan_and_compute_ap_uint_const_ap_int_ap_int_unsigned_int_unsigned_int_unsigndhF  |        0|  16|   9|    0|    72|    8|     1|          576|
    |scan_and_compute_ap_uint_const_ap_int_ap_int_unsigned_int_unsigned_int_unsign_4_U        |scan_and_compute_ap_uint_const_ap_int_ap_int_unsigned_int_unsigned_int_unsigndhF  |        0|  16|   9|    0|    72|    8|     1|          576|
    |scan_and_compute_ap_uint_const_ap_int_ap_int_unsigned_int_unsigned_int_unsign_3_U        |scan_and_compute_ap_uint_const_ap_int_ap_int_unsigned_int_unsigned_int_unsigndhF  |        0|  16|   9|    0|    72|    8|     1|          576|
    |scan_and_compute_ap_uint_const_ap_int_ap_int_unsigned_int_unsigned_int_unsign_2_U        |scan_and_compute_ap_uint_const_ap_int_ap_int_unsigned_int_unsigned_int_unsigndhF  |        0|  16|   9|    0|    72|    8|     1|          576|
    |scan_and_compute_ap_uint_const_ap_int_ap_int_unsigned_int_unsigned_int_unsign_1_U        |scan_and_compute_ap_uint_const_ap_int_ap_int_unsigned_int_unsigned_int_unsigndhF  |        0|  16|   9|    0|    72|    8|     1|          576|
    |scan_and_compute_ap_uint_const_ap_int_ap_int_unsigned_int_unsigned_int_unsign_U          |scan_and_compute_ap_uint_const_ap_int_ap_int_unsigned_int_unsigned_int_unsigndhF  |        0|  16|   9|    0|    72|    8|     1|          576|
    |p_ZZL16scan_and_computePK7ap_uintILi32EEP6ap_intILi32EEPS3_ILi8EEjjjjjjjjjjjPA128_35_U   |scan_and_compute_ap_uint_const_ap_int_ap_int_unsigned_int_unsigned_int_unsigndhF  |        0|  16|   9|    0|    72|    8|     1|          576|
    |p_ZZL16scan_and_computePK7ap_uintILi32EEP6ap_intILi32EEPS3_ILi8EEjjjjjjjjjjjPA128_34_U   |scan_and_compute_ap_uint_const_ap_int_ap_int_unsigned_int_unsigned_int_unsigndhF  |        0|  16|   9|    0|    72|    8|     1|          576|
    |p_ZZL16scan_and_computePK7ap_uintILi32EEP6ap_intILi32EEPS3_ILi8EEjjjjjjjjjjjPA128_33_U   |scan_and_compute_ap_uint_const_ap_int_ap_int_unsigned_int_unsigned_int_unsigndhF  |        0|  16|   9|    0|    72|    8|     1|          576|
    |p_ZZL16scan_and_computePK7ap_uintILi32EEP6ap_intILi32EEPS3_ILi8EEjjjjjjjjjjjPA128_32_U   |scan_and_compute_ap_uint_const_ap_int_ap_int_unsigned_int_unsigned_int_unsigndhF  |        0|  16|   9|    0|    72|    8|     1|          576|
    |p_ZZL16scan_and_computePK7ap_uintILi32EEP6ap_intILi32EEPS3_ILi8EEjjjjjjjjjjjPA128_31_U   |scan_and_compute_ap_uint_const_ap_int_ap_int_unsigned_int_unsigned_int_unsigndhF  |        0|  16|   9|    0|    72|    8|     1|          576|
    |p_ZZL16scan_and_computePK7ap_uintILi32EEP6ap_intILi32EEPS3_ILi8EEjjjjjjjjjjjPA128_30_U   |scan_and_compute_ap_uint_const_ap_int_ap_int_unsigned_int_unsigned_int_unsigndhF  |        0|  16|   9|    0|    72|    8|     1|          576|
    +-----------------------------------------------------------------------------------------+----------------------------------------------------------------------------------+---------+----+----+-----+------+-----+------+-------------+
    |Total                                                                                    |                                                                                  |        0|4992|5344|   64|146688| 5120|   256|      1394688|
    +-----------------------------------------------------------------------------------------+----------------------------------------------------------------------------------+---------+----+----+-----+------+-----+------+-------------+

    * FIFO: 
    N/A

    * Expression: 
    +---------------------------------------+----------+----+---+-----+------------+------------+
    |             Variable Name             | Operation| DSP| FF| LUT | Bitwidth P0| Bitwidth P1|
    +---------------------------------------+----------+----+---+-----+------------+------------+
    |add11_i_fu_3282_p2                     |         +|   0|  0|   24|          17|          17|
    |add15_i_fu_3297_p2                     |         +|   0|  0|   24|          17|          17|
    |add_ln1184_fu_3248_p2                  |         +|   0|  0|   24|          17|           7|
    |add_ln1254_1_fu_3523_p2                |         +|   0|  0|   24|          17|          17|
    |add_ln1254_2_fu_3538_p2                |         +|   0|  0|   24|          17|           5|
    |add_ln1254_3_fu_3688_p2                |         +|   0|  0|   24|          17|          17|
    |add_ln1254_4_fu_3632_p2                |         +|   0|  0|   19|          12|           1|
    |add_ln1254_5_fu_3773_p2                |         +|   0|  0|   26|          19|           5|
    |add_ln1254_6_fu_3585_p2                |         +|   0|  0|   16|           9|           3|
    |add_ln1254_7_fu_3622_p2                |         +|   0|  0|   39|          32|          32|
    |add_ln1272_1_fu_4373_p2                |         +|   0|  0|   25|          18|           8|
    |add_ln1272_2_fu_4379_p2                |         +|   0|  0|   25|          18|           9|
    |add_ln1272_3_fu_4385_p2                |         +|   0|  0|   25|          18|           9|
    |add_ln1272_fu_3743_p2                  |         +|   0|  0|   17|          10|           1|
    |add_ln155_fu_3927_p2                   |         +|   0|  0|   12|           4|           1|
    |add_ln156_fu_3962_p2                   |         +|   0|  0|   24|          17|          17|
    |add_ln161_fu_4017_p2                   |         +|   0|  0|   71|          64|          64|
    |add_ln162_fu_4170_p2                   |         +|   0|  0|   71|          64|          64|
    |add_ln353_fu_4324_p2                   |         +|   0|  0|   39|          32|          32|
    |add_ln356_10_fu_4498_p2                |         +|   0|  0|   32|          32|          32|
    |add_ln356_11_fu_4484_p2                |         +|   0|  0|   32|          25|          25|
    |add_ln356_1_fu_4534_p2                 |         +|   0|  0|   71|          64|          64|
    |add_ln356_2_fu_4479_p2                 |         +|   0|  0|   39|          32|          32|
    |add_ln356_3_fu_4391_p2                 |         +|   0|  0|   39|          32|          32|
    |add_ln356_4_fu_4368_p2                 |         +|   0|  0|   39|          32|          32|
    |add_ln356_5_fu_4558_p2                 |         +|   0|  0|   71|          64|          64|
    |add_ln356_6_fu_4416_p2                 |         +|   0|  0|   39|          32|          32|
    |add_ln356_9_fu_4493_p2                 |         +|   0|  0|   32|          32|          32|
    |add_ln356_fu_4470_p2                   |         +|   0|  0|   37|          30|          30|
    |add_ln471_fu_4518_p2                   |         +|   0|  0|   39|          32|          32|
    |c_1_fu_4426_p2                         |         +|   0|  0|   24|          17|           1|
    |out_w_fu_3164_p2                       |         +|   0|  0|   18|          18|           1|
    |pad_w_fu_3148_p2                       |         +|   0|  0|   24|          17|          17|
    |r_1_fu_4334_p2                         |         +|   0|  0|   24|          17|           1|
    |sub513_i_fu_3322_p2                    |         +|   0|  0|   17|          10|           2|
    |sub74_i_fu_3288_p2                     |         +|   0|  0|   16|           9|           2|
    |sub_i_i124_i_i_i_fu_3336_p2            |         +|   0|  0|   14|           7|           2|
    |conv_i_i9_i_i_i_i_fu_3342_p2           |         -|   0|  0|   14|           1|           7|
    |in_r_fu_4354_p2                        |         -|   0|  0|   25|          18|          18|
    |sub_i_fu_3158_p2                       |         -|   0|  0|   18|          18|          18|
    |sub_ln1254_1_fu_3568_p2                |         -|   0|  0|   25|           7|          18|
    |sub_ln1254_2_fu_3410_p2                |         -|   0|  0|   39|          32|          32|
    |sub_ln1254_3_fu_3469_p2                |         -|   0|  0|   37|          30|          30|
    |sub_ln1254_4_fu_3497_p2                |         -|   0|  0|   31|          24|          24|
    |sub_ln1254_5_fu_3678_p2                |         -|   0|  0|   24|          17|          17|
    |sub_ln1254_fu_3200_p2                  |         -|   0|  0|   16|           1|           9|
    |sub_ln1272_1_fu_3763_p2                |         -|   0|  0|   25|          18|          18|
    |sub_ln1272_fu_3836_p2                  |         -|   0|  0|   15|           4|           8|
    |sub_ln1275_fu_3888_p2                  |         -|   0|  0|   24|          17|          17|
    |sub_ln356_fu_4460_p2                   |         -|   0|  0|   29|          22|          22|
    |and_ln365_1_fu_4581_p2                 |       and|   0|  0|    2|           1|           1|
    |and_ln365_fu_4575_p2                   |       and|   0|  0|    2|           1|           1|
    |and_ln683_fu_4645_p2                   |       and|   0|  0|    2|           1|           1|
    |ap_block_state32_on_subcall_done       |       and|   0|  0|    2|           1|           1|
    |ap_block_state52_on_subcall_done       |       and|   0|  0|    2|           1|           1|
    |ap_block_state55_on_subcall_done       |       and|   0|  0|    2|           1|           1|
    |ap_block_state59_on_subcall_done       |       and|   0|  0|    2|           1|           1|
    |ap_block_state61_io                    |       and|   0|  0|    2|           1|           1|
    |ap_block_state70_on_subcall_done       |       and|   0|  0|    2|           1|           1|
    |ap_block_state78                       |       and|   0|  0|    2|           1|           1|
    |ap_predicate_op1049_writeresp_state78  |       and|   0|  0|    2|           1|           1|
    |in_bounds_fu_4587_p2                   |       and|   0|  0|    2|           1|           1|
    |cmp12_i_fu_4406_p2                     |      icmp|   0|  0|   24|          17|          17|
    |cmp19_i_fu_3174_p2                     |      icmp|   0|  0|    9|           2|           1|
    |cmp257_i_fu_4042_p2                    |      icmp|   0|  0|   17|          10|           1|
    |cmp25_i33_fu_3384_p2                   |      icmp|   0|  0|   15|           8|           1|
    |cmp499_i7824_fu_3717_p2                |      icmp|   0|  0|   23|          16|          16|
    |cmp514_i_fu_4048_p2                    |      icmp|   0|  0|   17|          10|          10|
    |cmp_i_i_i_i_i_fu_3328_p2               |      icmp|   0|  0|   13|           6|           1|
    |hi_valid_fu_3990_p2                    |      icmp|   0|  0|   24|          17|          17|
    |icmp315_fu_3316_p2                     |      icmp|   0|  0|   16|           9|           1|
    |icmp321_fu_4294_p2                     |      icmp|   0|  0|   13|           6|           1|
    |icmp_fu_3190_p2                        |      icmp|   0|  0|   14|           7|           1|
    |icmp_ln1254_1_fu_3627_p2               |      icmp|   0|  0|   19|          12|          12|
    |icmp_ln1254_2_fu_3693_p2               |      icmp|   0|  0|   24|          17|           6|
    |icmp_ln1254_fu_3638_p2                 |      icmp|   0|  0|   26|          19|           6|
    |icmp_ln1272_1_fu_3738_p2               |      icmp|   0|  0|   17|          10|          10|
    |icmp_ln1272_2_fu_3749_p2               |      icmp|   0|  0|   25|          18|           8|
    |icmp_ln1272_fu_3804_p2                 |      icmp|   0|  0|   25|          18|           9|
    |icmp_ln1275_fu_3907_p2                 |      icmp|   0|  0|   17|          10|           1|
    |icmp_ln155_fu_3921_p2                  |      icmp|   0|  0|   12|           4|           4|
    |icmp_ln353_fu_4329_p2                  |      icmp|   0|  0|   24|          17|          17|
    |icmp_ln356_fu_4421_p2                  |      icmp|   0|  0|   24|          17|          17|
    |icmp_ln366_1_fu_4569_p2                |      icmp|   0|  0|   24|          17|          17|
    |icmp_ln366_fu_4513_p2                  |      icmp|   0|  0|   24|          17|          17|
    |icmp_ln683_fu_4635_p2                  |      icmp|   0|  0|   25|          18|          18|
    |leaky_relu_enable_assign_fu_3130_p2    |      icmp|   0|  0|   15|           8|           1|
    |lo_valid_fu_3985_p2                    |      icmp|   0|  0|   24|          17|          17|
    |ult851_fu_4363_p2                      |      icmp|   0|  0|   25|          18|          18|
    |ult_fu_4395_p2                         |      icmp|   0|  0|   24|          17|          17|
    |half_fu_3356_p2                        |      lshr|   0|  0|  179|           1|          64|
    |brmerge722_fu_4300_p2                  |        or|   0|  0|    2|           1|           1|
    |or_ln160_fu_3995_p2                    |        or|   0|  0|    2|           1|           1|
    |acc_hi_10_fu_4842_p3                   |    select|   0|  0|   28|           1|          28|
    |acc_hi_11_fu_4930_p3                   |    select|   0|  0|   28|           1|          28|
    |acc_hi_1_fu_4890_p3                    |    select|   0|  0|   28|           1|          28|
    |acc_hi_2_fu_4874_p3                    |    select|   0|  0|   28|           1|          28|
    |acc_hi_3_fu_4898_p3                    |    select|   0|  0|   28|           1|          28|
    |acc_hi_4_fu_4866_p3                    |    select|   0|  0|   28|           1|          28|
    |acc_hi_5_fu_4906_p3                    |    select|   0|  0|   28|           1|          28|
    |acc_hi_6_fu_4858_p3                    |    select|   0|  0|   28|           1|          28|
    |acc_hi_7_fu_4914_p3                    |    select|   0|  0|   28|           1|          28|
    |acc_hi_8_fu_4850_p3                    |    select|   0|  0|   28|           1|          28|
    |acc_hi_9_fu_4922_p3                    |    select|   0|  0|   28|           1|          28|
    |acc_hi_fu_4882_p3                      |    select|   0|  0|   28|           1|          28|
    |acc_lo_10_fu_4774_p3                   |    select|   0|  0|   28|           1|          28|
    |acc_lo_11_fu_4786_p3                   |    select|   0|  0|   28|           1|          28|
    |acc_lo_1_fu_4666_p3                    |    select|   0|  0|   28|           1|          28|
    |acc_lo_2_fu_4678_p3                    |    select|   0|  0|   28|           1|          28|
    |acc_lo_3_fu_4690_p3                    |    select|   0|  0|   28|           1|          28|
    |acc_lo_4_fu_4702_p3                    |    select|   0|  0|   28|           1|          28|
    |acc_lo_5_fu_4714_p3                    |    select|   0|  0|   28|           1|          28|
    |acc_lo_6_fu_4726_p3                    |    select|   0|  0|   28|           1|          28|
    |acc_lo_7_fu_4738_p3                    |    select|   0|  0|   28|           1|          28|
    |acc_lo_8_fu_4750_p3                    |    select|   0|  0|   28|           1|          28|
    |acc_lo_9_fu_4762_p3                    |    select|   0|  0|   28|           1|          28|
    |acc_lo_fu_4654_p3                      |    select|   0|  0|   28|           1|          28|
    |empty_468_fu_3722_p3                   |    select|   0|  0|   16|           1|          17|
    |empty_469_fu_4271_p3                   |    select|   0|  0|   16|           1|          16|
    |empty_470_fu_4277_p3                   |    select|   0|  0|   16|           1|          16|
    |empty_471_fu_4610_p3                   |    select|   0|  0|    7|           1|           7|
    |ic_count_fu_3913_p3                    |    select|   0|  0|    9|           1|           8|
    |select_ln1254_1_fu_3705_p3             |    select|   0|  0|   16|           1|          17|
    |select_ln1254_fu_3650_p3               |    select|   0|  0|   18|           1|          19|
    |select_ln1272_1_fu_3824_p3             |    select|   0|  0|    9|           1|           9|
    |select_ln1272_2_fu_3755_p3             |    select|   0|  0|   17|           1|          18|
    |select_ln1272_fu_3816_p3               |    select|   0|  0|   17|           1|          18|
    |select_ln473_fu_4593_p3                |    select|   0|  0|    7|           1|           7|
    |shl_i_i_i_i_i_fu_3374_p2               |       shl|   0|  0|  179|           1|          64|
    |rev852_fu_4411_p2                      |       xor|   0|  0|    2|           1|           2|
    |rev_fu_4400_p2                         |       xor|   0|  0|    2|           1|           2|
    |xor_ln1254_1_fu_3513_p2                |       xor|   0|  0|   17|          17|           2|
    |xor_ln1254_2_fu_3528_p2                |       xor|   0|  0|   17|          17|           2|
    |xor_ln1254_3_fu_3644_p2                |       xor|   0|  0|   19|          19|           2|
    |xor_ln1254_4_fu_3699_p2                |       xor|   0|  0|   17|           2|          17|
    |xor_ln1254_fu_3427_p2                  |       xor|   0|  0|   17|          17|           2|
    |xor_ln1272_1_fu_3862_p2                |       xor|   0|  0|    7|           7|           2|
    |xor_ln1272_fu_3810_p2                  |       xor|   0|  0|   18|          18|           2|
    |xor_ln366_fu_4563_p2                   |       xor|   0|  0|    2|           1|           2|
    |xor_ln683_fu_4639_p2                   |       xor|   0|  0|    2|           1|           2|
    +---------------------------------------+----------+----+---+-----+------------+------------+
    |Total                                  |          |   0|  0| 3367|        1644|        2262|
    +---------------------------------------+----------+----+---+-----+------------+------------+

    * Multiplexer: 
    +------------------------------------------------------------------------------------------------+-----+-----------+-----+-----------+
    |                                              Name                                              | LUT | Input Size| Bits| Total Bits|
    +------------------------------------------------------------------------------------------------+-----+-----------+-----+-----------+
    |RD_BUS2_0_ARVALID                                                                               |    9|          2|    1|          2|
    |RD_BUS2_0_RREADY                                                                                |    9|          2|    1|          2|
    |RD_BUS_0_ARADDR                                                                                 |   37|          7|   64|        448|
    |RD_BUS_0_ARLEN                                                                                  |   31|          6|   32|        192|
    |RD_BUS_0_ARVALID                                                                                |   26|          5|    1|          5|
    |RD_BUS_0_RREADY                                                                                 |   26|          5|    1|          5|
    |RD_BUS_blk_n_AR                                                                                 |    9|          2|    1|          2|
    |RD_BUS_blk_n_R                                                                                  |    9|          2|    1|          2|
    |WR_BUS_0_ARADDR                                                                                 |   14|          3|   64|        192|
    |WR_BUS_0_ARLEN                                                                                  |   14|          3|   32|         96|
    |WR_BUS_0_ARVALID                                                                                |   14|          3|    1|          3|
    |WR_BUS_0_AWADDR                                                                                 |   20|          4|   64|        256|
    |WR_BUS_0_AWLEN                                                                                  |   20|          4|   32|        128|
    |WR_BUS_0_AWVALID                                                                                |   20|          4|    1|          4|
    |WR_BUS_0_BREADY                                                                                 |   20|          4|    1|          4|
    |WR_BUS_0_RREADY                                                                                 |    9|          2|    1|          2|
    |WR_BUS_0_WDATA                                                                                  |   14|          3|   32|         96|
    |WR_BUS_0_WSTRB                                                                                  |   14|          3|    4|         12|
    |WR_BUS_0_WVALID                                                                                 |   14|          3|    1|          3|
    |WR_BUS_blk_n_AR                                                                                 |    9|          2|    1|          2|
    |WR_BUS_blk_n_AW                                                                                 |    9|          2|    1|          2|
    |WR_BUS_blk_n_B                                                                                  |    9|          2|    1|          2|
    |acc_fin_10_fu_1144                                                                              |    9|          2|   32|         64|
    |acc_fin_11_fu_1148                                                                              |    9|          2|   32|         64|
    |acc_fin_12_fu_1152                                                                              |    9|          2|   32|         64|
    |acc_fin_13_fu_1156                                                                              |    9|          2|   32|         64|
    |acc_fin_14_fu_1160                                                                              |    9|          2|   32|         64|
    |acc_fin_15_fu_1164                                                                              |    9|          2|   32|         64|
    |acc_fin_16_fu_1168                                                                              |    9|          2|   32|         64|
    |acc_fin_17_fu_1172                                                                              |    9|          2|   32|         64|
    |acc_fin_18_fu_1176                                                                              |    9|          2|   32|         64|
    |acc_fin_19_fu_1180                                                                              |    9|          2|   32|         64|
    |acc_fin_1_fu_1108                                                                               |    9|          2|   32|         64|
    |acc_fin_20_fu_1184                                                                              |    9|          2|   32|         64|
    |acc_fin_21_fu_1188                                                                              |    9|          2|   32|         64|
    |acc_fin_22_fu_1192                                                                              |    9|          2|   32|         64|
    |acc_fin_23_fu_1196                                                                              |    9|          2|   32|         64|
    |acc_fin_2_fu_1112                                                                               |    9|          2|   32|         64|
    |acc_fin_3_fu_1116                                                                               |    9|          2|   32|         64|
    |acc_fin_4_fu_1120                                                                               |    9|          2|   32|         64|
    |acc_fin_5_fu_1124                                                                               |    9|          2|   32|         64|
    |acc_fin_6_fu_1128                                                                               |    9|          2|   32|         64|
    |acc_fin_7_fu_1132                                                                               |    9|          2|   32|         64|
    |acc_fin_8_fu_1136                                                                               |    9|          2|   32|         64|
    |acc_fin_9_fu_1140                                                                               |    9|          2|   32|         64|
    |acc_fin_fu_1104                                                                                 |    9|          2|   32|         64|
    |ap_NS_fsm                                                                                       |  427|         81|    1|         81|
    |c_reg_1410                                                                                      |    9|          2|   17|         34|
    |ic_tile_reg_1363                                                                                |    9|          2|   10|         20|
    |indvars_iv17_reg_1353                                                                           |    9|          2|   18|         36|
    |indvars_iv8_fu_940                                                                              |    9|          2|   19|         38|
    |j_reg_1375                                                                                      |    9|          2|    4|          8|
    |oc_tile_fu_936                                                                                  |    9|          2|   12|         24|
    |p_ZZ11conv_enginePK7ap_uintILi32EEPK6ap_intILi8EES6_PKS3_ILi32EEPS4_PS7_tttthhhih_14_address0   |   14|          3|    7|         21|
    |p_ZZ11conv_enginePK7ap_uintILi32EEPK6ap_intILi8EES6_PKS3_ILi32EEPS4_PS7_tttthhhih_14_ce0        |   14|          3|    1|          3|
    |p_ZZ11conv_enginePK7ap_uintILi32EEPK6ap_intILi8EES6_PKS3_ILi32EEPS4_PS7_tttthhhih_14_we0        |    9|          2|    1|          2|
    |p_ZZ11conv_enginePK7ap_uintILi32EEPK6ap_intILi8EES6_PKS3_ILi32EEPS4_PS7_tttthhhih_15_address0   |   14|          3|    7|         21|
    |p_ZZ11conv_enginePK7ap_uintILi32EEPK6ap_intILi8EES6_PKS3_ILi32EEPS4_PS7_tttthhhih_15_ce0        |   14|          3|    1|          3|
    |p_ZZ11conv_enginePK7ap_uintILi32EEPK6ap_intILi8EES6_PKS3_ILi32EEPS4_PS7_tttthhhih_15_we0        |    9|          2|    1|          2|
    |p_ZZ11conv_enginePK7ap_uintILi32EEPK6ap_intILi8EES6_PKS3_ILi32EEPS4_PS7_tttthhhih_16_address0   |   14|          3|    7|         21|
    |p_ZZ11conv_enginePK7ap_uintILi32EEPK6ap_intILi8EES6_PKS3_ILi32EEPS4_PS7_tttthhhih_16_ce0        |   14|          3|    1|          3|
    |p_ZZ11conv_enginePK7ap_uintILi32EEPK6ap_intILi8EES6_PKS3_ILi32EEPS4_PS7_tttthhhih_16_we0        |    9|          2|    1|          2|
    |p_ZZ11conv_enginePK7ap_uintILi32EEPK6ap_intILi8EES6_PKS3_ILi32EEPS4_PS7_tttthhhih_17_address0   |   14|          3|    7|         21|
    |p_ZZ11conv_enginePK7ap_uintILi32EEPK6ap_intILi8EES6_PKS3_ILi32EEPS4_PS7_tttthhhih_17_ce0        |   14|          3|    1|          3|
    |p_ZZ11conv_enginePK7ap_uintILi32EEPK6ap_intILi8EES6_PKS3_ILi32EEPS4_PS7_tttthhhih_17_we0        |    9|          2|    1|          2|
    |p_ZZ11conv_enginePK7ap_uintILi32EEPK6ap_intILi8EES6_PKS3_ILi32EEPS4_PS7_tttthhhih_18_address0   |   14|          3|    7|         21|
    |p_ZZ11conv_enginePK7ap_uintILi32EEPK6ap_intILi8EES6_PKS3_ILi32EEPS4_PS7_tttthhhih_18_ce0        |   14|          3|    1|          3|
    |p_ZZ11conv_enginePK7ap_uintILi32EEPK6ap_intILi8EES6_PKS3_ILi32EEPS4_PS7_tttthhhih_18_we0        |    9|          2|    1|          2|
    |p_ZZ11conv_enginePK7ap_uintILi32EEPK6ap_intILi8EES6_PKS3_ILi32EEPS4_PS7_tttthhhih_19_address0   |   14|          3|    7|         21|
    |p_ZZ11conv_enginePK7ap_uintILi32EEPK6ap_intILi8EES6_PKS3_ILi32EEPS4_PS7_tttthhhih_19_ce0        |   14|          3|    1|          3|
    |p_ZZ11conv_enginePK7ap_uintILi32EEPK6ap_intILi8EES6_PKS3_ILi32EEPS4_PS7_tttthhhih_19_we0        |    9|          2|    1|          2|
    |p_ZZ11conv_enginePK7ap_uintILi32EEPK6ap_intILi8EES6_PKS3_ILi32EEPS4_PS7_tttthhhih_205_address0  |   14|          3|    7|         21|
    |p_ZZ11conv_enginePK7ap_uintILi32EEPK6ap_intILi8EES6_PKS3_ILi32EEPS4_PS7_tttthhhih_205_ce0       |   14|          3|    1|          3|
    |p_ZZ11conv_enginePK7ap_uintILi32EEPK6ap_intILi8EES6_PKS3_ILi32EEPS4_PS7_tttthhhih_205_we0       |    9|          2|    1|          2|
    |p_ZZ11conv_enginePK7ap_uintILi32EEPK6ap_intILi8EES6_PKS3_ILi32EEPS4_PS7_tttthhhih_206_address0  |   14|          3|    7|         21|
    |p_ZZ11conv_enginePK7ap_uintILi32EEPK6ap_intILi8EES6_PKS3_ILi32EEPS4_PS7_tttthhhih_206_ce0       |   14|          3|    1|          3|
    |p_ZZ11conv_enginePK7ap_uintILi32EEPK6ap_intILi8EES6_PKS3_ILi32EEPS4_PS7_tttthhhih_206_we0       |    9|          2|    1|          2|
    |p_ZZ11conv_enginePK7ap_uintILi32EEPK6ap_intILi8EES6_PKS3_ILi32EEPS4_PS7_tttthhhih_207_address0  |   14|          3|    7|         21|
    |p_ZZ11conv_enginePK7ap_uintILi32EEPK6ap_intILi8EES6_PKS3_ILi32EEPS4_PS7_tttthhhih_207_ce0       |   14|          3|    1|          3|
    |p_ZZ11conv_enginePK7ap_uintILi32EEPK6ap_intILi8EES6_PKS3_ILi32EEPS4_PS7_tttthhhih_207_we0       |    9|          2|    1|          2|
    |p_ZZ11conv_enginePK7ap_uintILi32EEPK6ap_intILi8EES6_PKS3_ILi32EEPS4_PS7_tttthhhih_208_address0  |   14|          3|    7|         21|
    |p_ZZ11conv_enginePK7ap_uintILi32EEPK6ap_intILi8EES6_PKS3_ILi32EEPS4_PS7_tttthhhih_208_ce0       |   14|          3|    1|          3|
    |p_ZZ11conv_enginePK7ap_uintILi32EEPK6ap_intILi8EES6_PKS3_ILi32EEPS4_PS7_tttthhhih_208_we0       |    9|          2|    1|          2|
    |p_ZZ11conv_enginePK7ap_uintILi32EEPK6ap_intILi8EES6_PKS3_ILi32EEPS4_PS7_tttthhhih_209_address0  |   14|          3|    7|         21|
    |p_ZZ11conv_enginePK7ap_uintILi32EEPK6ap_intILi8EES6_PKS3_ILi32EEPS4_PS7_tttthhhih_209_ce0       |   14|          3|    1|          3|
    |p_ZZ11conv_enginePK7ap_uintILi32EEPK6ap_intILi8EES6_PKS3_ILi32EEPS4_PS7_tttthhhih_209_we0       |    9|          2|    1|          2|
    |p_ZZ11conv_enginePK7ap_uintILi32EEPK6ap_intILi8EES6_PKS3_ILi32EEPS4_PS7_tttthhhih_20_address0   |   14|          3|    7|         21|
    |p_ZZ11conv_enginePK7ap_uintILi32EEPK6ap_intILi8EES6_PKS3_ILi32EEPS4_PS7_tttthhhih_20_ce0        |   14|          3|    1|          3|
    |p_ZZ11conv_enginePK7ap_uintILi32EEPK6ap_intILi8EES6_PKS3_ILi32EEPS4_PS7_tttthhhih_20_we0        |    9|          2|    1|          2|
    |p_ZZ11conv_enginePK7ap_uintILi32EEPK6ap_intILi8EES6_PKS3_ILi32EEPS4_PS7_tttthhhih_210_address0  |   14|          3|    7|         21|
    |p_ZZ11conv_enginePK7ap_uintILi32EEPK6ap_intILi8EES6_PKS3_ILi32EEPS4_PS7_tttthhhih_210_ce0       |   14|          3|    1|          3|
    |p_ZZ11conv_enginePK7ap_uintILi32EEPK6ap_intILi8EES6_PKS3_ILi32EEPS4_PS7_tttthhhih_210_we0       |    9|          2|    1|          2|
    |p_ZZ11conv_enginePK7ap_uintILi32EEPK6ap_intILi8EES6_PKS3_ILi32EEPS4_PS7_tttthhhih_211_address0  |   14|          3|    7|         21|
    |p_ZZ11conv_enginePK7ap_uintILi32EEPK6ap_intILi8EES6_PKS3_ILi32EEPS4_PS7_tttthhhih_211_ce0       |   14|          3|    1|          3|
    |p_ZZ11conv_enginePK7ap_uintILi32EEPK6ap_intILi8EES6_PKS3_ILi32EEPS4_PS7_tttthhhih_211_we0       |    9|          2|    1|          2|
    |p_ZZ11conv_enginePK7ap_uintILi32EEPK6ap_intILi8EES6_PKS3_ILi32EEPS4_PS7_tttthhhih_212_address0  |   14|          3|    7|         21|
    |p_ZZ11conv_enginePK7ap_uintILi32EEPK6ap_intILi8EES6_PKS3_ILi32EEPS4_PS7_tttthhhih_212_ce0       |   14|          3|    1|          3|
    |p_ZZ11conv_enginePK7ap_uintILi32EEPK6ap_intILi8EES6_PKS3_ILi32EEPS4_PS7_tttthhhih_212_we0       |    9|          2|    1|          2|
    |p_ZZ11conv_enginePK7ap_uintILi32EEPK6ap_intILi8EES6_PKS3_ILi32EEPS4_PS7_tttthhhih_213_address0  |   14|          3|    7|         21|
    |p_ZZ11conv_enginePK7ap_uintILi32EEPK6ap_intILi8EES6_PKS3_ILi32EEPS4_PS7_tttthhhih_213_ce0       |   14|          3|    1|          3|
    |p_ZZ11conv_enginePK7ap_uintILi32EEPK6ap_intILi8EES6_PKS3_ILi32EEPS4_PS7_tttthhhih_213_we0       |    9|          2|    1|          2|
    |p_ZZ11conv_enginePK7ap_uintILi32EEPK6ap_intILi8EES6_PKS3_ILi32EEPS4_PS7_tttthhhih_214_address0  |   14|          3|    7|         21|
    |p_ZZ11conv_enginePK7ap_uintILi32EEPK6ap_intILi8EES6_PKS3_ILi32EEPS4_PS7_tttthhhih_214_ce0       |   14|          3|    1|          3|
    |p_ZZ11conv_enginePK7ap_uintILi32EEPK6ap_intILi8EES6_PKS3_ILi32EEPS4_PS7_tttthhhih_214_we0       |    9|          2|    1|          2|
    |p_ZZ11conv_enginePK7ap_uintILi32EEPK6ap_intILi8EES6_PKS3_ILi32EEPS4_PS7_tttthhhih_215_address0  |   14|          3|    7|         21|
    |p_ZZ11conv_enginePK7ap_uintILi32EEPK6ap_intILi8EES6_PKS3_ILi32EEPS4_PS7_tttthhhih_215_ce0       |   14|          3|    1|          3|
    |p_ZZ11conv_enginePK7ap_uintILi32EEPK6ap_intILi8EES6_PKS3_ILi32EEPS4_PS7_tttthhhih_215_we0       |    9|          2|    1|          2|
    |p_ZZ11conv_enginePK7ap_uintILi32EEPK6ap_intILi8EES6_PKS3_ILi32EEPS4_PS7_tttthhhih_216_address0  |   14|          3|    7|         21|
    |p_ZZ11conv_enginePK7ap_uintILi32EEPK6ap_intILi8EES6_PKS3_ILi32EEPS4_PS7_tttthhhih_216_ce0       |   14|          3|    1|          3|
    |p_ZZ11conv_enginePK7ap_uintILi32EEPK6ap_intILi8EES6_PKS3_ILi32EEPS4_PS7_tttthhhih_216_we0       |    9|          2|    1|          2|
    |p_ZZ11conv_enginePK7ap_uintILi32EEPK6ap_intILi8EES6_PKS3_ILi32EEPS4_PS7_tttthhhih_217_address0  |   14|          3|    7|         21|
    |p_ZZ11conv_enginePK7ap_uintILi32EEPK6ap_intILi8EES6_PKS3_ILi32EEPS4_PS7_tttthhhih_217_ce0       |   14|          3|    1|          3|
    |p_ZZ11conv_enginePK7ap_uintILi32EEPK6ap_intILi8EES6_PKS3_ILi32EEPS4_PS7_tttthhhih_217_we0       |    9|          2|    1|          2|
    |p_ZZ11conv_enginePK7ap_uintILi32EEPK6ap_intILi8EES6_PKS3_ILi32EEPS4_PS7_tttthhhih_218_address0  |   14|          3|    7|         21|
    |p_ZZ11conv_enginePK7ap_uintILi32EEPK6ap_intILi8EES6_PKS3_ILi32EEPS4_PS7_tttthhhih_218_ce0       |   14|          3|    1|          3|
    |p_ZZ11conv_enginePK7ap_uintILi32EEPK6ap_intILi8EES6_PKS3_ILi32EEPS4_PS7_tttthhhih_218_we0       |    9|          2|    1|          2|
    |p_ZZ11conv_enginePK7ap_uintILi32EEPK6ap_intILi8EES6_PKS3_ILi32EEPS4_PS7_tttthhhih_219_address0  |   14|          3|    7|         21|
    |p_ZZ11conv_enginePK7ap_uintILi32EEPK6ap_intILi8EES6_PKS3_ILi32EEPS4_PS7_tttthhhih_219_ce0       |   14|          3|    1|          3|
    |p_ZZ11conv_enginePK7ap_uintILi32EEPK6ap_intILi8EES6_PKS3_ILi32EEPS4_PS7_tttthhhih_219_we0       |    9|          2|    1|          2|
    |p_ZZ11conv_enginePK7ap_uintILi32EEPK6ap_intILi8EES6_PKS3_ILi32EEPS4_PS7_tttthhhih_21_address0   |   14|          3|    7|         21|
    |p_ZZ11conv_enginePK7ap_uintILi32EEPK6ap_intILi8EES6_PKS3_ILi32EEPS4_PS7_tttthhhih_21_ce0        |   14|          3|    1|          3|
    |p_ZZ11conv_enginePK7ap_uintILi32EEPK6ap_intILi8EES6_PKS3_ILi32EEPS4_PS7_tttthhhih_21_we0        |    9|          2|    1|          2|
    |p_ZZ11conv_enginePK7ap_uintILi32EEPK6ap_intILi8EES6_PKS3_ILi32EEPS4_PS7_tttthhhih_220_address0  |   14|          3|    7|         21|
    |p_ZZ11conv_enginePK7ap_uintILi32EEPK6ap_intILi8EES6_PKS3_ILi32EEPS4_PS7_tttthhhih_220_ce0       |   14|          3|    1|          3|
    |p_ZZ11conv_enginePK7ap_uintILi32EEPK6ap_intILi8EES6_PKS3_ILi32EEPS4_PS7_tttthhhih_220_we0       |    9|          2|    1|          2|
    |p_ZZ11conv_enginePK7ap_uintILi32EEPK6ap_intILi8EES6_PKS3_ILi32EEPS4_PS7_tttthhhih_221_address0  |   14|          3|    7|         21|
    |p_ZZ11conv_enginePK7ap_uintILi32EEPK6ap_intILi8EES6_PKS3_ILi32EEPS4_PS7_tttthhhih_221_ce0       |   14|          3|    1|          3|
    |p_ZZ11conv_enginePK7ap_uintILi32EEPK6ap_intILi8EES6_PKS3_ILi32EEPS4_PS7_tttthhhih_221_we0       |    9|          2|    1|          2|
    |p_ZZ11conv_enginePK7ap_uintILi32EEPK6ap_intILi8EES6_PKS3_ILi32EEPS4_PS7_tttthhhih_222_address0  |   14|          3|    7|         21|
    |p_ZZ11conv_enginePK7ap_uintILi32EEPK6ap_intILi8EES6_PKS3_ILi32EEPS4_PS7_tttthhhih_222_ce0       |   14|          3|    1|          3|
    |p_ZZ11conv_enginePK7ap_uintILi32EEPK6ap_intILi8EES6_PKS3_ILi32EEPS4_PS7_tttthhhih_222_we0       |    9|          2|    1|          2|
    |p_ZZ11conv_enginePK7ap_uintILi32EEPK6ap_intILi8EES6_PKS3_ILi32EEPS4_PS7_tttthhhih_223_address0  |   14|          3|    7|         21|
    |p_ZZ11conv_enginePK7ap_uintILi32EEPK6ap_intILi8EES6_PKS3_ILi32EEPS4_PS7_tttthhhih_223_ce0       |   14|          3|    1|          3|
    |p_ZZ11conv_enginePK7ap_uintILi32EEPK6ap_intILi8EES6_PKS3_ILi32EEPS4_PS7_tttthhhih_223_we0       |    9|          2|    1|          2|
    |p_ZZ11conv_enginePK7ap_uintILi32EEPK6ap_intILi8EES6_PKS3_ILi32EEPS4_PS7_tttthhhih_224_address0  |   14|          3|    7|         21|
    |p_ZZ11conv_enginePK7ap_uintILi32EEPK6ap_intILi8EES6_PKS3_ILi32EEPS4_PS7_tttthhhih_224_ce0       |   14|          3|    1|          3|
    |p_ZZ11conv_enginePK7ap_uintILi32EEPK6ap_intILi8EES6_PKS3_ILi32EEPS4_PS7_tttthhhih_224_we0       |    9|          2|    1|          2|
    |p_ZZ11conv_enginePK7ap_uintILi32EEPK6ap_intILi8EES6_PKS3_ILi32EEPS4_PS7_tttthhhih_225_address0  |   14|          3|    7|         21|
    |p_ZZ11conv_enginePK7ap_uintILi32EEPK6ap_intILi8EES6_PKS3_ILi32EEPS4_PS7_tttthhhih_225_ce0       |   14|          3|    1|          3|
    |p_ZZ11conv_enginePK7ap_uintILi32EEPK6ap_intILi8EES6_PKS3_ILi32EEPS4_PS7_tttthhhih_225_we0       |    9|          2|    1|          2|
    |p_ZZ11conv_enginePK7ap_uintILi32EEPK6ap_intILi8EES6_PKS3_ILi32EEPS4_PS7_tttthhhih_226_address0  |   14|          3|    7|         21|
    |p_ZZ11conv_enginePK7ap_uintILi32EEPK6ap_intILi8EES6_PKS3_ILi32EEPS4_PS7_tttthhhih_226_ce0       |   14|          3|    1|          3|
    |p_ZZ11conv_enginePK7ap_uintILi32EEPK6ap_intILi8EES6_PKS3_ILi32EEPS4_PS7_tttthhhih_226_we0       |    9|          2|    1|          2|
    |p_ZZ11conv_enginePK7ap_uintILi32EEPK6ap_intILi8EES6_PKS3_ILi32EEPS4_PS7_tttthhhih_227_address0  |   14|          3|    7|         21|
    |p_ZZ11conv_enginePK7ap_uintILi32EEPK6ap_intILi8EES6_PKS3_ILi32EEPS4_PS7_tttthhhih_227_ce0       |   14|          3|    1|          3|
    |p_ZZ11conv_enginePK7ap_uintILi32EEPK6ap_intILi8EES6_PKS3_ILi32EEPS4_PS7_tttthhhih_227_we0       |    9|          2|    1|          2|
    |p_ZZ11conv_enginePK7ap_uintILi32EEPK6ap_intILi8EES6_PKS3_ILi32EEPS4_PS7_tttthhhih_228_address0  |   14|          3|    7|         21|
    |p_ZZ11conv_enginePK7ap_uintILi32EEPK6ap_intILi8EES6_PKS3_ILi32EEPS4_PS7_tttthhhih_228_ce0       |   14|          3|    1|          3|
    |p_ZZ11conv_enginePK7ap_uintILi32EEPK6ap_intILi8EES6_PKS3_ILi32EEPS4_PS7_tttthhhih_228_we0       |    9|          2|    1|          2|
    |p_ZZ11conv_enginePK7ap_uintILi32EEPK6ap_intILi8EES6_PKS3_ILi32EEPS4_PS7_tttthhhih_229_address0  |   14|          3|    7|         21|
    |p_ZZ11conv_enginePK7ap_uintILi32EEPK6ap_intILi8EES6_PKS3_ILi32EEPS4_PS7_tttthhhih_229_ce0       |   14|          3|    1|          3|
    |p_ZZ11conv_enginePK7ap_uintILi32EEPK6ap_intILi8EES6_PKS3_ILi32EEPS4_PS7_tttthhhih_229_we0       |    9|          2|    1|          2|
    |p_ZZ11conv_enginePK7ap_uintILi32EEPK6ap_intILi8EES6_PKS3_ILi32EEPS4_PS7_tttthhhih_22_address0   |   14|          3|    7|         21|
    |p_ZZ11conv_enginePK7ap_uintILi32EEPK6ap_intILi8EES6_PKS3_ILi32EEPS4_PS7_tttthhhih_22_ce0        |   14|          3|    1|          3|
    |p_ZZ11conv_enginePK7ap_uintILi32EEPK6ap_intILi8EES6_PKS3_ILi32EEPS4_PS7_tttthhhih_22_we0        |    9|          2|    1|          2|
    |p_ZZ11conv_enginePK7ap_uintILi32EEPK6ap_intILi8EES6_PKS3_ILi32EEPS4_PS7_tttthhhih_230_address0  |   14|          3|    7|         21|
    |p_ZZ11conv_enginePK7ap_uintILi32EEPK6ap_intILi8EES6_PKS3_ILi32EEPS4_PS7_tttthhhih_230_ce0       |   14|          3|    1|          3|
    |p_ZZ11conv_enginePK7ap_uintILi32EEPK6ap_intILi8EES6_PKS3_ILi32EEPS4_PS7_tttthhhih_230_we0       |    9|          2|    1|          2|
    |p_ZZ11conv_enginePK7ap_uintILi32EEPK6ap_intILi8EES6_PKS3_ILi32EEPS4_PS7_tttthhhih_231_address0  |   14|          3|    7|         21|
    |p_ZZ11conv_enginePK7ap_uintILi32EEPK6ap_intILi8EES6_PKS3_ILi32EEPS4_PS7_tttthhhih_231_ce0       |   14|          3|    1|          3|
    |p_ZZ11conv_enginePK7ap_uintILi32EEPK6ap_intILi8EES6_PKS3_ILi32EEPS4_PS7_tttthhhih_231_we0       |    9|          2|    1|          2|
    |p_ZZ11conv_enginePK7ap_uintILi32EEPK6ap_intILi8EES6_PKS3_ILi32EEPS4_PS7_tttthhhih_232_address0  |   14|          3|    7|         21|
    |p_ZZ11conv_enginePK7ap_uintILi32EEPK6ap_intILi8EES6_PKS3_ILi32EEPS4_PS7_tttthhhih_232_ce0       |   14|          3|    1|          3|
    |p_ZZ11conv_enginePK7ap_uintILi32EEPK6ap_intILi8EES6_PKS3_ILi32EEPS4_PS7_tttthhhih_232_we0       |    9|          2|    1|          2|
    |p_ZZ11conv_enginePK7ap_uintILi32EEPK6ap_intILi8EES6_PKS3_ILi32EEPS4_PS7_tttthhhih_233_address0  |   14|          3|    7|         21|
    |p_ZZ11conv_enginePK7ap_uintILi32EEPK6ap_intILi8EES6_PKS3_ILi32EEPS4_PS7_tttthhhih_233_ce0       |   14|          3|    1|          3|
    |p_ZZ11conv_enginePK7ap_uintILi32EEPK6ap_intILi8EES6_PKS3_ILi32EEPS4_PS7_tttthhhih_233_we0       |    9|          2|    1|          2|
    |p_ZZ11conv_enginePK7ap_uintILi32EEPK6ap_intILi8EES6_PKS3_ILi32EEPS4_PS7_tttthhhih_234_address0  |   14|          3|    7|         21|
    |p_ZZ11conv_enginePK7ap_uintILi32EEPK6ap_intILi8EES6_PKS3_ILi32EEPS4_PS7_tttthhhih_234_ce0       |   14|          3|    1|          3|
    |p_ZZ11conv_enginePK7ap_uintILi32EEPK6ap_intILi8EES6_PKS3_ILi32EEPS4_PS7_tttthhhih_234_we0       |    9|          2|    1|          2|
    |p_ZZ11conv_enginePK7ap_uintILi32EEPK6ap_intILi8EES6_PKS3_ILi32EEPS4_PS7_tttthhhih_235_address0  |   14|          3|    7|         21|
    |p_ZZ11conv_enginePK7ap_uintILi32EEPK6ap_intILi8EES6_PKS3_ILi32EEPS4_PS7_tttthhhih_235_ce0       |   14|          3|    1|          3|
    |p_ZZ11conv_enginePK7ap_uintILi32EEPK6ap_intILi8EES6_PKS3_ILi32EEPS4_PS7_tttthhhih_235_we0       |    9|          2|    1|          2|
    |p_ZZ11conv_enginePK7ap_uintILi32EEPK6ap_intILi8EES6_PKS3_ILi32EEPS4_PS7_tttthhhih_236_address0  |   14|          3|    7|         21|
    |p_ZZ11conv_enginePK7ap_uintILi32EEPK6ap_intILi8EES6_PKS3_ILi32EEPS4_PS7_tttthhhih_236_ce0       |   14|          3|    1|          3|
    |p_ZZ11conv_enginePK7ap_uintILi32EEPK6ap_intILi8EES6_PKS3_ILi32EEPS4_PS7_tttthhhih_236_we0       |    9|          2|    1|          2|
    |p_ZZ11conv_enginePK7ap_uintILi32EEPK6ap_intILi8EES6_PKS3_ILi32EEPS4_PS7_tttthhhih_237_address0  |   14|          3|    7|         21|
    |p_ZZ11conv_enginePK7ap_uintILi32EEPK6ap_intILi8EES6_PKS3_ILi32EEPS4_PS7_tttthhhih_237_ce0       |   14|          3|    1|          3|
    |p_ZZ11conv_enginePK7ap_uintILi32EEPK6ap_intILi8EES6_PKS3_ILi32EEPS4_PS7_tttthhhih_237_we0       |    9|          2|    1|          2|
    |p_ZZ11conv_enginePK7ap_uintILi32EEPK6ap_intILi8EES6_PKS3_ILi32EEPS4_PS7_tttthhhih_238_address0  |   14|          3|    7|         21|
    |p_ZZ11conv_enginePK7ap_uintILi32EEPK6ap_intILi8EES6_PKS3_ILi32EEPS4_PS7_tttthhhih_238_ce0       |   14|          3|    1|          3|
    |p_ZZ11conv_enginePK7ap_uintILi32EEPK6ap_intILi8EES6_PKS3_ILi32EEPS4_PS7_tttthhhih_238_we0       |    9|          2|    1|          2|
    |p_ZZ11conv_enginePK7ap_uintILi32EEPK6ap_intILi8EES6_PKS3_ILi32EEPS4_PS7_tttthhhih_239_address0  |   14|          3|    7|         21|
    |p_ZZ11conv_enginePK7ap_uintILi32EEPK6ap_intILi8EES6_PKS3_ILi32EEPS4_PS7_tttthhhih_239_ce0       |   14|          3|    1|          3|
    |p_ZZ11conv_enginePK7ap_uintILi32EEPK6ap_intILi8EES6_PKS3_ILi32EEPS4_PS7_tttthhhih_239_we0       |    9|          2|    1|          2|
    |p_ZZ11conv_enginePK7ap_uintILi32EEPK6ap_intILi8EES6_PKS3_ILi32EEPS4_PS7_tttthhhih_23_address0   |   14|          3|    7|         21|
    |p_ZZ11conv_enginePK7ap_uintILi32EEPK6ap_intILi8EES6_PKS3_ILi32EEPS4_PS7_tttthhhih_23_ce0        |   14|          3|    1|          3|
    |p_ZZ11conv_enginePK7ap_uintILi32EEPK6ap_intILi8EES6_PKS3_ILi32EEPS4_PS7_tttthhhih_23_we0        |    9|          2|    1|          2|
    |p_ZZ11conv_enginePK7ap_uintILi32EEPK6ap_intILi8EES6_PKS3_ILi32EEPS4_PS7_tttthhhih_240_address0  |   14|          3|    7|         21|
    |p_ZZ11conv_enginePK7ap_uintILi32EEPK6ap_intILi8EES6_PKS3_ILi32EEPS4_PS7_tttthhhih_240_ce0       |   14|          3|    1|          3|
    |p_ZZ11conv_enginePK7ap_uintILi32EEPK6ap_intILi8EES6_PKS3_ILi32EEPS4_PS7_tttthhhih_240_we0       |    9|          2|    1|          2|
    |p_ZZ11conv_enginePK7ap_uintILi32EEPK6ap_intILi8EES6_PKS3_ILi32EEPS4_PS7_tttthhhih_241_address0  |   14|          3|    7|         21|
    |p_ZZ11conv_enginePK7ap_uintILi32EEPK6ap_intILi8EES6_PKS3_ILi32EEPS4_PS7_tttthhhih_241_ce0       |   14|          3|    1|          3|
    |p_ZZ11conv_enginePK7ap_uintILi32EEPK6ap_intILi8EES6_PKS3_ILi32EEPS4_PS7_tttthhhih_241_we0       |    9|          2|    1|          2|
    |p_ZZ11conv_enginePK7ap_uintILi32EEPK6ap_intILi8EES6_PKS3_ILi32EEPS4_PS7_tttthhhih_242_address0  |   14|          3|    7|         21|
    |p_ZZ11conv_enginePK7ap_uintILi32EEPK6ap_intILi8EES6_PKS3_ILi32EEPS4_PS7_tttthhhih_242_ce0       |   14|          3|    1|          3|
    |p_ZZ11conv_enginePK7ap_uintILi32EEPK6ap_intILi8EES6_PKS3_ILi32EEPS4_PS7_tttthhhih_242_we0       |    9|          2|    1|          2|
    |p_ZZ11conv_enginePK7ap_uintILi32EEPK6ap_intILi8EES6_PKS3_ILi32EEPS4_PS7_tttthhhih_243_address0  |   14|          3|    7|         21|
    |p_ZZ11conv_enginePK7ap_uintILi32EEPK6ap_intILi8EES6_PKS3_ILi32EEPS4_PS7_tttthhhih_243_ce0       |   14|          3|    1|          3|
    |p_ZZ11conv_enginePK7ap_uintILi32EEPK6ap_intILi8EES6_PKS3_ILi32EEPS4_PS7_tttthhhih_243_we0       |    9|          2|    1|          2|
    |p_ZZ11conv_enginePK7ap_uintILi32EEPK6ap_intILi8EES6_PKS3_ILi32EEPS4_PS7_tttthhhih_244_address0  |   14|          3|    7|         21|
    |p_ZZ11conv_enginePK7ap_uintILi32EEPK6ap_intILi8EES6_PKS3_ILi32EEPS4_PS7_tttthhhih_244_ce0       |   14|          3|    1|          3|
    |p_ZZ11conv_enginePK7ap_uintILi32EEPK6ap_intILi8EES6_PKS3_ILi32EEPS4_PS7_tttthhhih_244_we0       |    9|          2|    1|          2|
    |p_ZZ11conv_enginePK7ap_uintILi32EEPK6ap_intILi8EES6_PKS3_ILi32EEPS4_PS7_tttthhhih_245_address0  |   14|          3|    7|         21|
    |p_ZZ11conv_enginePK7ap_uintILi32EEPK6ap_intILi8EES6_PKS3_ILi32EEPS4_PS7_tttthhhih_245_ce0       |   14|          3|    1|          3|
    |p_ZZ11conv_enginePK7ap_uintILi32EEPK6ap_intILi8EES6_PKS3_ILi32EEPS4_PS7_tttthhhih_245_we0       |    9|          2|    1|          2|
    |p_ZZ11conv_enginePK7ap_uintILi32EEPK6ap_intILi8EES6_PKS3_ILi32EEPS4_PS7_tttthhhih_246_address0  |   14|          3|    7|         21|
    |p_ZZ11conv_enginePK7ap_uintILi32EEPK6ap_intILi8EES6_PKS3_ILi32EEPS4_PS7_tttthhhih_246_ce0       |   14|          3|    1|          3|
    |p_ZZ11conv_enginePK7ap_uintILi32EEPK6ap_intILi8EES6_PKS3_ILi32EEPS4_PS7_tttthhhih_246_we0       |    9|          2|    1|          2|
    |p_ZZ11conv_enginePK7ap_uintILi32EEPK6ap_intILi8EES6_PKS3_ILi32EEPS4_PS7_tttthhhih_247_address0  |   14|          3|    7|         21|
    |p_ZZ11conv_enginePK7ap_uintILi32EEPK6ap_intILi8EES6_PKS3_ILi32EEPS4_PS7_tttthhhih_247_ce0       |   14|          3|    1|          3|
    |p_ZZ11conv_enginePK7ap_uintILi32EEPK6ap_intILi8EES6_PKS3_ILi32EEPS4_PS7_tttthhhih_247_we0       |    9|          2|    1|          2|
    |p_ZZ11conv_enginePK7ap_uintILi32EEPK6ap_intILi8EES6_PKS3_ILi32EEPS4_PS7_tttthhhih_248_address0  |   14|          3|    7|         21|
    |p_ZZ11conv_enginePK7ap_uintILi32EEPK6ap_intILi8EES6_PKS3_ILi32EEPS4_PS7_tttthhhih_248_ce0       |   14|          3|    1|          3|
    |p_ZZ11conv_enginePK7ap_uintILi32EEPK6ap_intILi8EES6_PKS3_ILi32EEPS4_PS7_tttthhhih_248_we0       |    9|          2|    1|          2|
    |p_ZZ11conv_enginePK7ap_uintILi32EEPK6ap_intILi8EES6_PKS3_ILi32EEPS4_PS7_tttthhhih_249_address0  |   14|          3|    7|         21|
    |p_ZZ11conv_enginePK7ap_uintILi32EEPK6ap_intILi8EES6_PKS3_ILi32EEPS4_PS7_tttthhhih_249_ce0       |   14|          3|    1|          3|
    |p_ZZ11conv_enginePK7ap_uintILi32EEPK6ap_intILi8EES6_PKS3_ILi32EEPS4_PS7_tttthhhih_249_we0       |    9|          2|    1|          2|
    |p_ZZ11conv_enginePK7ap_uintILi32EEPK6ap_intILi8EES6_PKS3_ILi32EEPS4_PS7_tttthhhih_24_address0   |   14|          3|    7|         21|
    |p_ZZ11conv_enginePK7ap_uintILi32EEPK6ap_intILi8EES6_PKS3_ILi32EEPS4_PS7_tttthhhih_24_ce0        |   14|          3|    1|          3|
    |p_ZZ11conv_enginePK7ap_uintILi32EEPK6ap_intILi8EES6_PKS3_ILi32EEPS4_PS7_tttthhhih_24_we0        |    9|          2|    1|          2|
    |p_ZZ11conv_enginePK7ap_uintILi32EEPK6ap_intILi8EES6_PKS3_ILi32EEPS4_PS7_tttthhhih_250_address0  |   14|          3|    7|         21|
    |p_ZZ11conv_enginePK7ap_uintILi32EEPK6ap_intILi8EES6_PKS3_ILi32EEPS4_PS7_tttthhhih_250_ce0       |   14|          3|    1|          3|
    |p_ZZ11conv_enginePK7ap_uintILi32EEPK6ap_intILi8EES6_PKS3_ILi32EEPS4_PS7_tttthhhih_250_we0       |    9|          2|    1|          2|
    |p_ZZ11conv_enginePK7ap_uintILi32EEPK6ap_intILi8EES6_PKS3_ILi32EEPS4_PS7_tttthhhih_251_address0  |   14|          3|    7|         21|
    |p_ZZ11conv_enginePK7ap_uintILi32EEPK6ap_intILi8EES6_PKS3_ILi32EEPS4_PS7_tttthhhih_251_ce0       |   14|          3|    1|          3|
    |p_ZZ11conv_enginePK7ap_uintILi32EEPK6ap_intILi8EES6_PKS3_ILi32EEPS4_PS7_tttthhhih_251_we0       |    9|          2|    1|          2|
    |p_ZZ11conv_enginePK7ap_uintILi32EEPK6ap_intILi8EES6_PKS3_ILi32EEPS4_PS7_tttthhhih_252_address0  |   14|          3|    7|         21|
    |p_ZZ11conv_enginePK7ap_uintILi32EEPK6ap_intILi8EES6_PKS3_ILi32EEPS4_PS7_tttthhhih_252_ce0       |   14|          3|    1|          3|
    |p_ZZ11conv_enginePK7ap_uintILi32EEPK6ap_intILi8EES6_PKS3_ILi32EEPS4_PS7_tttthhhih_252_we0       |    9|          2|    1|          2|
    |p_ZZ11conv_enginePK7ap_uintILi32EEPK6ap_intILi8EES6_PKS3_ILi32EEPS4_PS7_tttthhhih_253_address0  |   14|          3|    7|         21|
    |p_ZZ11conv_enginePK7ap_uintILi32EEPK6ap_intILi8EES6_PKS3_ILi32EEPS4_PS7_tttthhhih_253_ce0       |   14|          3|    1|          3|
    |p_ZZ11conv_enginePK7ap_uintILi32EEPK6ap_intILi8EES6_PKS3_ILi32EEPS4_PS7_tttthhhih_253_we0       |    9|          2|    1|          2|
    |p_ZZ11conv_enginePK7ap_uintILi32EEPK6ap_intILi8EES6_PKS3_ILi32EEPS4_PS7_tttthhhih_254_address0  |   14|          3|    7|         21|
    |p_ZZ11conv_enginePK7ap_uintILi32EEPK6ap_intILi8EES6_PKS3_ILi32EEPS4_PS7_tttthhhih_254_ce0       |   14|          3|    1|          3|
    |p_ZZ11conv_enginePK7ap_uintILi32EEPK6ap_intILi8EES6_PKS3_ILi32EEPS4_PS7_tttthhhih_254_we0       |    9|          2|    1|          2|
    |p_ZZ11conv_enginePK7ap_uintILi32EEPK6ap_intILi8EES6_PKS3_ILi32EEPS4_PS7_tttthhhih_255_address0  |   14|          3|    7|         21|
    |p_ZZ11conv_enginePK7ap_uintILi32EEPK6ap_intILi8EES6_PKS3_ILi32EEPS4_PS7_tttthhhih_255_ce0       |   14|          3|    1|          3|
    |p_ZZ11conv_enginePK7ap_uintILi32EEPK6ap_intILi8EES6_PKS3_ILi32EEPS4_PS7_tttthhhih_255_we0       |    9|          2|    1|          2|
    |p_ZZ11conv_enginePK7ap_uintILi32EEPK6ap_intILi8EES6_PKS3_ILi32EEPS4_PS7_tttthhhih_256_address0  |   14|          3|    7|         21|
    |p_ZZ11conv_enginePK7ap_uintILi32EEPK6ap_intILi8EES6_PKS3_ILi32EEPS4_PS7_tttthhhih_256_ce0       |   14|          3|    1|          3|
    |p_ZZ11conv_enginePK7ap_uintILi32EEPK6ap_intILi8EES6_PKS3_ILi32EEPS4_PS7_tttthhhih_256_we0       |    9|          2|    1|          2|
    |p_ZZ11conv_enginePK7ap_uintILi32EEPK6ap_intILi8EES6_PKS3_ILi32EEPS4_PS7_tttthhhih_257_address0  |   14|          3|    7|         21|
    |p_ZZ11conv_enginePK7ap_uintILi32EEPK6ap_intILi8EES6_PKS3_ILi32EEPS4_PS7_tttthhhih_257_ce0       |   14|          3|    1|          3|
    |p_ZZ11conv_enginePK7ap_uintILi32EEPK6ap_intILi8EES6_PKS3_ILi32EEPS4_PS7_tttthhhih_257_we0       |    9|          2|    1|          2|
    |p_ZZ11conv_enginePK7ap_uintILi32EEPK6ap_intILi8EES6_PKS3_ILi32EEPS4_PS7_tttthhhih_258_address0  |   14|          3|    7|         21|
    |p_ZZ11conv_enginePK7ap_uintILi32EEPK6ap_intILi8EES6_PKS3_ILi32EEPS4_PS7_tttthhhih_258_ce0       |   14|          3|    1|          3|
    |p_ZZ11conv_enginePK7ap_uintILi32EEPK6ap_intILi8EES6_PKS3_ILi32EEPS4_PS7_tttthhhih_258_we0       |    9|          2|    1|          2|
    |p_ZZ11conv_enginePK7ap_uintILi32EEPK6ap_intILi8EES6_PKS3_ILi32EEPS4_PS7_tttthhhih_259_address0  |   14|          3|    7|         21|
    |p_ZZ11conv_enginePK7ap_uintILi32EEPK6ap_intILi8EES6_PKS3_ILi32EEPS4_PS7_tttthhhih_259_ce0       |   14|          3|    1|          3|
    |p_ZZ11conv_enginePK7ap_uintILi32EEPK6ap_intILi8EES6_PKS3_ILi32EEPS4_PS7_tttthhhih_259_we0       |    9|          2|    1|          2|
    |p_ZZ11conv_enginePK7ap_uintILi32EEPK6ap_intILi8EES6_PKS3_ILi32EEPS4_PS7_tttthhhih_25_address0   |   14|          3|    7|         21|
    |p_ZZ11conv_enginePK7ap_uintILi32EEPK6ap_intILi8EES6_PKS3_ILi32EEPS4_PS7_tttthhhih_25_ce0        |   14|          3|    1|          3|
    |p_ZZ11conv_enginePK7ap_uintILi32EEPK6ap_intILi8EES6_PKS3_ILi32EEPS4_PS7_tttthhhih_25_we0        |    9|          2|    1|          2|
    |p_ZZ11conv_enginePK7ap_uintILi32EEPK6ap_intILi8EES6_PKS3_ILi32EEPS4_PS7_tttthhhih_260_address0  |   14|          3|    7|         21|
    |p_ZZ11conv_enginePK7ap_uintILi32EEPK6ap_intILi8EES6_PKS3_ILi32EEPS4_PS7_tttthhhih_260_ce0       |   14|          3|    1|          3|
    |p_ZZ11conv_enginePK7ap_uintILi32EEPK6ap_intILi8EES6_PKS3_ILi32EEPS4_PS7_tttthhhih_260_we0       |    9|          2|    1|          2|
    |p_ZZ11conv_enginePK7ap_uintILi32EEPK6ap_intILi8EES6_PKS3_ILi32EEPS4_PS7_tttthhhih_261_address0  |   14|          3|    7|         21|
    |p_ZZ11conv_enginePK7ap_uintILi32EEPK6ap_intILi8EES6_PKS3_ILi32EEPS4_PS7_tttthhhih_261_ce0       |   14|          3|    1|          3|
    |p_ZZ11conv_enginePK7ap_uintILi32EEPK6ap_intILi8EES6_PKS3_ILi32EEPS4_PS7_tttthhhih_261_we0       |    9|          2|    1|          2|
    |p_ZZ11conv_enginePK7ap_uintILi32EEPK6ap_intILi8EES6_PKS3_ILi32EEPS4_PS7_tttthhhih_262_address0  |   14|          3|    7|         21|
    |p_ZZ11conv_enginePK7ap_uintILi32EEPK6ap_intILi8EES6_PKS3_ILi32EEPS4_PS7_tttthhhih_262_ce0       |   14|          3|    1|          3|
    |p_ZZ11conv_enginePK7ap_uintILi32EEPK6ap_intILi8EES6_PKS3_ILi32EEPS4_PS7_tttthhhih_262_we0       |    9|          2|    1|          2|
    |p_ZZ11conv_enginePK7ap_uintILi32EEPK6ap_intILi8EES6_PKS3_ILi32EEPS4_PS7_tttthhhih_263_address0  |   14|          3|    7|         21|
    |p_ZZ11conv_enginePK7ap_uintILi32EEPK6ap_intILi8EES6_PKS3_ILi32EEPS4_PS7_tttthhhih_263_ce0       |   14|          3|    1|          3|
    |p_ZZ11conv_enginePK7ap_uintILi32EEPK6ap_intILi8EES6_PKS3_ILi32EEPS4_PS7_tttthhhih_263_we0       |    9|          2|    1|          2|
    |p_ZZ11conv_enginePK7ap_uintILi32EEPK6ap_intILi8EES6_PKS3_ILi32EEPS4_PS7_tttthhhih_264_address0  |   14|          3|    7|         21|
    |p_ZZ11conv_enginePK7ap_uintILi32EEPK6ap_intILi8EES6_PKS3_ILi32EEPS4_PS7_tttthhhih_264_ce0       |   14|          3|    1|          3|
    |p_ZZ11conv_enginePK7ap_uintILi32EEPK6ap_intILi8EES6_PKS3_ILi32EEPS4_PS7_tttthhhih_264_we0       |    9|          2|    1|          2|
    |p_ZZ11conv_enginePK7ap_uintILi32EEPK6ap_intILi8EES6_PKS3_ILi32EEPS4_PS7_tttthhhih_265_address0  |   14|          3|    7|         21|
    |p_ZZ11conv_enginePK7ap_uintILi32EEPK6ap_intILi8EES6_PKS3_ILi32EEPS4_PS7_tttthhhih_265_ce0       |   14|          3|    1|          3|
    |p_ZZ11conv_enginePK7ap_uintILi32EEPK6ap_intILi8EES6_PKS3_ILi32EEPS4_PS7_tttthhhih_265_we0       |    9|          2|    1|          2|
    |p_ZZ11conv_enginePK7ap_uintILi32EEPK6ap_intILi8EES6_PKS3_ILi32EEPS4_PS7_tttthhhih_266_address0  |   14|          3|    7|         21|
    |p_ZZ11conv_enginePK7ap_uintILi32EEPK6ap_intILi8EES6_PKS3_ILi32EEPS4_PS7_tttthhhih_266_ce0       |   14|          3|    1|          3|
    |p_ZZ11conv_enginePK7ap_uintILi32EEPK6ap_intILi8EES6_PKS3_ILi32EEPS4_PS7_tttthhhih_266_we0       |    9|          2|    1|          2|
    |p_ZZ11conv_enginePK7ap_uintILi32EEPK6ap_intILi8EES6_PKS3_ILi32EEPS4_PS7_tttthhhih_267_address0  |   14|          3|    7|         21|
    |p_ZZ11conv_enginePK7ap_uintILi32EEPK6ap_intILi8EES6_PKS3_ILi32EEPS4_PS7_tttthhhih_267_ce0       |   14|          3|    1|          3|
    |p_ZZ11conv_enginePK7ap_uintILi32EEPK6ap_intILi8EES6_PKS3_ILi32EEPS4_PS7_tttthhhih_267_we0       |    9|          2|    1|          2|
    |p_ZZ11conv_enginePK7ap_uintILi32EEPK6ap_intILi8EES6_PKS3_ILi32EEPS4_PS7_tttthhhih_268_address0  |   14|          3|    7|         21|
    |p_ZZ11conv_enginePK7ap_uintILi32EEPK6ap_intILi8EES6_PKS3_ILi32EEPS4_PS7_tttthhhih_268_ce0       |   14|          3|    1|          3|
    |p_ZZ11conv_enginePK7ap_uintILi32EEPK6ap_intILi8EES6_PKS3_ILi32EEPS4_PS7_tttthhhih_268_we0       |    9|          2|    1|          2|
    |p_ZZ11conv_enginePK7ap_uintILi32EEPK6ap_intILi8EES6_PKS3_ILi32EEPS4_PS7_tttthhhih_269_address0  |   14|          3|    7|         21|
    |p_ZZ11conv_enginePK7ap_uintILi32EEPK6ap_intILi8EES6_PKS3_ILi32EEPS4_PS7_tttthhhih_269_ce0       |   14|          3|    1|          3|
    |p_ZZ11conv_enginePK7ap_uintILi32EEPK6ap_intILi8EES6_PKS3_ILi32EEPS4_PS7_tttthhhih_269_we0       |    9|          2|    1|          2|
    |p_ZZ11conv_enginePK7ap_uintILi32EEPK6ap_intILi8EES6_PKS3_ILi32EEPS4_PS7_tttthhhih_26_address0   |   14|          3|    7|         21|
    |p_ZZ11conv_enginePK7ap_uintILi32EEPK6ap_intILi8EES6_PKS3_ILi32EEPS4_PS7_tttthhhih_26_ce0        |   14|          3|    1|          3|
    |p_ZZ11conv_enginePK7ap_uintILi32EEPK6ap_intILi8EES6_PKS3_ILi32EEPS4_PS7_tttthhhih_26_we0        |    9|          2|    1|          2|
    |p_ZZ11conv_enginePK7ap_uintILi32EEPK6ap_intILi8EES6_PKS3_ILi32EEPS4_PS7_tttthhhih_270_address0  |   14|          3|    7|         21|
    |p_ZZ11conv_enginePK7ap_uintILi32EEPK6ap_intILi8EES6_PKS3_ILi32EEPS4_PS7_tttthhhih_270_ce0       |   14|          3|    1|          3|
    |p_ZZ11conv_enginePK7ap_uintILi32EEPK6ap_intILi8EES6_PKS3_ILi32EEPS4_PS7_tttthhhih_270_we0       |    9|          2|    1|          2|
    |p_ZZ11conv_enginePK7ap_uintILi32EEPK6ap_intILi8EES6_PKS3_ILi32EEPS4_PS7_tttthhhih_271_address0  |   14|          3|    7|         21|
    |p_ZZ11conv_enginePK7ap_uintILi32EEPK6ap_intILi8EES6_PKS3_ILi32EEPS4_PS7_tttthhhih_271_ce0       |   14|          3|    1|          3|
    |p_ZZ11conv_enginePK7ap_uintILi32EEPK6ap_intILi8EES6_PKS3_ILi32EEPS4_PS7_tttthhhih_271_we0       |    9|          2|    1|          2|
    |p_ZZ11conv_enginePK7ap_uintILi32EEPK6ap_intILi8EES6_PKS3_ILi32EEPS4_PS7_tttthhhih_272_address0  |   14|          3|    7|         21|
    |p_ZZ11conv_enginePK7ap_uintILi32EEPK6ap_intILi8EES6_PKS3_ILi32EEPS4_PS7_tttthhhih_272_ce0       |   14|          3|    1|          3|
    |p_ZZ11conv_enginePK7ap_uintILi32EEPK6ap_intILi8EES6_PKS3_ILi32EEPS4_PS7_tttthhhih_272_we0       |    9|          2|    1|          2|
    |p_ZZ11conv_enginePK7ap_uintILi32EEPK6ap_intILi8EES6_PKS3_ILi32EEPS4_PS7_tttthhhih_273_address0  |   14|          3|    7|         21|
    |p_ZZ11conv_enginePK7ap_uintILi32EEPK6ap_intILi8EES6_PKS3_ILi32EEPS4_PS7_tttthhhih_273_ce0       |   14|          3|    1|          3|
    |p_ZZ11conv_enginePK7ap_uintILi32EEPK6ap_intILi8EES6_PKS3_ILi32EEPS4_PS7_tttthhhih_273_we0       |    9|          2|    1|          2|
    |p_ZZ11conv_enginePK7ap_uintILi32EEPK6ap_intILi8EES6_PKS3_ILi32EEPS4_PS7_tttthhhih_274_address0  |   14|          3|    7|         21|
    |p_ZZ11conv_enginePK7ap_uintILi32EEPK6ap_intILi8EES6_PKS3_ILi32EEPS4_PS7_tttthhhih_274_ce0       |   14|          3|    1|          3|
    |p_ZZ11conv_enginePK7ap_uintILi32EEPK6ap_intILi8EES6_PKS3_ILi32EEPS4_PS7_tttthhhih_274_we0       |    9|          2|    1|          2|
    |p_ZZ11conv_enginePK7ap_uintILi32EEPK6ap_intILi8EES6_PKS3_ILi32EEPS4_PS7_tttthhhih_275_address0  |   14|          3|    7|         21|
    |p_ZZ11conv_enginePK7ap_uintILi32EEPK6ap_intILi8EES6_PKS3_ILi32EEPS4_PS7_tttthhhih_275_ce0       |   14|          3|    1|          3|
    |p_ZZ11conv_enginePK7ap_uintILi32EEPK6ap_intILi8EES6_PKS3_ILi32EEPS4_PS7_tttthhhih_275_we0       |    9|          2|    1|          2|
    |p_ZZ11conv_enginePK7ap_uintILi32EEPK6ap_intILi8EES6_PKS3_ILi32EEPS4_PS7_tttthhhih_276_address0  |   14|          3|    7|         21|
    |p_ZZ11conv_enginePK7ap_uintILi32EEPK6ap_intILi8EES6_PKS3_ILi32EEPS4_PS7_tttthhhih_276_ce0       |   14|          3|    1|          3|
    |p_ZZ11conv_enginePK7ap_uintILi32EEPK6ap_intILi8EES6_PKS3_ILi32EEPS4_PS7_tttthhhih_276_we0       |    9|          2|    1|          2|
    |p_ZZ11conv_enginePK7ap_uintILi32EEPK6ap_intILi8EES6_PKS3_ILi32EEPS4_PS7_tttthhhih_277_address0  |   14|          3|    7|         21|
    |p_ZZ11conv_enginePK7ap_uintILi32EEPK6ap_intILi8EES6_PKS3_ILi32EEPS4_PS7_tttthhhih_277_ce0       |   14|          3|    1|          3|
    |p_ZZ11conv_enginePK7ap_uintILi32EEPK6ap_intILi8EES6_PKS3_ILi32EEPS4_PS7_tttthhhih_277_we0       |    9|          2|    1|          2|
    |p_ZZ11conv_enginePK7ap_uintILi32EEPK6ap_intILi8EES6_PKS3_ILi32EEPS4_PS7_tttthhhih_278_address0  |   14|          3|    7|         21|
    |p_ZZ11conv_enginePK7ap_uintILi32EEPK6ap_intILi8EES6_PKS3_ILi32EEPS4_PS7_tttthhhih_278_ce0       |   14|          3|    1|          3|
    |p_ZZ11conv_enginePK7ap_uintILi32EEPK6ap_intILi8EES6_PKS3_ILi32EEPS4_PS7_tttthhhih_278_we0       |    9|          2|    1|          2|
    |p_ZZ11conv_enginePK7ap_uintILi32EEPK6ap_intILi8EES6_PKS3_ILi32EEPS4_PS7_tttthhhih_279_address0  |   14|          3|    7|         21|
    |p_ZZ11conv_enginePK7ap_uintILi32EEPK6ap_intILi8EES6_PKS3_ILi32EEPS4_PS7_tttthhhih_279_ce0       |   14|          3|    1|          3|
    |p_ZZ11conv_enginePK7ap_uintILi32EEPK6ap_intILi8EES6_PKS3_ILi32EEPS4_PS7_tttthhhih_279_we0       |    9|          2|    1|          2|
    |p_ZZ11conv_enginePK7ap_uintILi32EEPK6ap_intILi8EES6_PKS3_ILi32EEPS4_PS7_tttthhhih_27_address0   |   14|          3|    7|         21|
    |p_ZZ11conv_enginePK7ap_uintILi32EEPK6ap_intILi8EES6_PKS3_ILi32EEPS4_PS7_tttthhhih_27_ce0        |   14|          3|    1|          3|
    |p_ZZ11conv_enginePK7ap_uintILi32EEPK6ap_intILi8EES6_PKS3_ILi32EEPS4_PS7_tttthhhih_27_we0        |    9|          2|    1|          2|
    |p_ZZ11conv_enginePK7ap_uintILi32EEPK6ap_intILi8EES6_PKS3_ILi32EEPS4_PS7_tttthhhih_280_address0  |   14|          3|    7|         21|
    |p_ZZ11conv_enginePK7ap_uintILi32EEPK6ap_intILi8EES6_PKS3_ILi32EEPS4_PS7_tttthhhih_280_ce0       |   14|          3|    1|          3|
    |p_ZZ11conv_enginePK7ap_uintILi32EEPK6ap_intILi8EES6_PKS3_ILi32EEPS4_PS7_tttthhhih_280_we0       |    9|          2|    1|          2|
    |p_ZZ11conv_enginePK7ap_uintILi32EEPK6ap_intILi8EES6_PKS3_ILi32EEPS4_PS7_tttthhhih_281_address0  |   14|          3|    7|         21|
    |p_ZZ11conv_enginePK7ap_uintILi32EEPK6ap_intILi8EES6_PKS3_ILi32EEPS4_PS7_tttthhhih_281_ce0       |   14|          3|    1|          3|
    |p_ZZ11conv_enginePK7ap_uintILi32EEPK6ap_intILi8EES6_PKS3_ILi32EEPS4_PS7_tttthhhih_281_we0       |    9|          2|    1|          2|
    |p_ZZ11conv_enginePK7ap_uintILi32EEPK6ap_intILi8EES6_PKS3_ILi32EEPS4_PS7_tttthhhih_282_address0  |   14|          3|    7|         21|
    |p_ZZ11conv_enginePK7ap_uintILi32EEPK6ap_intILi8EES6_PKS3_ILi32EEPS4_PS7_tttthhhih_282_ce0       |   14|          3|    1|          3|
    |p_ZZ11conv_enginePK7ap_uintILi32EEPK6ap_intILi8EES6_PKS3_ILi32EEPS4_PS7_tttthhhih_282_we0       |    9|          2|    1|          2|
    |p_ZZ11conv_enginePK7ap_uintILi32EEPK6ap_intILi8EES6_PKS3_ILi32EEPS4_PS7_tttthhhih_283_address0  |   14|          3|    7|         21|
    |p_ZZ11conv_enginePK7ap_uintILi32EEPK6ap_intILi8EES6_PKS3_ILi32EEPS4_PS7_tttthhhih_283_ce0       |   14|          3|    1|          3|
    |p_ZZ11conv_enginePK7ap_uintILi32EEPK6ap_intILi8EES6_PKS3_ILi32EEPS4_PS7_tttthhhih_283_we0       |    9|          2|    1|          2|
    |p_ZZ11conv_enginePK7ap_uintILi32EEPK6ap_intILi8EES6_PKS3_ILi32EEPS4_PS7_tttthhhih_284_address0  |   14|          3|    7|         21|
    |p_ZZ11conv_enginePK7ap_uintILi32EEPK6ap_intILi8EES6_PKS3_ILi32EEPS4_PS7_tttthhhih_284_ce0       |   14|          3|    1|          3|
    |p_ZZ11conv_enginePK7ap_uintILi32EEPK6ap_intILi8EES6_PKS3_ILi32EEPS4_PS7_tttthhhih_284_we0       |    9|          2|    1|          2|
    |p_ZZ11conv_enginePK7ap_uintILi32EEPK6ap_intILi8EES6_PKS3_ILi32EEPS4_PS7_tttthhhih_285_address0  |   14|          3|    7|         21|
    |p_ZZ11conv_enginePK7ap_uintILi32EEPK6ap_intILi8EES6_PKS3_ILi32EEPS4_PS7_tttthhhih_285_ce0       |   14|          3|    1|          3|
    |p_ZZ11conv_enginePK7ap_uintILi32EEPK6ap_intILi8EES6_PKS3_ILi32EEPS4_PS7_tttthhhih_285_we0       |    9|          2|    1|          2|
    |p_ZZ11conv_enginePK7ap_uintILi32EEPK6ap_intILi8EES6_PKS3_ILi32EEPS4_PS7_tttthhhih_286_address0  |   14|          3|    7|         21|
    |p_ZZ11conv_enginePK7ap_uintILi32EEPK6ap_intILi8EES6_PKS3_ILi32EEPS4_PS7_tttthhhih_286_ce0       |   14|          3|    1|          3|
    |p_ZZ11conv_enginePK7ap_uintILi32EEPK6ap_intILi8EES6_PKS3_ILi32EEPS4_PS7_tttthhhih_286_we0       |    9|          2|    1|          2|
    |p_ZZ11conv_enginePK7ap_uintILi32EEPK6ap_intILi8EES6_PKS3_ILi32EEPS4_PS7_tttthhhih_287_address0  |   14|          3|    7|         21|
    |p_ZZ11conv_enginePK7ap_uintILi32EEPK6ap_intILi8EES6_PKS3_ILi32EEPS4_PS7_tttthhhih_287_ce0       |   14|          3|    1|          3|
    |p_ZZ11conv_enginePK7ap_uintILi32EEPK6ap_intILi8EES6_PKS3_ILi32EEPS4_PS7_tttthhhih_287_we0       |    9|          2|    1|          2|
    |p_ZZ11conv_enginePK7ap_uintILi32EEPK6ap_intILi8EES6_PKS3_ILi32EEPS4_PS7_tttthhhih_288_address0  |   14|          3|    7|         21|
    |p_ZZ11conv_enginePK7ap_uintILi32EEPK6ap_intILi8EES6_PKS3_ILi32EEPS4_PS7_tttthhhih_288_ce0       |   14|          3|    1|          3|
    |p_ZZ11conv_enginePK7ap_uintILi32EEPK6ap_intILi8EES6_PKS3_ILi32EEPS4_PS7_tttthhhih_288_we0       |    9|          2|    1|          2|
    |p_ZZ11conv_enginePK7ap_uintILi32EEPK6ap_intILi8EES6_PKS3_ILi32EEPS4_PS7_tttthhhih_289_address0  |   14|          3|    7|         21|
    |p_ZZ11conv_enginePK7ap_uintILi32EEPK6ap_intILi8EES6_PKS3_ILi32EEPS4_PS7_tttthhhih_289_ce0       |   14|          3|    1|          3|
    |p_ZZ11conv_enginePK7ap_uintILi32EEPK6ap_intILi8EES6_PKS3_ILi32EEPS4_PS7_tttthhhih_289_we0       |    9|          2|    1|          2|
    |p_ZZ11conv_enginePK7ap_uintILi32EEPK6ap_intILi8EES6_PKS3_ILi32EEPS4_PS7_tttthhhih_28_address0   |   14|          3|    7|         21|
    |p_ZZ11conv_enginePK7ap_uintILi32EEPK6ap_intILi8EES6_PKS3_ILi32EEPS4_PS7_tttthhhih_28_ce0        |   14|          3|    1|          3|
    |p_ZZ11conv_enginePK7ap_uintILi32EEPK6ap_intILi8EES6_PKS3_ILi32EEPS4_PS7_tttthhhih_28_we0        |    9|          2|    1|          2|
    |p_ZZ11conv_enginePK7ap_uintILi32EEPK6ap_intILi8EES6_PKS3_ILi32EEPS4_PS7_tttthhhih_290_address0  |   14|          3|    7|         21|
    |p_ZZ11conv_enginePK7ap_uintILi32EEPK6ap_intILi8EES6_PKS3_ILi32EEPS4_PS7_tttthhhih_290_ce0       |   14|          3|    1|          3|
    |p_ZZ11conv_enginePK7ap_uintILi32EEPK6ap_intILi8EES6_PKS3_ILi32EEPS4_PS7_tttthhhih_290_we0       |    9|          2|    1|          2|
    |p_ZZ11conv_enginePK7ap_uintILi32EEPK6ap_intILi8EES6_PKS3_ILi32EEPS4_PS7_tttthhhih_291_address0  |   14|          3|    7|         21|
    |p_ZZ11conv_enginePK7ap_uintILi32EEPK6ap_intILi8EES6_PKS3_ILi32EEPS4_PS7_tttthhhih_291_ce0       |   14|          3|    1|          3|
    |p_ZZ11conv_enginePK7ap_uintILi32EEPK6ap_intILi8EES6_PKS3_ILi32EEPS4_PS7_tttthhhih_291_we0       |    9|          2|    1|          2|
    |p_ZZ11conv_enginePK7ap_uintILi32EEPK6ap_intILi8EES6_PKS3_ILi32EEPS4_PS7_tttthhhih_292_address0  |   14|          3|    7|         21|
    |p_ZZ11conv_enginePK7ap_uintILi32EEPK6ap_intILi8EES6_PKS3_ILi32EEPS4_PS7_tttthhhih_292_ce0       |   14|          3|    1|          3|
    |p_ZZ11conv_enginePK7ap_uintILi32EEPK6ap_intILi8EES6_PKS3_ILi32EEPS4_PS7_tttthhhih_292_we0       |    9|          2|    1|          2|
    |p_ZZ11conv_enginePK7ap_uintILi32EEPK6ap_intILi8EES6_PKS3_ILi32EEPS4_PS7_tttthhhih_293_address0  |   14|          3|    7|         21|
    |p_ZZ11conv_enginePK7ap_uintILi32EEPK6ap_intILi8EES6_PKS3_ILi32EEPS4_PS7_tttthhhih_293_ce0       |   14|          3|    1|          3|
    |p_ZZ11conv_enginePK7ap_uintILi32EEPK6ap_intILi8EES6_PKS3_ILi32EEPS4_PS7_tttthhhih_293_we0       |    9|          2|    1|          2|
    |p_ZZ11conv_enginePK7ap_uintILi32EEPK6ap_intILi8EES6_PKS3_ILi32EEPS4_PS7_tttthhhih_294_address0  |   14|          3|    7|         21|
    |p_ZZ11conv_enginePK7ap_uintILi32EEPK6ap_intILi8EES6_PKS3_ILi32EEPS4_PS7_tttthhhih_294_ce0       |   14|          3|    1|          3|
    |p_ZZ11conv_enginePK7ap_uintILi32EEPK6ap_intILi8EES6_PKS3_ILi32EEPS4_PS7_tttthhhih_294_we0       |    9|          2|    1|          2|
    |p_ZZ11conv_enginePK7ap_uintILi32EEPK6ap_intILi8EES6_PKS3_ILi32EEPS4_PS7_tttthhhih_295_address0  |   14|          3|    7|         21|
    |p_ZZ11conv_enginePK7ap_uintILi32EEPK6ap_intILi8EES6_PKS3_ILi32EEPS4_PS7_tttthhhih_295_ce0       |   14|          3|    1|          3|
    |p_ZZ11conv_enginePK7ap_uintILi32EEPK6ap_intILi8EES6_PKS3_ILi32EEPS4_PS7_tttthhhih_295_we0       |    9|          2|    1|          2|
    |p_ZZ11conv_enginePK7ap_uintILi32EEPK6ap_intILi8EES6_PKS3_ILi32EEPS4_PS7_tttthhhih_296_address0  |   14|          3|    7|         21|
    |p_ZZ11conv_enginePK7ap_uintILi32EEPK6ap_intILi8EES6_PKS3_ILi32EEPS4_PS7_tttthhhih_296_ce0       |   14|          3|    1|          3|
    |p_ZZ11conv_enginePK7ap_uintILi32EEPK6ap_intILi8EES6_PKS3_ILi32EEPS4_PS7_tttthhhih_296_we0       |    9|          2|    1|          2|
    |p_ZZ11conv_enginePK7ap_uintILi32EEPK6ap_intILi8EES6_PKS3_ILi32EEPS4_PS7_tttthhhih_297_address0  |   14|          3|    7|         21|
    |p_ZZ11conv_enginePK7ap_uintILi32EEPK6ap_intILi8EES6_PKS3_ILi32EEPS4_PS7_tttthhhih_297_ce0       |   14|          3|    1|          3|
    |p_ZZ11conv_enginePK7ap_uintILi32EEPK6ap_intILi8EES6_PKS3_ILi32EEPS4_PS7_tttthhhih_297_we0       |    9|          2|    1|          2|
    |p_ZZ11conv_enginePK7ap_uintILi32EEPK6ap_intILi8EES6_PKS3_ILi32EEPS4_PS7_tttthhhih_298_address0  |   14|          3|    7|         21|
    |p_ZZ11conv_enginePK7ap_uintILi32EEPK6ap_intILi8EES6_PKS3_ILi32EEPS4_PS7_tttthhhih_298_ce0       |   14|          3|    1|          3|
    |p_ZZ11conv_enginePK7ap_uintILi32EEPK6ap_intILi8EES6_PKS3_ILi32EEPS4_PS7_tttthhhih_298_we0       |    9|          2|    1|          2|
    |p_ZZ11conv_enginePK7ap_uintILi32EEPK6ap_intILi8EES6_PKS3_ILi32EEPS4_PS7_tttthhhih_299_address0  |   14|          3|    7|         21|
    |p_ZZ11conv_enginePK7ap_uintILi32EEPK6ap_intILi8EES6_PKS3_ILi32EEPS4_PS7_tttthhhih_299_ce0       |   14|          3|    1|          3|
    |p_ZZ11conv_enginePK7ap_uintILi32EEPK6ap_intILi8EES6_PKS3_ILi32EEPS4_PS7_tttthhhih_299_we0       |    9|          2|    1|          2|
    |p_ZZ11conv_enginePK7ap_uintILi32EEPK6ap_intILi8EES6_PKS3_ILi32EEPS4_PS7_tttthhhih_29_address0   |   14|          3|    7|         21|
    |p_ZZ11conv_enginePK7ap_uintILi32EEPK6ap_intILi8EES6_PKS3_ILi32EEPS4_PS7_tttthhhih_29_ce0        |   14|          3|    1|          3|
    |p_ZZ11conv_enginePK7ap_uintILi32EEPK6ap_intILi8EES6_PKS3_ILi32EEPS4_PS7_tttthhhih_29_we0        |    9|          2|    1|          2|
    |p_ZZ11conv_enginePK7ap_uintILi32EEPK6ap_intILi8EES6_PKS3_ILi32EEPS4_PS7_tttthhhih_300_address0  |   14|          3|    7|         21|
    |p_ZZ11conv_enginePK7ap_uintILi32EEPK6ap_intILi8EES6_PKS3_ILi32EEPS4_PS7_tttthhhih_300_ce0       |   14|          3|    1|          3|
    |p_ZZ11conv_enginePK7ap_uintILi32EEPK6ap_intILi8EES6_PKS3_ILi32EEPS4_PS7_tttthhhih_300_we0       |    9|          2|    1|          2|
    |p_ZZ11conv_enginePK7ap_uintILi32EEPK6ap_intILi8EES6_PKS3_ILi32EEPS4_PS7_tttthhhih_301_address0  |   14|          3|    7|         21|
    |p_ZZ11conv_enginePK7ap_uintILi32EEPK6ap_intILi8EES6_PKS3_ILi32EEPS4_PS7_tttthhhih_301_ce0       |   14|          3|    1|          3|
    |p_ZZ11conv_enginePK7ap_uintILi32EEPK6ap_intILi8EES6_PKS3_ILi32EEPS4_PS7_tttthhhih_301_we0       |    9|          2|    1|          2|
    |p_ZZ11conv_enginePK7ap_uintILi32EEPK6ap_intILi8EES6_PKS3_ILi32EEPS4_PS7_tttthhhih_302_address0  |   14|          3|    7|         21|
    |p_ZZ11conv_enginePK7ap_uintILi32EEPK6ap_intILi8EES6_PKS3_ILi32EEPS4_PS7_tttthhhih_302_ce0       |   14|          3|    1|          3|
    |p_ZZ11conv_enginePK7ap_uintILi32EEPK6ap_intILi8EES6_PKS3_ILi32EEPS4_PS7_tttthhhih_302_we0       |    9|          2|    1|          2|
    |p_ZZ11conv_enginePK7ap_uintILi32EEPK6ap_intILi8EES6_PKS3_ILi32EEPS4_PS7_tttthhhih_303_address0  |   14|          3|    7|         21|
    |p_ZZ11conv_enginePK7ap_uintILi32EEPK6ap_intILi8EES6_PKS3_ILi32EEPS4_PS7_tttthhhih_303_ce0       |   14|          3|    1|          3|
    |p_ZZ11conv_enginePK7ap_uintILi32EEPK6ap_intILi8EES6_PKS3_ILi32EEPS4_PS7_tttthhhih_303_we0       |    9|          2|    1|          2|
    |p_ZZ11conv_enginePK7ap_uintILi32EEPK6ap_intILi8EES6_PKS3_ILi32EEPS4_PS7_tttthhhih_304_address0  |   14|          3|    7|         21|
    |p_ZZ11conv_enginePK7ap_uintILi32EEPK6ap_intILi8EES6_PKS3_ILi32EEPS4_PS7_tttthhhih_304_ce0       |   14|          3|    1|          3|
    |p_ZZ11conv_enginePK7ap_uintILi32EEPK6ap_intILi8EES6_PKS3_ILi32EEPS4_PS7_tttthhhih_304_we0       |    9|          2|    1|          2|
    |p_ZZ11conv_enginePK7ap_uintILi32EEPK6ap_intILi8EES6_PKS3_ILi32EEPS4_PS7_tttthhhih_305_address0  |   14|          3|    7|         21|
    |p_ZZ11conv_enginePK7ap_uintILi32EEPK6ap_intILi8EES6_PKS3_ILi32EEPS4_PS7_tttthhhih_305_ce0       |   14|          3|    1|          3|
    |p_ZZ11conv_enginePK7ap_uintILi32EEPK6ap_intILi8EES6_PKS3_ILi32EEPS4_PS7_tttthhhih_305_we0       |    9|          2|    1|          2|
    |p_ZZ11conv_enginePK7ap_uintILi32EEPK6ap_intILi8EES6_PKS3_ILi32EEPS4_PS7_tttthhhih_306_address0  |   14|          3|    7|         21|
    |p_ZZ11conv_enginePK7ap_uintILi32EEPK6ap_intILi8EES6_PKS3_ILi32EEPS4_PS7_tttthhhih_306_ce0       |   14|          3|    1|          3|
    |p_ZZ11conv_enginePK7ap_uintILi32EEPK6ap_intILi8EES6_PKS3_ILi32EEPS4_PS7_tttthhhih_306_we0       |    9|          2|    1|          2|
    |p_ZZ11conv_enginePK7ap_uintILi32EEPK6ap_intILi8EES6_PKS3_ILi32EEPS4_PS7_tttthhhih_307_address0  |   14|          3|    7|         21|
    |p_ZZ11conv_enginePK7ap_uintILi32EEPK6ap_intILi8EES6_PKS3_ILi32EEPS4_PS7_tttthhhih_307_ce0       |   14|          3|    1|          3|
    |p_ZZ11conv_enginePK7ap_uintILi32EEPK6ap_intILi8EES6_PKS3_ILi32EEPS4_PS7_tttthhhih_307_we0       |    9|          2|    1|          2|
    |p_ZZ11conv_enginePK7ap_uintILi32EEPK6ap_intILi8EES6_PKS3_ILi32EEPS4_PS7_tttthhhih_308_address0  |   14|          3|    7|         21|
    |p_ZZ11conv_enginePK7ap_uintILi32EEPK6ap_intILi8EES6_PKS3_ILi32EEPS4_PS7_tttthhhih_308_ce0       |   14|          3|    1|          3|
    |p_ZZ11conv_enginePK7ap_uintILi32EEPK6ap_intILi8EES6_PKS3_ILi32EEPS4_PS7_tttthhhih_308_we0       |    9|          2|    1|          2|
    |p_ZZ11conv_enginePK7ap_uintILi32EEPK6ap_intILi8EES6_PKS3_ILi32EEPS4_PS7_tttthhhih_309_address0  |   14|          3|    7|         21|
    |p_ZZ11conv_enginePK7ap_uintILi32EEPK6ap_intILi8EES6_PKS3_ILi32EEPS4_PS7_tttthhhih_309_ce0       |   14|          3|    1|          3|
    |p_ZZ11conv_enginePK7ap_uintILi32EEPK6ap_intILi8EES6_PKS3_ILi32EEPS4_PS7_tttthhhih_309_we0       |    9|          2|    1|          2|
    |p_ZZ11conv_enginePK7ap_uintILi32EEPK6ap_intILi8EES6_PKS3_ILi32EEPS4_PS7_tttthhhih_30_address0   |   14|          3|    7|         21|
    |p_ZZ11conv_enginePK7ap_uintILi32EEPK6ap_intILi8EES6_PKS3_ILi32EEPS4_PS7_tttthhhih_30_ce0        |   14|          3|    1|          3|
    |p_ZZ11conv_enginePK7ap_uintILi32EEPK6ap_intILi8EES6_PKS3_ILi32EEPS4_PS7_tttthhhih_30_we0        |    9|          2|    1|          2|
    |p_ZZ11conv_enginePK7ap_uintILi32EEPK6ap_intILi8EES6_PKS3_ILi32EEPS4_PS7_tttthhhih_310_address0  |   14|          3|    7|         21|
    |p_ZZ11conv_enginePK7ap_uintILi32EEPK6ap_intILi8EES6_PKS3_ILi32EEPS4_PS7_tttthhhih_310_ce0       |   14|          3|    1|          3|
    |p_ZZ11conv_enginePK7ap_uintILi32EEPK6ap_intILi8EES6_PKS3_ILi32EEPS4_PS7_tttthhhih_310_we0       |    9|          2|    1|          2|
    |p_ZZ11conv_enginePK7ap_uintILi32EEPK6ap_intILi8EES6_PKS3_ILi32EEPS4_PS7_tttthhhih_31_address0   |   14|          3|    7|         21|
    |p_ZZ11conv_enginePK7ap_uintILi32EEPK6ap_intILi8EES6_PKS3_ILi32EEPS4_PS7_tttthhhih_31_ce0        |   14|          3|    1|          3|
    |p_ZZ11conv_enginePK7ap_uintILi32EEPK6ap_intILi8EES6_PKS3_ILi32EEPS4_PS7_tttthhhih_31_we0        |    9|          2|    1|          2|
    |p_ZZ11conv_enginePK7ap_uintILi32EEPK6ap_intILi8EES6_PKS3_ILi32EEPS4_PS7_tttthhhih_32_address0   |   14|          3|    7|         21|
    |p_ZZ11conv_enginePK7ap_uintILi32EEPK6ap_intILi8EES6_PKS3_ILi32EEPS4_PS7_tttthhhih_32_ce0        |   14|          3|    1|          3|
    |p_ZZ11conv_enginePK7ap_uintILi32EEPK6ap_intILi8EES6_PKS3_ILi32EEPS4_PS7_tttthhhih_32_we0        |    9|          2|    1|          2|
    |p_ZZ11conv_enginePK7ap_uintILi32EEPK6ap_intILi8EES6_PKS3_ILi32EEPS4_PS7_tttthhhih_33_address0   |   14|          3|    7|         21|
    |p_ZZ11conv_enginePK7ap_uintILi32EEPK6ap_intILi8EES6_PKS3_ILi32EEPS4_PS7_tttthhhih_33_ce0        |   14|          3|    1|          3|
    |p_ZZ11conv_enginePK7ap_uintILi32EEPK6ap_intILi8EES6_PKS3_ILi32EEPS4_PS7_tttthhhih_33_we0        |    9|          2|    1|          2|
    |p_ZZ11conv_enginePK7ap_uintILi32EEPK6ap_intILi8EES6_PKS3_ILi32EEPS4_PS7_tttthhhih_34_address0   |   14|          3|    7|         21|
    |p_ZZ11conv_enginePK7ap_uintILi32EEPK6ap_intILi8EES6_PKS3_ILi32EEPS4_PS7_tttthhhih_34_ce0        |   14|          3|    1|          3|
    |p_ZZ11conv_enginePK7ap_uintILi32EEPK6ap_intILi8EES6_PKS3_ILi32EEPS4_PS7_tttthhhih_34_we0        |    9|          2|    1|          2|
    |p_ZZ11conv_enginePK7ap_uintILi32EEPK6ap_intILi8EES6_PKS3_ILi32EEPS4_PS7_tttthhhih_35_address0   |   14|          3|    7|         21|
    |p_ZZ11conv_enginePK7ap_uintILi32EEPK6ap_intILi8EES6_PKS3_ILi32EEPS4_PS7_tttthhhih_35_ce0        |   14|          3|    1|          3|
    |p_ZZ11conv_enginePK7ap_uintILi32EEPK6ap_intILi8EES6_PKS3_ILi32EEPS4_PS7_tttthhhih_35_we0        |    9|          2|    1|          2|
    |p_ZZ11conv_enginePK7ap_uintILi32EEPK6ap_intILi8EES6_PKS3_ILi32EEPS4_PS7_tttthhhih_36_address0   |   14|          3|    7|         21|
    |p_ZZ11conv_enginePK7ap_uintILi32EEPK6ap_intILi8EES6_PKS3_ILi32EEPS4_PS7_tttthhhih_36_ce0        |   14|          3|    1|          3|
    |p_ZZ11conv_enginePK7ap_uintILi32EEPK6ap_intILi8EES6_PKS3_ILi32EEPS4_PS7_tttthhhih_36_we0        |    9|          2|    1|          2|
    |p_ZZ11conv_enginePK7ap_uintILi32EEPK6ap_intILi8EES6_PKS3_ILi32EEPS4_PS7_tttthhhih_37_address0   |   14|          3|    7|         21|
    |p_ZZ11conv_enginePK7ap_uintILi32EEPK6ap_intILi8EES6_PKS3_ILi32EEPS4_PS7_tttthhhih_37_ce0        |   14|          3|    1|          3|
    |p_ZZ11conv_enginePK7ap_uintILi32EEPK6ap_intILi8EES6_PKS3_ILi32EEPS4_PS7_tttthhhih_37_we0        |    9|          2|    1|          2|
    |p_ZZ11conv_enginePK7ap_uintILi32EEPK6ap_intILi8EES6_PKS3_ILi32EEPS4_PS7_tttthhhih_38_address0   |   14|          3|    7|         21|
    |p_ZZ11conv_enginePK7ap_uintILi32EEPK6ap_intILi8EES6_PKS3_ILi32EEPS4_PS7_tttthhhih_38_ce0        |   14|          3|    1|          3|
    |p_ZZ11conv_enginePK7ap_uintILi32EEPK6ap_intILi8EES6_PKS3_ILi32EEPS4_PS7_tttthhhih_38_we0        |    9|          2|    1|          2|
    |p_ZZ11conv_enginePK7ap_uintILi32EEPK6ap_intILi8EES6_PKS3_ILi32EEPS4_PS7_tttthhhih_39_address0   |   14|          3|    7|         21|
    |p_ZZ11conv_enginePK7ap_uintILi32EEPK6ap_intILi8EES6_PKS3_ILi32EEPS4_PS7_tttthhhih_39_ce0        |   14|          3|    1|          3|
    |p_ZZ11conv_enginePK7ap_uintILi32EEPK6ap_intILi8EES6_PKS3_ILi32EEPS4_PS7_tttthhhih_39_we0        |    9|          2|    1|          2|
    |p_ZZ11conv_enginePK7ap_uintILi32EEPK6ap_intILi8EES6_PKS3_ILi32EEPS4_PS7_tttthhhih_40_address0   |   14|          3|    7|         21|
    |p_ZZ11conv_enginePK7ap_uintILi32EEPK6ap_intILi8EES6_PKS3_ILi32EEPS4_PS7_tttthhhih_40_ce0        |   14|          3|    1|          3|
    |p_ZZ11conv_enginePK7ap_uintILi32EEPK6ap_intILi8EES6_PKS3_ILi32EEPS4_PS7_tttthhhih_40_we0        |    9|          2|    1|          2|
    |p_ZZ11conv_enginePK7ap_uintILi32EEPK6ap_intILi8EES6_PKS3_ILi32EEPS4_PS7_tttthhhih_41_address0   |   14|          3|    7|         21|
    |p_ZZ11conv_enginePK7ap_uintILi32EEPK6ap_intILi8EES6_PKS3_ILi32EEPS4_PS7_tttthhhih_41_ce0        |   14|          3|    1|          3|
    |p_ZZ11conv_enginePK7ap_uintILi32EEPK6ap_intILi8EES6_PKS3_ILi32EEPS4_PS7_tttthhhih_41_we0        |    9|          2|    1|          2|
    |p_ZZ11conv_enginePK7ap_uintILi32EEPK6ap_intILi8EES6_PKS3_ILi32EEPS4_PS7_tttthhhih_42_address0   |   14|          3|    7|         21|
    |p_ZZ11conv_enginePK7ap_uintILi32EEPK6ap_intILi8EES6_PKS3_ILi32EEPS4_PS7_tttthhhih_42_ce0        |   14|          3|    1|          3|
    |p_ZZ11conv_enginePK7ap_uintILi32EEPK6ap_intILi8EES6_PKS3_ILi32EEPS4_PS7_tttthhhih_42_we0        |    9|          2|    1|          2|
    |p_ZZ11conv_enginePK7ap_uintILi32EEPK6ap_intILi8EES6_PKS3_ILi32EEPS4_PS7_tttthhhih_43_address0   |   14|          3|    7|         21|
    |p_ZZ11conv_enginePK7ap_uintILi32EEPK6ap_intILi8EES6_PKS3_ILi32EEPS4_PS7_tttthhhih_43_ce0        |   14|          3|    1|          3|
    |p_ZZ11conv_enginePK7ap_uintILi32EEPK6ap_intILi8EES6_PKS3_ILi32EEPS4_PS7_tttthhhih_43_we0        |    9|          2|    1|          2|
    |p_ZZ11conv_enginePK7ap_uintILi32EEPK6ap_intILi8EES6_PKS3_ILi32EEPS4_PS7_tttthhhih_44_address0   |   14|          3|    7|         21|
    |p_ZZ11conv_enginePK7ap_uintILi32EEPK6ap_intILi8EES6_PKS3_ILi32EEPS4_PS7_tttthhhih_44_ce0        |   14|          3|    1|          3|
    |p_ZZ11conv_enginePK7ap_uintILi32EEPK6ap_intILi8EES6_PKS3_ILi32EEPS4_PS7_tttthhhih_44_we0        |    9|          2|    1|          2|
    |p_ZZ11conv_enginePK7ap_uintILi32EEPK6ap_intILi8EES6_PKS3_ILi32EEPS4_PS7_tttthhhih_45_address0   |   14|          3|    7|         21|
    |p_ZZ11conv_enginePK7ap_uintILi32EEPK6ap_intILi8EES6_PKS3_ILi32EEPS4_PS7_tttthhhih_45_ce0        |   14|          3|    1|          3|
    |p_ZZ11conv_enginePK7ap_uintILi32EEPK6ap_intILi8EES6_PKS3_ILi32EEPS4_PS7_tttthhhih_45_we0        |    9|          2|    1|          2|
    |p_ZZ11conv_enginePK7ap_uintILi32EEPK6ap_intILi8EES6_PKS3_ILi32EEPS4_PS7_tttthhhih_46_address0   |   14|          3|    7|         21|
    |p_ZZ11conv_enginePK7ap_uintILi32EEPK6ap_intILi8EES6_PKS3_ILi32EEPS4_PS7_tttthhhih_46_ce0        |   14|          3|    1|          3|
    |p_ZZ11conv_enginePK7ap_uintILi32EEPK6ap_intILi8EES6_PKS3_ILi32EEPS4_PS7_tttthhhih_46_we0        |    9|          2|    1|          2|
    |p_ZZ11conv_enginePK7ap_uintILi32EEPK6ap_intILi8EES6_PKS3_ILi32EEPS4_PS7_tttthhhih_47_address0   |   14|          3|    7|         21|
    |p_ZZ11conv_enginePK7ap_uintILi32EEPK6ap_intILi8EES6_PKS3_ILi32EEPS4_PS7_tttthhhih_47_ce0        |   14|          3|    1|          3|
    |p_ZZ11conv_enginePK7ap_uintILi32EEPK6ap_intILi8EES6_PKS3_ILi32EEPS4_PS7_tttthhhih_47_we0        |    9|          2|    1|          2|
    |p_ZZ11conv_enginePK7ap_uintILi32EEPK6ap_intILi8EES6_PKS3_ILi32EEPS4_PS7_tttthhhih_48_address0   |   14|          3|    7|         21|
    |p_ZZ11conv_enginePK7ap_uintILi32EEPK6ap_intILi8EES6_PKS3_ILi32EEPS4_PS7_tttthhhih_48_ce0        |   14|          3|    1|          3|
    |p_ZZ11conv_enginePK7ap_uintILi32EEPK6ap_intILi8EES6_PKS3_ILi32EEPS4_PS7_tttthhhih_48_we0        |    9|          2|    1|          2|
    |p_ZZ11conv_enginePK7ap_uintILi32EEPK6ap_intILi8EES6_PKS3_ILi32EEPS4_PS7_tttthhhih_49_address0   |   14|          3|    7|         21|
    |p_ZZ11conv_enginePK7ap_uintILi32EEPK6ap_intILi8EES6_PKS3_ILi32EEPS4_PS7_tttthhhih_49_ce0        |   14|          3|    1|          3|
    |p_ZZ11conv_enginePK7ap_uintILi32EEPK6ap_intILi8EES6_PKS3_ILi32EEPS4_PS7_tttthhhih_49_we0        |    9|          2|    1|          2|
    |p_ZZ11conv_enginePK7ap_uintILi32EEPK6ap_intILi8EES6_PKS3_ILi32EEPS4_PS7_tttthhhih_50_address0   |   14|          3|    7|         21|
    |p_ZZ11conv_enginePK7ap_uintILi32EEPK6ap_intILi8EES6_PKS3_ILi32EEPS4_PS7_tttthhhih_50_ce0        |   14|          3|    1|          3|
    |p_ZZ11conv_enginePK7ap_uintILi32EEPK6ap_intILi8EES6_PKS3_ILi32EEPS4_PS7_tttthhhih_50_we0        |    9|          2|    1|          2|
    |p_ZZ11conv_enginePK7ap_uintILi32EEPK6ap_intILi8EES6_PKS3_ILi32EEPS4_PS7_tttthhhih_51_address0   |   14|          3|    7|         21|
    |p_ZZ11conv_enginePK7ap_uintILi32EEPK6ap_intILi8EES6_PKS3_ILi32EEPS4_PS7_tttthhhih_51_ce0        |   14|          3|    1|          3|
    |p_ZZ11conv_enginePK7ap_uintILi32EEPK6ap_intILi8EES6_PKS3_ILi32EEPS4_PS7_tttthhhih_51_we0        |    9|          2|    1|          2|
    |p_ZZ11conv_enginePK7ap_uintILi32EEPK6ap_intILi8EES6_PKS3_ILi32EEPS4_PS7_tttthhhih_52_address0   |   14|          3|    7|         21|
    |p_ZZ11conv_enginePK7ap_uintILi32EEPK6ap_intILi8EES6_PKS3_ILi32EEPS4_PS7_tttthhhih_52_ce0        |   14|          3|    1|          3|
    |p_ZZ11conv_enginePK7ap_uintILi32EEPK6ap_intILi8EES6_PKS3_ILi32EEPS4_PS7_tttthhhih_52_we0        |    9|          2|    1|          2|
    |p_ZZ11conv_enginePK7ap_uintILi32EEPK6ap_intILi8EES6_PKS3_ILi32EEPS4_PS7_tttthhhih_53_address0   |   14|          3|    7|         21|
    |p_ZZ11conv_enginePK7ap_uintILi32EEPK6ap_intILi8EES6_PKS3_ILi32EEPS4_PS7_tttthhhih_53_ce0        |   14|          3|    1|          3|
    |p_ZZ11conv_enginePK7ap_uintILi32EEPK6ap_intILi8EES6_PKS3_ILi32EEPS4_PS7_tttthhhih_53_we0        |    9|          2|    1|          2|
    |p_ZZ11conv_enginePK7ap_uintILi32EEPK6ap_intILi8EES6_PKS3_ILi32EEPS4_PS7_tttthhhih_54_address0   |   14|          3|    7|         21|
    |p_ZZ11conv_enginePK7ap_uintILi32EEPK6ap_intILi8EES6_PKS3_ILi32EEPS4_PS7_tttthhhih_54_ce0        |   14|          3|    1|          3|
    |p_ZZ11conv_enginePK7ap_uintILi32EEPK6ap_intILi8EES6_PKS3_ILi32EEPS4_PS7_tttthhhih_54_we0        |    9|          2|    1|          2|
    |p_ZZ11conv_enginePK7ap_uintILi32EEPK6ap_intILi8EES6_PKS3_ILi32EEPS4_PS7_tttthhhih_55_address0   |   14|          3|    7|         21|
    |p_ZZ11conv_enginePK7ap_uintILi32EEPK6ap_intILi8EES6_PKS3_ILi32EEPS4_PS7_tttthhhih_55_ce0        |   14|          3|    1|          3|
    |p_ZZ11conv_enginePK7ap_uintILi32EEPK6ap_intILi8EES6_PKS3_ILi32EEPS4_PS7_tttthhhih_55_we0        |    9|          2|    1|          2|
    |p_ZZ11conv_enginePK7ap_uintILi32EEPK6ap_intILi8EES6_PKS3_ILi32EEPS4_PS7_tttthhhih_56_address0   |   14|          3|    7|         21|
    |p_ZZ11conv_enginePK7ap_uintILi32EEPK6ap_intILi8EES6_PKS3_ILi32EEPS4_PS7_tttthhhih_56_ce0        |   14|          3|    1|          3|
    |p_ZZ11conv_enginePK7ap_uintILi32EEPK6ap_intILi8EES6_PKS3_ILi32EEPS4_PS7_tttthhhih_56_we0        |    9|          2|    1|          2|
    |p_ZZ11conv_enginePK7ap_uintILi32EEPK6ap_intILi8EES6_PKS3_ILi32EEPS4_PS7_tttthhhih_57_address0   |   14|          3|    7|         21|
    |p_ZZ11conv_enginePK7ap_uintILi32EEPK6ap_intILi8EES6_PKS3_ILi32EEPS4_PS7_tttthhhih_57_ce0        |   14|          3|    1|          3|
    |p_ZZ11conv_enginePK7ap_uintILi32EEPK6ap_intILi8EES6_PKS3_ILi32EEPS4_PS7_tttthhhih_57_we0        |    9|          2|    1|          2|
    |p_ZZ11conv_enginePK7ap_uintILi32EEPK6ap_intILi8EES6_PKS3_ILi32EEPS4_PS7_tttthhhih_58_address0   |   14|          3|    7|         21|
    |p_ZZ11conv_enginePK7ap_uintILi32EEPK6ap_intILi8EES6_PKS3_ILi32EEPS4_PS7_tttthhhih_58_ce0        |   14|          3|    1|          3|
    |p_ZZ11conv_enginePK7ap_uintILi32EEPK6ap_intILi8EES6_PKS3_ILi32EEPS4_PS7_tttthhhih_58_we0        |    9|          2|    1|          2|
    |p_ZZ11conv_enginePK7ap_uintILi32EEPK6ap_intILi8EES6_PKS3_ILi32EEPS4_PS7_tttthhhih_59_address0   |   14|          3|    7|         21|
    |p_ZZ11conv_enginePK7ap_uintILi32EEPK6ap_intILi8EES6_PKS3_ILi32EEPS4_PS7_tttthhhih_59_ce0        |   14|          3|    1|          3|
    |p_ZZ11conv_enginePK7ap_uintILi32EEPK6ap_intILi8EES6_PKS3_ILi32EEPS4_PS7_tttthhhih_59_we0        |    9|          2|    1|          2|
    |p_ZZ11conv_enginePK7ap_uintILi32EEPK6ap_intILi8EES6_PKS3_ILi32EEPS4_PS7_tttthhhih_60_address0   |   14|          3|    7|         21|
    |p_ZZ11conv_enginePK7ap_uintILi32EEPK6ap_intILi8EES6_PKS3_ILi32EEPS4_PS7_tttthhhih_60_ce0        |   14|          3|    1|          3|
    |p_ZZ11conv_enginePK7ap_uintILi32EEPK6ap_intILi8EES6_PKS3_ILi32EEPS4_PS7_tttthhhih_60_we0        |    9|          2|    1|          2|
    |p_ZZ11conv_enginePK7ap_uintILi32EEPK6ap_intILi8EES6_PKS3_ILi32EEPS4_PS7_tttthhhih_61_address0   |   14|          3|    7|         21|
    |p_ZZ11conv_enginePK7ap_uintILi32EEPK6ap_intILi8EES6_PKS3_ILi32EEPS4_PS7_tttthhhih_61_ce0        |   14|          3|    1|          3|
    |p_ZZ11conv_enginePK7ap_uintILi32EEPK6ap_intILi8EES6_PKS3_ILi32EEPS4_PS7_tttthhhih_61_we0        |    9|          2|    1|          2|
    |p_ZZ11conv_enginePK7ap_uintILi32EEPK6ap_intILi8EES6_PKS3_ILi32EEPS4_PS7_tttthhhih_62_address0   |   14|          3|    7|         21|
    |p_ZZ11conv_enginePK7ap_uintILi32EEPK6ap_intILi8EES6_PKS3_ILi32EEPS4_PS7_tttthhhih_62_ce0        |   14|          3|    1|          3|
    |p_ZZ11conv_enginePK7ap_uintILi32EEPK6ap_intILi8EES6_PKS3_ILi32EEPS4_PS7_tttthhhih_62_we0        |    9|          2|    1|          2|
    |p_ZZ11conv_enginePK7ap_uintILi32EEPK6ap_intILi8EES6_PKS3_ILi32EEPS4_PS7_tttthhhih_63_address0   |   14|          3|    7|         21|
    |p_ZZ11conv_enginePK7ap_uintILi32EEPK6ap_intILi8EES6_PKS3_ILi32EEPS4_PS7_tttthhhih_63_ce0        |   14|          3|    1|          3|
    |p_ZZ11conv_enginePK7ap_uintILi32EEPK6ap_intILi8EES6_PKS3_ILi32EEPS4_PS7_tttthhhih_63_we0        |    9|          2|    1|          2|
    |p_ZZ11conv_enginePK7ap_uintILi32EEPK6ap_intILi8EES6_PKS3_ILi32EEPS4_PS7_tttthhhih_64_address0   |   14|          3|    7|         21|
    |p_ZZ11conv_enginePK7ap_uintILi32EEPK6ap_intILi8EES6_PKS3_ILi32EEPS4_PS7_tttthhhih_64_ce0        |   14|          3|    1|          3|
    |p_ZZ11conv_enginePK7ap_uintILi32EEPK6ap_intILi8EES6_PKS3_ILi32EEPS4_PS7_tttthhhih_64_we0        |    9|          2|    1|          2|
    |p_ZZ11conv_enginePK7ap_uintILi32EEPK6ap_intILi8EES6_PKS3_ILi32EEPS4_PS7_tttthhhih_65_address0   |   14|          3|    7|         21|
    |p_ZZ11conv_enginePK7ap_uintILi32EEPK6ap_intILi8EES6_PKS3_ILi32EEPS4_PS7_tttthhhih_65_ce0        |   14|          3|    1|          3|
    |p_ZZ11conv_enginePK7ap_uintILi32EEPK6ap_intILi8EES6_PKS3_ILi32EEPS4_PS7_tttthhhih_65_we0        |    9|          2|    1|          2|
    |p_ZZ11conv_enginePK7ap_uintILi32EEPK6ap_intILi8EES6_PKS3_ILi32EEPS4_PS7_tttthhhih_66_address0   |   14|          3|    7|         21|
    |p_ZZ11conv_enginePK7ap_uintILi32EEPK6ap_intILi8EES6_PKS3_ILi32EEPS4_PS7_tttthhhih_66_ce0        |   14|          3|    1|          3|
    |p_ZZ11conv_enginePK7ap_uintILi32EEPK6ap_intILi8EES6_PKS3_ILi32EEPS4_PS7_tttthhhih_66_we0        |    9|          2|    1|          2|
    |p_ZZ11conv_enginePK7ap_uintILi32EEPK6ap_intILi8EES6_PKS3_ILi32EEPS4_PS7_tttthhhih_67_address0   |   14|          3|    7|         21|
    |p_ZZ11conv_enginePK7ap_uintILi32EEPK6ap_intILi8EES6_PKS3_ILi32EEPS4_PS7_tttthhhih_67_ce0        |   14|          3|    1|          3|
    |p_ZZ11conv_enginePK7ap_uintILi32EEPK6ap_intILi8EES6_PKS3_ILi32EEPS4_PS7_tttthhhih_67_we0        |    9|          2|    1|          2|
    |p_ZZ11conv_enginePK7ap_uintILi32EEPK6ap_intILi8EES6_PKS3_ILi32EEPS4_PS7_tttthhhih_68_address0   |   14|          3|    7|         21|
    |p_ZZ11conv_enginePK7ap_uintILi32EEPK6ap_intILi8EES6_PKS3_ILi32EEPS4_PS7_tttthhhih_68_ce0        |   14|          3|    1|          3|
    |p_ZZ11conv_enginePK7ap_uintILi32EEPK6ap_intILi8EES6_PKS3_ILi32EEPS4_PS7_tttthhhih_68_we0        |    9|          2|    1|          2|
    |p_ZZ11conv_enginePK7ap_uintILi32EEPK6ap_intILi8EES6_PKS3_ILi32EEPS4_PS7_tttthhhih_69_address0   |   14|          3|    7|         21|
    |p_ZZ11conv_enginePK7ap_uintILi32EEPK6ap_intILi8EES6_PKS3_ILi32EEPS4_PS7_tttthhhih_69_ce0        |   14|          3|    1|          3|
    |p_ZZ11conv_enginePK7ap_uintILi32EEPK6ap_intILi8EES6_PKS3_ILi32EEPS4_PS7_tttthhhih_69_we0        |    9|          2|    1|          2|
    |p_ZZ11conv_enginePK7ap_uintILi32EEPK6ap_intILi8EES6_PKS3_ILi32EEPS4_PS7_tttthhhih_70_address0   |   14|          3|    7|         21|
    |p_ZZ11conv_enginePK7ap_uintILi32EEPK6ap_intILi8EES6_PKS3_ILi32EEPS4_PS7_tttthhhih_70_ce0        |   14|          3|    1|          3|
    |p_ZZ11conv_enginePK7ap_uintILi32EEPK6ap_intILi8EES6_PKS3_ILi32EEPS4_PS7_tttthhhih_70_we0        |    9|          2|    1|          2|
    |p_ZZ11conv_enginePK7ap_uintILi32EEPK6ap_intILi8EES6_PKS3_ILi32EEPS4_PS7_tttthhhih_71_address0   |   14|          3|    7|         21|
    |p_ZZ11conv_enginePK7ap_uintILi32EEPK6ap_intILi8EES6_PKS3_ILi32EEPS4_PS7_tttthhhih_71_ce0        |   14|          3|    1|          3|
    |p_ZZ11conv_enginePK7ap_uintILi32EEPK6ap_intILi8EES6_PKS3_ILi32EEPS4_PS7_tttthhhih_71_we0        |    9|          2|    1|          2|
    |p_ZZ11conv_enginePK7ap_uintILi32EEPK6ap_intILi8EES6_PKS3_ILi32EEPS4_PS7_tttthhhih_72_address0   |   14|          3|    7|         21|
    |p_ZZ11conv_enginePK7ap_uintILi32EEPK6ap_intILi8EES6_PKS3_ILi32EEPS4_PS7_tttthhhih_72_ce0        |   14|          3|    1|          3|
    |p_ZZ11conv_enginePK7ap_uintILi32EEPK6ap_intILi8EES6_PKS3_ILi32EEPS4_PS7_tttthhhih_72_we0        |    9|          2|    1|          2|
    |p_ZZ11conv_enginePK7ap_uintILi32EEPK6ap_intILi8EES6_PKS3_ILi32EEPS4_PS7_tttthhhih_73_address0   |   14|          3|    7|         21|
    |p_ZZ11conv_enginePK7ap_uintILi32EEPK6ap_intILi8EES6_PKS3_ILi32EEPS4_PS7_tttthhhih_73_ce0        |   14|          3|    1|          3|
    |p_ZZ11conv_enginePK7ap_uintILi32EEPK6ap_intILi8EES6_PKS3_ILi32EEPS4_PS7_tttthhhih_73_we0        |    9|          2|    1|          2|
    |p_ZZ11conv_enginePK7ap_uintILi32EEPK6ap_intILi8EES6_PKS3_ILi32EEPS4_PS7_tttthhhih_74_address0   |   14|          3|    7|         21|
    |p_ZZ11conv_enginePK7ap_uintILi32EEPK6ap_intILi8EES6_PKS3_ILi32EEPS4_PS7_tttthhhih_74_ce0        |   14|          3|    1|          3|
    |p_ZZ11conv_enginePK7ap_uintILi32EEPK6ap_intILi8EES6_PKS3_ILi32EEPS4_PS7_tttthhhih_74_we0        |    9|          2|    1|          2|
    |p_ZZ11conv_enginePK7ap_uintILi32EEPK6ap_intILi8EES6_PKS3_ILi32EEPS4_PS7_tttthhhih_75_address0   |   14|          3|    7|         21|
    |p_ZZ11conv_enginePK7ap_uintILi32EEPK6ap_intILi8EES6_PKS3_ILi32EEPS4_PS7_tttthhhih_75_ce0        |   14|          3|    1|          3|
    |p_ZZ11conv_enginePK7ap_uintILi32EEPK6ap_intILi8EES6_PKS3_ILi32EEPS4_PS7_tttthhhih_75_we0        |    9|          2|    1|          2|
    |p_ZZ11conv_enginePK7ap_uintILi32EEPK6ap_intILi8EES6_PKS3_ILi32EEPS4_PS7_tttthhhih_76_address0   |   14|          3|    7|         21|
    |p_ZZ11conv_enginePK7ap_uintILi32EEPK6ap_intILi8EES6_PKS3_ILi32EEPS4_PS7_tttthhhih_76_ce0        |   14|          3|    1|          3|
    |p_ZZ11conv_enginePK7ap_uintILi32EEPK6ap_intILi8EES6_PKS3_ILi32EEPS4_PS7_tttthhhih_76_we0        |    9|          2|    1|          2|
    |p_ZZ11conv_enginePK7ap_uintILi32EEPK6ap_intILi8EES6_PKS3_ILi32EEPS4_PS7_tttthhhih_77_address0   |   14|          3|    7|         21|
    |p_ZZ11conv_enginePK7ap_uintILi32EEPK6ap_intILi8EES6_PKS3_ILi32EEPS4_PS7_tttthhhih_77_ce0        |   14|          3|    1|          3|
    |p_ZZ11conv_enginePK7ap_uintILi32EEPK6ap_intILi8EES6_PKS3_ILi32EEPS4_PS7_tttthhhih_77_we0        |    9|          2|    1|          2|
    |p_ZZ11conv_enginePK7ap_uintILi32EEPK6ap_intILi8EES6_PKS3_ILi32EEPS4_PS7_tttthhhih_78_address0   |   14|          3|    7|         21|
    |p_ZZ11conv_enginePK7ap_uintILi32EEPK6ap_intILi8EES6_PKS3_ILi32EEPS4_PS7_tttthhhih_78_ce0        |   14|          3|    1|          3|
    |p_ZZ11conv_enginePK7ap_uintILi32EEPK6ap_intILi8EES6_PKS3_ILi32EEPS4_PS7_tttthhhih_78_we0        |    9|          2|    1|          2|
    |p_ZZ11conv_enginePK7ap_uintILi32EEPK6ap_intILi8EES6_PKS3_ILi32EEPS4_PS7_tttthhhih_79_address0   |   14|          3|    7|         21|
    |p_ZZ11conv_enginePK7ap_uintILi32EEPK6ap_intILi8EES6_PKS3_ILi32EEPS4_PS7_tttthhhih_79_ce0        |   14|          3|    1|          3|
    |p_ZZ11conv_enginePK7ap_uintILi32EEPK6ap_intILi8EES6_PKS3_ILi32EEPS4_PS7_tttthhhih_79_we0        |    9|          2|    1|          2|
    |p_ZZ11conv_enginePK7ap_uintILi32EEPK6ap_intILi8EES6_PKS3_ILi32EEPS4_PS7_tttthhhih_80_address0   |   14|          3|    7|         21|
    |p_ZZ11conv_enginePK7ap_uintILi32EEPK6ap_intILi8EES6_PKS3_ILi32EEPS4_PS7_tttthhhih_80_ce0        |   14|          3|    1|          3|
    |p_ZZ11conv_enginePK7ap_uintILi32EEPK6ap_intILi8EES6_PKS3_ILi32EEPS4_PS7_tttthhhih_80_we0        |    9|          2|    1|          2|
    |p_ZZ11conv_enginePK7ap_uintILi32EEPK6ap_intILi8EES6_PKS3_ILi32EEPS4_PS7_tttthhhih_81_address0   |   14|          3|    7|         21|
    |p_ZZ11conv_enginePK7ap_uintILi32EEPK6ap_intILi8EES6_PKS3_ILi32EEPS4_PS7_tttthhhih_81_ce0        |   14|          3|    1|          3|
    |p_ZZ11conv_enginePK7ap_uintILi32EEPK6ap_intILi8EES6_PKS3_ILi32EEPS4_PS7_tttthhhih_81_we0        |    9|          2|    1|          2|
    |p_ZZ11conv_enginePK7ap_uintILi32EEPK6ap_intILi8EES6_PKS3_ILi32EEPS4_PS7_tttthhhih_82_address0   |   14|          3|    7|         21|
    |p_ZZ11conv_enginePK7ap_uintILi32EEPK6ap_intILi8EES6_PKS3_ILi32EEPS4_PS7_tttthhhih_82_ce0        |   14|          3|    1|          3|
    |p_ZZ11conv_enginePK7ap_uintILi32EEPK6ap_intILi8EES6_PKS3_ILi32EEPS4_PS7_tttthhhih_82_we0        |    9|          2|    1|          2|
    |p_ZZ11conv_enginePK7ap_uintILi32EEPK6ap_intILi8EES6_PKS3_ILi32EEPS4_PS7_tttthhhih_83_address0   |   14|          3|    7|         21|
    |p_ZZ11conv_enginePK7ap_uintILi32EEPK6ap_intILi8EES6_PKS3_ILi32EEPS4_PS7_tttthhhih_83_ce0        |   14|          3|    1|          3|
    |p_ZZ11conv_enginePK7ap_uintILi32EEPK6ap_intILi8EES6_PKS3_ILi32EEPS4_PS7_tttthhhih_83_we0        |    9|          2|    1|          2|
    |p_ZZ11conv_enginePK7ap_uintILi32EEPK6ap_intILi8EES6_PKS3_ILi32EEPS4_PS7_tttthhhih_84_address0   |   14|          3|    7|         21|
    |p_ZZ11conv_enginePK7ap_uintILi32EEPK6ap_intILi8EES6_PKS3_ILi32EEPS4_PS7_tttthhhih_84_ce0        |   14|          3|    1|          3|
    |p_ZZ11conv_enginePK7ap_uintILi32EEPK6ap_intILi8EES6_PKS3_ILi32EEPS4_PS7_tttthhhih_84_we0        |    9|          2|    1|          2|
    |p_ZZ11conv_enginePK7ap_uintILi32EEPK6ap_intILi8EES6_PKS3_ILi32EEPS4_PS7_tttthhhih_85_address0   |   14|          3|    7|         21|
    |p_ZZ11conv_enginePK7ap_uintILi32EEPK6ap_intILi8EES6_PKS3_ILi32EEPS4_PS7_tttthhhih_85_ce0        |   14|          3|    1|          3|
    |p_ZZ11conv_enginePK7ap_uintILi32EEPK6ap_intILi8EES6_PKS3_ILi32EEPS4_PS7_tttthhhih_85_we0        |    9|          2|    1|          2|
    |p_ZZ11conv_enginePK7ap_uintILi32EEPK6ap_intILi8EES6_PKS3_ILi32EEPS4_PS7_tttthhhih_86_address0   |   14|          3|    7|         21|
    |p_ZZ11conv_enginePK7ap_uintILi32EEPK6ap_intILi8EES6_PKS3_ILi32EEPS4_PS7_tttthhhih_86_ce0        |   14|          3|    1|          3|
    |p_ZZ11conv_enginePK7ap_uintILi32EEPK6ap_intILi8EES6_PKS3_ILi32EEPS4_PS7_tttthhhih_86_we0        |    9|          2|    1|          2|
    |p_ZZ11conv_enginePK7ap_uintILi32EEPK6ap_intILi8EES6_PKS3_ILi32EEPS4_PS7_tttthhhih_87_address0   |   14|          3|    7|         21|
    |p_ZZ11conv_enginePK7ap_uintILi32EEPK6ap_intILi8EES6_PKS3_ILi32EEPS4_PS7_tttthhhih_87_ce0        |   14|          3|    1|          3|
    |p_ZZ11conv_enginePK7ap_uintILi32EEPK6ap_intILi8EES6_PKS3_ILi32EEPS4_PS7_tttthhhih_87_we0        |    9|          2|    1|          2|
    |p_ZZ11conv_enginePK7ap_uintILi32EEPK6ap_intILi8EES6_PKS3_ILi32EEPS4_PS7_tttthhhih_88_address0   |   14|          3|    7|         21|
    |p_ZZ11conv_enginePK7ap_uintILi32EEPK6ap_intILi8EES6_PKS3_ILi32EEPS4_PS7_tttthhhih_88_ce0        |   14|          3|    1|          3|
    |p_ZZ11conv_enginePK7ap_uintILi32EEPK6ap_intILi8EES6_PKS3_ILi32EEPS4_PS7_tttthhhih_88_we0        |    9|          2|    1|          2|
    |p_ZZ11conv_enginePK7ap_uintILi32EEPK6ap_intILi8EES6_PKS3_ILi32EEPS4_PS7_tttthhhih_89_address0   |   14|          3|    7|         21|
    |p_ZZ11conv_enginePK7ap_uintILi32EEPK6ap_intILi8EES6_PKS3_ILi32EEPS4_PS7_tttthhhih_89_ce0        |   14|          3|    1|          3|
    |p_ZZ11conv_enginePK7ap_uintILi32EEPK6ap_intILi8EES6_PKS3_ILi32EEPS4_PS7_tttthhhih_89_we0        |    9|          2|    1|          2|
    |p_ZZ11conv_enginePK7ap_uintILi32EEPK6ap_intILi8EES6_PKS3_ILi32EEPS4_PS7_tttthhhih_90_address0   |   14|          3|    7|         21|
    |p_ZZ11conv_enginePK7ap_uintILi32EEPK6ap_intILi8EES6_PKS3_ILi32EEPS4_PS7_tttthhhih_90_ce0        |   14|          3|    1|          3|
    |p_ZZ11conv_enginePK7ap_uintILi32EEPK6ap_intILi8EES6_PKS3_ILi32EEPS4_PS7_tttthhhih_90_we0        |    9|          2|    1|          2|
    |p_ZZ11conv_enginePK7ap_uintILi32EEPK6ap_intILi8EES6_PKS3_ILi32EEPS4_PS7_tttthhhih_91_address0   |   14|          3|    7|         21|
    |p_ZZ11conv_enginePK7ap_uintILi32EEPK6ap_intILi8EES6_PKS3_ILi32EEPS4_PS7_tttthhhih_91_ce0        |   14|          3|    1|          3|
    |p_ZZ11conv_enginePK7ap_uintILi32EEPK6ap_intILi8EES6_PKS3_ILi32EEPS4_PS7_tttthhhih_91_we0        |    9|          2|    1|          2|
    |p_ZZ11conv_enginePK7ap_uintILi32EEPK6ap_intILi8EES6_PKS3_ILi32EEPS4_PS7_tttthhhih_92_address0   |   14|          3|    7|         21|
    |p_ZZ11conv_enginePK7ap_uintILi32EEPK6ap_intILi8EES6_PKS3_ILi32EEPS4_PS7_tttthhhih_92_ce0        |   14|          3|    1|          3|
    |p_ZZ11conv_enginePK7ap_uintILi32EEPK6ap_intILi8EES6_PKS3_ILi32EEPS4_PS7_tttthhhih_92_we0        |    9|          2|    1|          2|
    |p_ZZ11conv_enginePK7ap_uintILi32EEPK6ap_intILi8EES6_PKS3_ILi32EEPS4_PS7_tttthhhih_93_address0   |   14|          3|    7|         21|
    |p_ZZ11conv_enginePK7ap_uintILi32EEPK6ap_intILi8EES6_PKS3_ILi32EEPS4_PS7_tttthhhih_93_ce0        |   14|          3|    1|          3|
    |p_ZZ11conv_enginePK7ap_uintILi32EEPK6ap_intILi8EES6_PKS3_ILi32EEPS4_PS7_tttthhhih_93_we0        |    9|          2|    1|          2|
    |p_ZZ11conv_enginePK7ap_uintILi32EEPK6ap_intILi8EES6_PKS3_ILi32EEPS4_PS7_tttthhhih_94_address0   |   14|          3|    7|         21|
    |p_ZZ11conv_enginePK7ap_uintILi32EEPK6ap_intILi8EES6_PKS3_ILi32EEPS4_PS7_tttthhhih_94_ce0        |   14|          3|    1|          3|
    |p_ZZ11conv_enginePK7ap_uintILi32EEPK6ap_intILi8EES6_PKS3_ILi32EEPS4_PS7_tttthhhih_94_we0        |    9|          2|    1|          2|
    |p_ZZ11conv_enginePK7ap_uintILi32EEPK6ap_intILi8EES6_PKS3_ILi32EEPS4_PS7_tttthhhih_95_address0   |   14|          3|    7|         21|
    |p_ZZ11conv_enginePK7ap_uintILi32EEPK6ap_intILi8EES6_PKS3_ILi32EEPS4_PS7_tttthhhih_95_ce0        |   14|          3|    1|          3|
    |p_ZZ11conv_enginePK7ap_uintILi32EEPK6ap_intILi8EES6_PKS3_ILi32EEPS4_PS7_tttthhhih_95_we0        |    9|          2|    1|          2|
    |p_ZZ11conv_enginePK7ap_uintILi32EEPK6ap_intILi8EES6_PKS3_ILi32EEPS4_PS7_tttthhhih_96_address0   |   14|          3|    7|         21|
    |p_ZZ11conv_enginePK7ap_uintILi32EEPK6ap_intILi8EES6_PKS3_ILi32EEPS4_PS7_tttthhhih_96_ce0        |   14|          3|    1|          3|
    |p_ZZ11conv_enginePK7ap_uintILi32EEPK6ap_intILi8EES6_PKS3_ILi32EEPS4_PS7_tttthhhih_96_we0        |    9|          2|    1|          2|
    |p_ZZ11conv_enginePK7ap_uintILi32EEPK6ap_intILi8EES6_PKS3_ILi32EEPS4_PS7_tttthhhih_97_address0   |   14|          3|    7|         21|
    |p_ZZ11conv_enginePK7ap_uintILi32EEPK6ap_intILi8EES6_PKS3_ILi32EEPS4_PS7_tttthhhih_97_ce0        |   14|          3|    1|          3|
    |p_ZZ11conv_enginePK7ap_uintILi32EEPK6ap_intILi8EES6_PKS3_ILi32EEPS4_PS7_tttthhhih_97_we0        |    9|          2|    1|          2|
    |p_ZZ11conv_enginePK7ap_uintILi32EEPK6ap_intILi8EES6_PKS3_ILi32EEPS4_PS7_tttthhhih_98_address0   |   14|          3|    7|         21|
    |p_ZZ11conv_enginePK7ap_uintILi32EEPK6ap_intILi8EES6_PKS3_ILi32EEPS4_PS7_tttthhhih_98_ce0        |   14|          3|    1|          3|
    |p_ZZ11conv_enginePK7ap_uintILi32EEPK6ap_intILi8EES6_PKS3_ILi32EEPS4_PS7_tttthhhih_98_we0        |    9|          2|    1|          2|
    |p_ZZ11conv_enginePK7ap_uintILi32EEPK6ap_intILi8EES6_PKS3_ILi32EEPS4_PS7_tttthhhih_99_address0   |   14|          3|    7|         21|
    |p_ZZ11conv_enginePK7ap_uintILi32EEPK6ap_intILi8EES6_PKS3_ILi32EEPS4_PS7_tttthhhih_99_ce0        |   14|          3|    1|          3|
    |p_ZZ11conv_enginePK7ap_uintILi32EEPK6ap_intILi8EES6_PKS3_ILi32EEPS4_PS7_tttthhhih_99_we0        |    9|          2|    1|          2|
    |p_ZZL16scan_and_computePK7ap_uintILi32EEP6ap_intILi32EEPS3_ILi8EEjjjjjjjjjjjPA128_10_address0   |   20|          4|   13|         52|
    |p_ZZL16scan_and_computePK7ap_uintILi32EEP6ap_intILi32EEPS3_ILi8EEjjjjjjjjjjjPA128_10_ce0        |   20|          4|    1|          4|
    |p_ZZL16scan_and_computePK7ap_uintILi32EEP6ap_intILi32EEPS3_ILi8EEjjjjjjjjjjjPA128_10_d0         |   14|          3|    8|         24|
    |p_ZZL16scan_and_computePK7ap_uintILi32EEP6ap_intILi32EEPS3_ILi8EEjjjjjjjjjjjPA128_10_we0        |   14|          3|    1|          3|
    |p_ZZL16scan_and_computePK7ap_uintILi32EEP6ap_intILi32EEPS3_ILi8EEjjjjjjjjjjjPA128_11_address0   |   20|          4|   13|         52|
    |p_ZZL16scan_and_computePK7ap_uintILi32EEP6ap_intILi32EEPS3_ILi8EEjjjjjjjjjjjPA128_11_ce0        |   20|          4|    1|          4|
    |p_ZZL16scan_and_computePK7ap_uintILi32EEP6ap_intILi32EEPS3_ILi8EEjjjjjjjjjjjPA128_11_d0         |   14|          3|    8|         24|
    |p_ZZL16scan_and_computePK7ap_uintILi32EEP6ap_intILi32EEPS3_ILi8EEjjjjjjjjjjjPA128_11_we0        |   14|          3|    1|          3|
    |p_ZZL16scan_and_computePK7ap_uintILi32EEP6ap_intILi32EEPS3_ILi8EEjjjjjjjjjjjPA128_12_address0   |   20|          4|   13|         52|
    |p_ZZL16scan_and_computePK7ap_uintILi32EEP6ap_intILi32EEPS3_ILi8EEjjjjjjjjjjjPA128_12_ce0        |   20|          4|    1|          4|
    |p_ZZL16scan_and_computePK7ap_uintILi32EEP6ap_intILi32EEPS3_ILi8EEjjjjjjjjjjjPA128_12_d0         |   14|          3|    8|         24|
    |p_ZZL16scan_and_computePK7ap_uintILi32EEP6ap_intILi32EEPS3_ILi8EEjjjjjjjjjjjPA128_12_we0        |   14|          3|    1|          3|
    |p_ZZL16scan_and_computePK7ap_uintILi32EEP6ap_intILi32EEPS3_ILi8EEjjjjjjjjjjjPA128_13_address0   |   20|          4|   13|         52|
    |p_ZZL16scan_and_computePK7ap_uintILi32EEP6ap_intILi32EEPS3_ILi8EEjjjjjjjjjjjPA128_13_ce0        |   20|          4|    1|          4|
    |p_ZZL16scan_and_computePK7ap_uintILi32EEP6ap_intILi32EEPS3_ILi8EEjjjjjjjjjjjPA128_13_d0         |   14|          3|    8|         24|
    |p_ZZL16scan_and_computePK7ap_uintILi32EEP6ap_intILi32EEPS3_ILi8EEjjjjjjjjjjjPA128_13_we0        |   14|          3|    1|          3|
    |p_ZZL16scan_and_computePK7ap_uintILi32EEP6ap_intILi32EEPS3_ILi8EEjjjjjjjjjjjPA128_14_address0   |   20|          4|   13|         52|
    |p_ZZL16scan_and_computePK7ap_uintILi32EEP6ap_intILi32EEPS3_ILi8EEjjjjjjjjjjjPA128_14_ce0        |   20|          4|    1|          4|
    |p_ZZL16scan_and_computePK7ap_uintILi32EEP6ap_intILi32EEPS3_ILi8EEjjjjjjjjjjjPA128_14_d0         |   14|          3|    8|         24|
    |p_ZZL16scan_and_computePK7ap_uintILi32EEP6ap_intILi32EEPS3_ILi8EEjjjjjjjjjjjPA128_14_we0        |   14|          3|    1|          3|
    |p_ZZL16scan_and_computePK7ap_uintILi32EEP6ap_intILi32EEPS3_ILi8EEjjjjjjjjjjjPA128_15_address0   |   20|          4|   13|         52|
    |p_ZZL16scan_and_computePK7ap_uintILi32EEP6ap_intILi32EEPS3_ILi8EEjjjjjjjjjjjPA128_15_ce0        |   20|          4|    1|          4|
    |p_ZZL16scan_and_computePK7ap_uintILi32EEP6ap_intILi32EEPS3_ILi8EEjjjjjjjjjjjPA128_15_d0         |   14|          3|    8|         24|
    |p_ZZL16scan_and_computePK7ap_uintILi32EEP6ap_intILi32EEPS3_ILi8EEjjjjjjjjjjjPA128_15_we0        |   14|          3|    1|          3|
    |p_ZZL16scan_and_computePK7ap_uintILi32EEP6ap_intILi32EEPS3_ILi8EEjjjjjjjjjjjPA128_16_address0   |   20|          4|   13|         52|
    |p_ZZL16scan_and_computePK7ap_uintILi32EEP6ap_intILi32EEPS3_ILi8EEjjjjjjjjjjjPA128_16_ce0        |   20|          4|    1|          4|
    |p_ZZL16scan_and_computePK7ap_uintILi32EEP6ap_intILi32EEPS3_ILi8EEjjjjjjjjjjjPA128_16_d0         |   14|          3|    8|         24|
    |p_ZZL16scan_and_computePK7ap_uintILi32EEP6ap_intILi32EEPS3_ILi8EEjjjjjjjjjjjPA128_16_we0        |   14|          3|    1|          3|
    |p_ZZL16scan_and_computePK7ap_uintILi32EEP6ap_intILi32EEPS3_ILi8EEjjjjjjjjjjjPA128_17_address0   |   20|          4|   13|         52|
    |p_ZZL16scan_and_computePK7ap_uintILi32EEP6ap_intILi32EEPS3_ILi8EEjjjjjjjjjjjPA128_17_ce0        |   20|          4|    1|          4|
    |p_ZZL16scan_and_computePK7ap_uintILi32EEP6ap_intILi32EEPS3_ILi8EEjjjjjjjjjjjPA128_17_d0         |   14|          3|    8|         24|
    |p_ZZL16scan_and_computePK7ap_uintILi32EEP6ap_intILi32EEPS3_ILi8EEjjjjjjjjjjjPA128_17_we0        |   14|          3|    1|          3|
    |p_ZZL16scan_and_computePK7ap_uintILi32EEP6ap_intILi32EEPS3_ILi8EEjjjjjjjjjjjPA128_18_address0   |   20|          4|   13|         52|
    |p_ZZL16scan_and_computePK7ap_uintILi32EEP6ap_intILi32EEPS3_ILi8EEjjjjjjjjjjjPA128_18_ce0        |   20|          4|    1|          4|
    |p_ZZL16scan_and_computePK7ap_uintILi32EEP6ap_intILi32EEPS3_ILi8EEjjjjjjjjjjjPA128_18_d0         |   14|          3|    8|         24|
    |p_ZZL16scan_and_computePK7ap_uintILi32EEP6ap_intILi32EEPS3_ILi8EEjjjjjjjjjjjPA128_18_we0        |   14|          3|    1|          3|
    |p_ZZL16scan_and_computePK7ap_uintILi32EEP6ap_intILi32EEPS3_ILi8EEjjjjjjjjjjjPA128_19_address0   |   20|          4|   13|         52|
    |p_ZZL16scan_and_computePK7ap_uintILi32EEP6ap_intILi32EEPS3_ILi8EEjjjjjjjjjjjPA128_19_ce0        |   20|          4|    1|          4|
    |p_ZZL16scan_and_computePK7ap_uintILi32EEP6ap_intILi32EEPS3_ILi8EEjjjjjjjjjjjPA128_19_d0         |   14|          3|    8|         24|
    |p_ZZL16scan_and_computePK7ap_uintILi32EEP6ap_intILi32EEPS3_ILi8EEjjjjjjjjjjjPA128_19_we0        |   14|          3|    1|          3|
    |p_ZZL16scan_and_computePK7ap_uintILi32EEP6ap_intILi32EEPS3_ILi8EEjjjjjjjjjjjPA128_1_address0    |   20|          4|   13|         52|
    |p_ZZL16scan_and_computePK7ap_uintILi32EEP6ap_intILi32EEPS3_ILi8EEjjjjjjjjjjjPA128_1_ce0         |   20|          4|    1|          4|
    |p_ZZL16scan_and_computePK7ap_uintILi32EEP6ap_intILi32EEPS3_ILi8EEjjjjjjjjjjjPA128_1_d0          |   14|          3|    8|         24|
    |p_ZZL16scan_and_computePK7ap_uintILi32EEP6ap_intILi32EEPS3_ILi8EEjjjjjjjjjjjPA128_1_we0         |   14|          3|    1|          3|
    |p_ZZL16scan_and_computePK7ap_uintILi32EEP6ap_intILi32EEPS3_ILi8EEjjjjjjjjjjjPA128_20_address0   |   20|          4|   13|         52|
    |p_ZZL16scan_and_computePK7ap_uintILi32EEP6ap_intILi32EEPS3_ILi8EEjjjjjjjjjjjPA128_20_ce0        |   20|          4|    1|          4|
    |p_ZZL16scan_and_computePK7ap_uintILi32EEP6ap_intILi32EEPS3_ILi8EEjjjjjjjjjjjPA128_20_d0         |   14|          3|    8|         24|
    |p_ZZL16scan_and_computePK7ap_uintILi32EEP6ap_intILi32EEPS3_ILi8EEjjjjjjjjjjjPA128_20_we0        |   14|          3|    1|          3|
    |p_ZZL16scan_and_computePK7ap_uintILi32EEP6ap_intILi32EEPS3_ILi8EEjjjjjjjjjjjPA128_21_address0   |   20|          4|   13|         52|
    |p_ZZL16scan_and_computePK7ap_uintILi32EEP6ap_intILi32EEPS3_ILi8EEjjjjjjjjjjjPA128_21_ce0        |   20|          4|    1|          4|
    |p_ZZL16scan_and_computePK7ap_uintILi32EEP6ap_intILi32EEPS3_ILi8EEjjjjjjjjjjjPA128_21_d0         |   14|          3|    8|         24|
    |p_ZZL16scan_and_computePK7ap_uintILi32EEP6ap_intILi32EEPS3_ILi8EEjjjjjjjjjjjPA128_21_we0        |   14|          3|    1|          3|
    |p_ZZL16scan_and_computePK7ap_uintILi32EEP6ap_intILi32EEPS3_ILi8EEjjjjjjjjjjjPA128_22_address0   |   20|          4|   13|         52|
    |p_ZZL16scan_and_computePK7ap_uintILi32EEP6ap_intILi32EEPS3_ILi8EEjjjjjjjjjjjPA128_22_ce0        |   20|          4|    1|          4|
    |p_ZZL16scan_and_computePK7ap_uintILi32EEP6ap_intILi32EEPS3_ILi8EEjjjjjjjjjjjPA128_22_d0         |   14|          3|    8|         24|
    |p_ZZL16scan_and_computePK7ap_uintILi32EEP6ap_intILi32EEPS3_ILi8EEjjjjjjjjjjjPA128_22_we0        |   14|          3|    1|          3|
    |p_ZZL16scan_and_computePK7ap_uintILi32EEP6ap_intILi32EEPS3_ILi8EEjjjjjjjjjjjPA128_23_address0   |   20|          4|   13|         52|
    |p_ZZL16scan_and_computePK7ap_uintILi32EEP6ap_intILi32EEPS3_ILi8EEjjjjjjjjjjjPA128_23_ce0        |   20|          4|    1|          4|
    |p_ZZL16scan_and_computePK7ap_uintILi32EEP6ap_intILi32EEPS3_ILi8EEjjjjjjjjjjjPA128_23_d0         |   14|          3|    8|         24|
    |p_ZZL16scan_and_computePK7ap_uintILi32EEP6ap_intILi32EEPS3_ILi8EEjjjjjjjjjjjPA128_23_we0        |   14|          3|    1|          3|
    |p_ZZL16scan_and_computePK7ap_uintILi32EEP6ap_intILi32EEPS3_ILi8EEjjjjjjjjjjjPA128_24_address0   |   20|          4|   13|         52|
    |p_ZZL16scan_and_computePK7ap_uintILi32EEP6ap_intILi32EEPS3_ILi8EEjjjjjjjjjjjPA128_24_ce0        |   20|          4|    1|          4|
    |p_ZZL16scan_and_computePK7ap_uintILi32EEP6ap_intILi32EEPS3_ILi8EEjjjjjjjjjjjPA128_24_d0         |   14|          3|    8|         24|
    |p_ZZL16scan_and_computePK7ap_uintILi32EEP6ap_intILi32EEPS3_ILi8EEjjjjjjjjjjjPA128_24_we0        |   14|          3|    1|          3|
    |p_ZZL16scan_and_computePK7ap_uintILi32EEP6ap_intILi32EEPS3_ILi8EEjjjjjjjjjjjPA128_25_address0   |   20|          4|   13|         52|
    |p_ZZL16scan_and_computePK7ap_uintILi32EEP6ap_intILi32EEPS3_ILi8EEjjjjjjjjjjjPA128_25_ce0        |   20|          4|    1|          4|
    |p_ZZL16scan_and_computePK7ap_uintILi32EEP6ap_intILi32EEPS3_ILi8EEjjjjjjjjjjjPA128_25_d0         |   14|          3|    8|         24|
    |p_ZZL16scan_and_computePK7ap_uintILi32EEP6ap_intILi32EEPS3_ILi8EEjjjjjjjjjjjPA128_25_we0        |   14|          3|    1|          3|
    |p_ZZL16scan_and_computePK7ap_uintILi32EEP6ap_intILi32EEPS3_ILi8EEjjjjjjjjjjjPA128_26_address0   |   20|          4|   13|         52|
    |p_ZZL16scan_and_computePK7ap_uintILi32EEP6ap_intILi32EEPS3_ILi8EEjjjjjjjjjjjPA128_26_ce0        |   20|          4|    1|          4|
    |p_ZZL16scan_and_computePK7ap_uintILi32EEP6ap_intILi32EEPS3_ILi8EEjjjjjjjjjjjPA128_26_d0         |   14|          3|    8|         24|
    |p_ZZL16scan_and_computePK7ap_uintILi32EEP6ap_intILi32EEPS3_ILi8EEjjjjjjjjjjjPA128_26_we0        |   14|          3|    1|          3|
    |p_ZZL16scan_and_computePK7ap_uintILi32EEP6ap_intILi32EEPS3_ILi8EEjjjjjjjjjjjPA128_27_address0   |   20|          4|   13|         52|
    |p_ZZL16scan_and_computePK7ap_uintILi32EEP6ap_intILi32EEPS3_ILi8EEjjjjjjjjjjjPA128_27_ce0        |   20|          4|    1|          4|
    |p_ZZL16scan_and_computePK7ap_uintILi32EEP6ap_intILi32EEPS3_ILi8EEjjjjjjjjjjjPA128_27_d0         |   14|          3|    8|         24|
    |p_ZZL16scan_and_computePK7ap_uintILi32EEP6ap_intILi32EEPS3_ILi8EEjjjjjjjjjjjPA128_27_we0        |   14|          3|    1|          3|
    |p_ZZL16scan_and_computePK7ap_uintILi32EEP6ap_intILi32EEPS3_ILi8EEjjjjjjjjjjjPA128_28_address0   |   20|          4|   13|         52|
    |p_ZZL16scan_and_computePK7ap_uintILi32EEP6ap_intILi32EEPS3_ILi8EEjjjjjjjjjjjPA128_28_ce0        |   20|          4|    1|          4|
    |p_ZZL16scan_and_computePK7ap_uintILi32EEP6ap_intILi32EEPS3_ILi8EEjjjjjjjjjjjPA128_28_d0         |   14|          3|    8|         24|
    |p_ZZL16scan_and_computePK7ap_uintILi32EEP6ap_intILi32EEPS3_ILi8EEjjjjjjjjjjjPA128_28_we0        |   14|          3|    1|          3|
    |p_ZZL16scan_and_computePK7ap_uintILi32EEP6ap_intILi32EEPS3_ILi8EEjjjjjjjjjjjPA128_29_address0   |   20|          4|   13|         52|
    |p_ZZL16scan_and_computePK7ap_uintILi32EEP6ap_intILi32EEPS3_ILi8EEjjjjjjjjjjjPA128_29_ce0        |   20|          4|    1|          4|
    |p_ZZL16scan_and_computePK7ap_uintILi32EEP6ap_intILi32EEPS3_ILi8EEjjjjjjjjjjjPA128_29_d0         |   14|          3|    8|         24|
    |p_ZZL16scan_and_computePK7ap_uintILi32EEP6ap_intILi32EEPS3_ILi8EEjjjjjjjjjjjPA128_29_we0        |   14|          3|    1|          3|
    |p_ZZL16scan_and_computePK7ap_uintILi32EEP6ap_intILi32EEPS3_ILi8EEjjjjjjjjjjjPA128_2_address0    |   20|          4|   13|         52|
    |p_ZZL16scan_and_computePK7ap_uintILi32EEP6ap_intILi32EEPS3_ILi8EEjjjjjjjjjjjPA128_2_ce0         |   20|          4|    1|          4|
    |p_ZZL16scan_and_computePK7ap_uintILi32EEP6ap_intILi32EEPS3_ILi8EEjjjjjjjjjjjPA128_2_d0          |   14|          3|    8|         24|
    |p_ZZL16scan_and_computePK7ap_uintILi32EEP6ap_intILi32EEPS3_ILi8EEjjjjjjjjjjjPA128_2_we0         |   14|          3|    1|          3|
    |p_ZZL16scan_and_computePK7ap_uintILi32EEP6ap_intILi32EEPS3_ILi8EEjjjjjjjjjjjPA128_30_address0   |   20|          4|    7|         28|
    |p_ZZL16scan_and_computePK7ap_uintILi32EEP6ap_intILi32EEPS3_ILi8EEjjjjjjjjjjjPA128_30_ce0        |   20|          4|    1|          4|
    |p_ZZL16scan_and_computePK7ap_uintILi32EEP6ap_intILi32EEPS3_ILi8EEjjjjjjjjjjjPA128_30_ce1        |    9|          2|    1|          2|
    |p_ZZL16scan_and_computePK7ap_uintILi32EEP6ap_intILi32EEPS3_ILi8EEjjjjjjjjjjjPA128_30_d0         |   14|          3|    8|         24|
    |p_ZZL16scan_and_computePK7ap_uintILi32EEP6ap_intILi32EEPS3_ILi8EEjjjjjjjjjjjPA128_30_we0        |   14|          3|    1|          3|
    |p_ZZL16scan_and_computePK7ap_uintILi32EEP6ap_intILi32EEPS3_ILi8EEjjjjjjjjjjjPA128_31_address0   |   20|          4|    7|         28|
    |p_ZZL16scan_and_computePK7ap_uintILi32EEP6ap_intILi32EEPS3_ILi8EEjjjjjjjjjjjPA128_31_ce0        |   20|          4|    1|          4|
    |p_ZZL16scan_and_computePK7ap_uintILi32EEP6ap_intILi32EEPS3_ILi8EEjjjjjjjjjjjPA128_31_ce1        |    9|          2|    1|          2|
    |p_ZZL16scan_and_computePK7ap_uintILi32EEP6ap_intILi32EEPS3_ILi8EEjjjjjjjjjjjPA128_31_d0         |   14|          3|    8|         24|
    |p_ZZL16scan_and_computePK7ap_uintILi32EEP6ap_intILi32EEPS3_ILi8EEjjjjjjjjjjjPA128_31_we0        |   14|          3|    1|          3|
    |p_ZZL16scan_and_computePK7ap_uintILi32EEP6ap_intILi32EEPS3_ILi8EEjjjjjjjjjjjPA128_32_address0   |   20|          4|    7|         28|
    |p_ZZL16scan_and_computePK7ap_uintILi32EEP6ap_intILi32EEPS3_ILi8EEjjjjjjjjjjjPA128_32_ce0        |   20|          4|    1|          4|
    |p_ZZL16scan_and_computePK7ap_uintILi32EEP6ap_intILi32EEPS3_ILi8EEjjjjjjjjjjjPA128_32_ce1        |    9|          2|    1|          2|
    |p_ZZL16scan_and_computePK7ap_uintILi32EEP6ap_intILi32EEPS3_ILi8EEjjjjjjjjjjjPA128_32_d0         |   14|          3|    8|         24|
    |p_ZZL16scan_and_computePK7ap_uintILi32EEP6ap_intILi32EEPS3_ILi8EEjjjjjjjjjjjPA128_32_we0        |   14|          3|    1|          3|
    |p_ZZL16scan_and_computePK7ap_uintILi32EEP6ap_intILi32EEPS3_ILi8EEjjjjjjjjjjjPA128_33_address0   |   20|          4|    7|         28|
    |p_ZZL16scan_and_computePK7ap_uintILi32EEP6ap_intILi32EEPS3_ILi8EEjjjjjjjjjjjPA128_33_ce0        |   20|          4|    1|          4|
    |p_ZZL16scan_and_computePK7ap_uintILi32EEP6ap_intILi32EEPS3_ILi8EEjjjjjjjjjjjPA128_33_ce1        |    9|          2|    1|          2|
    |p_ZZL16scan_and_computePK7ap_uintILi32EEP6ap_intILi32EEPS3_ILi8EEjjjjjjjjjjjPA128_33_d0         |   14|          3|    8|         24|
    |p_ZZL16scan_and_computePK7ap_uintILi32EEP6ap_intILi32EEPS3_ILi8EEjjjjjjjjjjjPA128_33_we0        |   14|          3|    1|          3|
    |p_ZZL16scan_and_computePK7ap_uintILi32EEP6ap_intILi32EEPS3_ILi8EEjjjjjjjjjjjPA128_34_address0   |   20|          4|    7|         28|
    |p_ZZL16scan_and_computePK7ap_uintILi32EEP6ap_intILi32EEPS3_ILi8EEjjjjjjjjjjjPA128_34_ce0        |   20|          4|    1|          4|
    |p_ZZL16scan_and_computePK7ap_uintILi32EEP6ap_intILi32EEPS3_ILi8EEjjjjjjjjjjjPA128_34_ce1        |    9|          2|    1|          2|
    |p_ZZL16scan_and_computePK7ap_uintILi32EEP6ap_intILi32EEPS3_ILi8EEjjjjjjjjjjjPA128_34_d0         |   14|          3|    8|         24|
    |p_ZZL16scan_and_computePK7ap_uintILi32EEP6ap_intILi32EEPS3_ILi8EEjjjjjjjjjjjPA128_34_we0        |   14|          3|    1|          3|
    |p_ZZL16scan_and_computePK7ap_uintILi32EEP6ap_intILi32EEPS3_ILi8EEjjjjjjjjjjjPA128_35_address0   |   20|          4|    7|         28|
    |p_ZZL16scan_and_computePK7ap_uintILi32EEP6ap_intILi32EEPS3_ILi8EEjjjjjjjjjjjPA128_35_ce0        |   20|          4|    1|          4|
    |p_ZZL16scan_and_computePK7ap_uintILi32EEP6ap_intILi32EEPS3_ILi8EEjjjjjjjjjjjPA128_35_ce1        |    9|          2|    1|          2|
    |p_ZZL16scan_and_computePK7ap_uintILi32EEP6ap_intILi32EEPS3_ILi8EEjjjjjjjjjjjPA128_35_d0         |   14|          3|    8|         24|
    |p_ZZL16scan_and_computePK7ap_uintILi32EEP6ap_intILi32EEPS3_ILi8EEjjjjjjjjjjjPA128_35_we0        |   14|          3|    1|          3|
    |p_ZZL16scan_and_computePK7ap_uintILi32EEP6ap_intILi32EEPS3_ILi8EEjjjjjjjjjjjPA128_3_address0    |   20|          4|   13|         52|
    |p_ZZL16scan_and_computePK7ap_uintILi32EEP6ap_intILi32EEPS3_ILi8EEjjjjjjjjjjjPA128_3_ce0         |   20|          4|    1|          4|
    |p_ZZL16scan_and_computePK7ap_uintILi32EEP6ap_intILi32EEPS3_ILi8EEjjjjjjjjjjjPA128_3_d0          |   14|          3|    8|         24|
    |p_ZZL16scan_and_computePK7ap_uintILi32EEP6ap_intILi32EEPS3_ILi8EEjjjjjjjjjjjPA128_3_we0         |   14|          3|    1|          3|
    |p_ZZL16scan_and_computePK7ap_uintILi32EEP6ap_intILi32EEPS3_ILi8EEjjjjjjjjjjjPA128_4_address0    |   20|          4|   13|         52|
    |p_ZZL16scan_and_computePK7ap_uintILi32EEP6ap_intILi32EEPS3_ILi8EEjjjjjjjjjjjPA128_4_ce0         |   20|          4|    1|          4|
    |p_ZZL16scan_and_computePK7ap_uintILi32EEP6ap_intILi32EEPS3_ILi8EEjjjjjjjjjjjPA128_4_d0          |   14|          3|    8|         24|
    |p_ZZL16scan_and_computePK7ap_uintILi32EEP6ap_intILi32EEPS3_ILi8EEjjjjjjjjjjjPA128_4_we0         |   14|          3|    1|          3|
    |p_ZZL16scan_and_computePK7ap_uintILi32EEP6ap_intILi32EEPS3_ILi8EEjjjjjjjjjjjPA128_5_address0    |   20|          4|   13|         52|
    |p_ZZL16scan_and_computePK7ap_uintILi32EEP6ap_intILi32EEPS3_ILi8EEjjjjjjjjjjjPA128_5_ce0         |   20|          4|    1|          4|
    |p_ZZL16scan_and_computePK7ap_uintILi32EEP6ap_intILi32EEPS3_ILi8EEjjjjjjjjjjjPA128_5_d0          |   14|          3|    8|         24|
    |p_ZZL16scan_and_computePK7ap_uintILi32EEP6ap_intILi32EEPS3_ILi8EEjjjjjjjjjjjPA128_5_we0         |   14|          3|    1|          3|
    |p_ZZL16scan_and_computePK7ap_uintILi32EEP6ap_intILi32EEPS3_ILi8EEjjjjjjjjjjjPA128_6_address0    |   20|          4|   13|         52|
    |p_ZZL16scan_and_computePK7ap_uintILi32EEP6ap_intILi32EEPS3_ILi8EEjjjjjjjjjjjPA128_6_ce0         |   20|          4|    1|          4|
    |p_ZZL16scan_and_computePK7ap_uintILi32EEP6ap_intILi32EEPS3_ILi8EEjjjjjjjjjjjPA128_6_d0          |   14|          3|    8|         24|
    |p_ZZL16scan_and_computePK7ap_uintILi32EEP6ap_intILi32EEPS3_ILi8EEjjjjjjjjjjjPA128_6_we0         |   14|          3|    1|          3|
    |p_ZZL16scan_and_computePK7ap_uintILi32EEP6ap_intILi32EEPS3_ILi8EEjjjjjjjjjjjPA128_7_address0    |   20|          4|   13|         52|
    |p_ZZL16scan_and_computePK7ap_uintILi32EEP6ap_intILi32EEPS3_ILi8EEjjjjjjjjjjjPA128_7_ce0         |   20|          4|    1|          4|
    |p_ZZL16scan_and_computePK7ap_uintILi32EEP6ap_intILi32EEPS3_ILi8EEjjjjjjjjjjjPA128_7_d0          |   14|          3|    8|         24|
    |p_ZZL16scan_and_computePK7ap_uintILi32EEP6ap_intILi32EEPS3_ILi8EEjjjjjjjjjjjPA128_7_we0         |   14|          3|    1|          3|
    |p_ZZL16scan_and_computePK7ap_uintILi32EEP6ap_intILi32EEPS3_ILi8EEjjjjjjjjjjjPA128_8_address0    |   20|          4|   13|         52|
    |p_ZZL16scan_and_computePK7ap_uintILi32EEP6ap_intILi32EEPS3_ILi8EEjjjjjjjjjjjPA128_8_ce0         |   20|          4|    1|          4|
    |p_ZZL16scan_and_computePK7ap_uintILi32EEP6ap_intILi32EEPS3_ILi8EEjjjjjjjjjjjPA128_8_d0          |   14|          3|    8|         24|
    |p_ZZL16scan_and_computePK7ap_uintILi32EEP6ap_intILi32EEPS3_ILi8EEjjjjjjjjjjjPA128_8_we0         |   14|          3|    1|          3|
    |p_ZZL16scan_and_computePK7ap_uintILi32EEP6ap_intILi32EEPS3_ILi8EEjjjjjjjjjjjPA128_9_address0    |   20|          4|   13|         52|
    |p_ZZL16scan_and_computePK7ap_uintILi32EEP6ap_intILi32EEPS3_ILi8EEjjjjjjjjjjjPA128_9_ce0         |   20|          4|    1|          4|
    |p_ZZL16scan_and_computePK7ap_uintILi32EEP6ap_intILi32EEPS3_ILi8EEjjjjjjjjjjjPA128_9_d0          |   14|          3|    8|         24|
    |p_ZZL16scan_and_computePK7ap_uintILi32EEP6ap_intILi32EEPS3_ILi8EEjjjjjjjjjjjPA128_9_we0         |   14|          3|    1|          3|
    |p_ZZL16scan_and_computePK7ap_uintILi32EEP6ap_intILi32EEPS3_ILi8EEjjjjjjjjjjjPA128_address0      |   20|          4|   13|         52|
    |p_ZZL16scan_and_computePK7ap_uintILi32EEP6ap_intILi32EEPS3_ILi8EEjjjjjjjjjjjPA128_ce0           |   20|          4|    1|          4|
    |p_ZZL16scan_and_computePK7ap_uintILi32EEP6ap_intILi32EEPS3_ILi8EEjjjjjjjjjjjPA128_d0            |   14|          3|    8|         24|
    |p_ZZL16scan_and_computePK7ap_uintILi32EEP6ap_intILi32EEPS3_ILi8EEjjjjjjjjjjjPA128_we0           |   14|          3|    1|          3|
    |phi_ln1272_reg_1333                                                                             |    9|          2|   18|         36|
    |phi_mul302_reg_1399                                                                             |    9|          2|   32|         64|
    |phi_mul311_fu_932                                                                               |    9|          2|   32|         64|
    |phi_mul_reg_1422                                                                                |    9|          2|   32|         64|
    |px_10_address0                                                                                  |   26|          5|    3|         15|
    |px_10_ce0                                                                                       |   26|          5|    1|          5|
    |px_10_d0                                                                                        |   14|          3|    8|         24|
    |px_10_we0                                                                                       |   14|          3|    1|          3|
    |px_11_address0                                                                                  |   26|          5|    3|         15|
    |px_11_ce0                                                                                       |   26|          5|    1|          5|
    |px_11_d0                                                                                        |   14|          3|    8|         24|
    |px_11_we0                                                                                       |   14|          3|    1|          3|
    |px_12_address0                                                                                  |   26|          5|    3|         15|
    |px_12_ce0                                                                                       |   26|          5|    1|          5|
    |px_12_d0                                                                                        |   14|          3|    8|         24|
    |px_12_we0                                                                                       |   14|          3|    1|          3|
    |px_13_address0                                                                                  |   26|          5|    3|         15|
    |px_13_ce0                                                                                       |   26|          5|    1|          5|
    |px_13_d0                                                                                        |   14|          3|    8|         24|
    |px_13_we0                                                                                       |   14|          3|    1|          3|
    |px_14_address0                                                                                  |   26|          5|    3|         15|
    |px_14_ce0                                                                                       |   26|          5|    1|          5|
    |px_14_d0                                                                                        |   14|          3|    8|         24|
    |px_14_we0                                                                                       |   14|          3|    1|          3|
    |px_15_address0                                                                                  |   26|          5|    3|         15|
    |px_15_ce0                                                                                       |   26|          5|    1|          5|
    |px_15_d0                                                                                        |   14|          3|    8|         24|
    |px_15_we0                                                                                       |   14|          3|    1|          3|
    |px_1_address0                                                                                   |   26|          5|    3|         15|
    |px_1_ce0                                                                                        |   26|          5|    1|          5|
    |px_1_d0                                                                                         |   14|          3|    8|         24|
    |px_1_we0                                                                                        |   14|          3|    1|          3|
    |px_2_address0                                                                                   |   26|          5|    3|         15|
    |px_2_ce0                                                                                        |   26|          5|    1|          5|
    |px_2_d0                                                                                         |   14|          3|    8|         24|
    |px_2_we0                                                                                        |   14|          3|    1|          3|
    |px_3_address0                                                                                   |   26|          5|    3|         15|
    |px_3_ce0                                                                                        |   26|          5|    1|          5|
    |px_3_d0                                                                                         |   14|          3|    8|         24|
    |px_3_we0                                                                                        |   14|          3|    1|          3|
    |px_4_address0                                                                                   |   26|          5|    3|         15|
    |px_4_ce0                                                                                        |   26|          5|    1|          5|
    |px_4_d0                                                                                         |   14|          3|    8|         24|
    |px_4_we0                                                                                        |   14|          3|    1|          3|
    |px_5_address0                                                                                   |   26|          5|    3|         15|
    |px_5_ce0                                                                                        |   26|          5|    1|          5|
    |px_5_d0                                                                                         |   14|          3|    8|         24|
    |px_5_we0                                                                                        |   14|          3|    1|          3|
    |px_6_address0                                                                                   |   26|          5|    3|         15|
    |px_6_ce0                                                                                        |   26|          5|    1|          5|
    |px_6_d0                                                                                         |   14|          3|    8|         24|
    |px_6_we0                                                                                        |   14|          3|    1|          3|
    |px_7_address0                                                                                   |   26|          5|    3|         15|
    |px_7_ce0                                                                                        |   26|          5|    1|          5|
    |px_7_d0                                                                                         |   14|          3|    8|         24|
    |px_7_we0                                                                                        |   14|          3|    1|          3|
    |px_8_address0                                                                                   |   26|          5|    3|         15|
    |px_8_ce0                                                                                        |   26|          5|    1|          5|
    |px_8_d0                                                                                         |   14|          3|    8|         24|
    |px_8_we0                                                                                        |   14|          3|    1|          3|
    |px_9_address0                                                                                   |   26|          5|    3|         15|
    |px_9_ce0                                                                                        |   26|          5|    1|          5|
    |px_9_d0                                                                                         |   14|          3|    8|         24|
    |px_9_we0                                                                                        |   14|          3|    1|          3|
    |px_address0                                                                                     |   26|          5|    3|         15|
    |px_ce0                                                                                          |   26|          5|    1|          5|
    |px_d0                                                                                           |   14|          3|    8|         24|
    |px_we0                                                                                          |   14|          3|    1|          3|
    |r_reg_1387                                                                                      |    9|          2|   17|         34|
    |scan_and_compute_ap_uint_const_ap_int_ap_int_unsigned_int_unsigned_int_unsign_10_address0       |   20|          4|   13|         52|
    |scan_and_compute_ap_uint_const_ap_int_ap_int_unsigned_int_unsigned_int_unsign_10_ce0            |   20|          4|    1|          4|
    |scan_and_compute_ap_uint_const_ap_int_ap_int_unsigned_int_unsigned_int_unsign_10_d0             |   14|          3|    8|         24|
    |scan_and_compute_ap_uint_const_ap_int_ap_int_unsigned_int_unsigned_int_unsign_10_we0            |   14|          3|    1|          3|
    |scan_and_compute_ap_uint_const_ap_int_ap_int_unsigned_int_unsigned_int_unsign_11_address0       |   20|          4|   13|         52|
    |scan_and_compute_ap_uint_const_ap_int_ap_int_unsigned_int_unsigned_int_unsign_11_ce0            |   20|          4|    1|          4|
    |scan_and_compute_ap_uint_const_ap_int_ap_int_unsigned_int_unsigned_int_unsign_11_d0             |   14|          3|    8|         24|
    |scan_and_compute_ap_uint_const_ap_int_ap_int_unsigned_int_unsigned_int_unsign_11_we0            |   14|          3|    1|          3|
    |scan_and_compute_ap_uint_const_ap_int_ap_int_unsigned_int_unsigned_int_unsign_1_address0        |   20|          4|    7|         28|
    |scan_and_compute_ap_uint_const_ap_int_ap_int_unsigned_int_unsigned_int_unsign_1_ce0             |   20|          4|    1|          4|
    |scan_and_compute_ap_uint_const_ap_int_ap_int_unsigned_int_unsigned_int_unsign_1_ce1             |    9|          2|    1|          2|
    |scan_and_compute_ap_uint_const_ap_int_ap_int_unsigned_int_unsigned_int_unsign_1_d0              |   14|          3|    8|         24|
    |scan_and_compute_ap_uint_const_ap_int_ap_int_unsigned_int_unsigned_int_unsign_1_we0             |   14|          3|    1|          3|
    |scan_and_compute_ap_uint_const_ap_int_ap_int_unsigned_int_unsigned_int_unsign_2_address0        |   20|          4|    7|         28|
    |scan_and_compute_ap_uint_const_ap_int_ap_int_unsigned_int_unsigned_int_unsign_2_ce0             |   20|          4|    1|          4|
    |scan_and_compute_ap_uint_const_ap_int_ap_int_unsigned_int_unsigned_int_unsign_2_ce1             |    9|          2|    1|          2|
    |scan_and_compute_ap_uint_const_ap_int_ap_int_unsigned_int_unsigned_int_unsign_2_d0              |   14|          3|    8|         24|
    |scan_and_compute_ap_uint_const_ap_int_ap_int_unsigned_int_unsigned_int_unsign_2_we0             |   14|          3|    1|          3|
    |scan_and_compute_ap_uint_const_ap_int_ap_int_unsigned_int_unsigned_int_unsign_3_address0        |   20|          4|    7|         28|
    |scan_and_compute_ap_uint_const_ap_int_ap_int_unsigned_int_unsigned_int_unsign_3_ce0             |   20|          4|    1|          4|
    |scan_and_compute_ap_uint_const_ap_int_ap_int_unsigned_int_unsigned_int_unsign_3_ce1             |    9|          2|    1|          2|
    |scan_and_compute_ap_uint_const_ap_int_ap_int_unsigned_int_unsigned_int_unsign_3_d0              |   14|          3|    8|         24|
    |scan_and_compute_ap_uint_const_ap_int_ap_int_unsigned_int_unsigned_int_unsign_3_we0             |   14|          3|    1|          3|
    |scan_and_compute_ap_uint_const_ap_int_ap_int_unsigned_int_unsigned_int_unsign_4_address0        |   20|          4|    7|         28|
    |scan_and_compute_ap_uint_const_ap_int_ap_int_unsigned_int_unsigned_int_unsign_4_ce0             |   20|          4|    1|          4|
    |scan_and_compute_ap_uint_const_ap_int_ap_int_unsigned_int_unsigned_int_unsign_4_ce1             |    9|          2|    1|          2|
    |scan_and_compute_ap_uint_const_ap_int_ap_int_unsigned_int_unsigned_int_unsign_4_d0              |   14|          3|    8|         24|
    |scan_and_compute_ap_uint_const_ap_int_ap_int_unsigned_int_unsigned_int_unsign_4_we0             |   14|          3|    1|          3|
    |scan_and_compute_ap_uint_const_ap_int_ap_int_unsigned_int_unsigned_int_unsign_5_address0        |   20|          4|    7|         28|
    |scan_and_compute_ap_uint_const_ap_int_ap_int_unsigned_int_unsigned_int_unsign_5_ce0             |   20|          4|    1|          4|
    |scan_and_compute_ap_uint_const_ap_int_ap_int_unsigned_int_unsigned_int_unsign_5_ce1             |    9|          2|    1|          2|
    |scan_and_compute_ap_uint_const_ap_int_ap_int_unsigned_int_unsigned_int_unsign_5_d0              |   14|          3|    8|         24|
    |scan_and_compute_ap_uint_const_ap_int_ap_int_unsigned_int_unsigned_int_unsign_5_we0             |   14|          3|    1|          3|
    |scan_and_compute_ap_uint_const_ap_int_ap_int_unsigned_int_unsigned_int_unsign_6_address0        |   20|          4|    7|         28|
    |scan_and_compute_ap_uint_const_ap_int_ap_int_unsigned_int_unsigned_int_unsign_6_ce0             |   20|          4|    1|          4|
    |scan_and_compute_ap_uint_const_ap_int_ap_int_unsigned_int_unsigned_int_unsign_6_ce1             |    9|          2|    1|          2|
    |scan_and_compute_ap_uint_const_ap_int_ap_int_unsigned_int_unsigned_int_unsign_6_d0              |   14|          3|    8|         24|
    |scan_and_compute_ap_uint_const_ap_int_ap_int_unsigned_int_unsigned_int_unsign_6_we0             |   14|          3|    1|          3|
    |scan_and_compute_ap_uint_const_ap_int_ap_int_unsigned_int_unsigned_int_unsign_7_address0        |   20|          4|    7|         28|
    |scan_and_compute_ap_uint_const_ap_int_ap_int_unsigned_int_unsigned_int_unsign_7_ce0             |   20|          4|    1|          4|
    |scan_and_compute_ap_uint_const_ap_int_ap_int_unsigned_int_unsigned_int_unsign_7_ce1             |    9|          2|    1|          2|
    |scan_and_compute_ap_uint_const_ap_int_ap_int_unsigned_int_unsigned_int_unsign_7_d0              |   14|          3|    8|         24|
    |scan_and_compute_ap_uint_const_ap_int_ap_int_unsigned_int_unsigned_int_unsign_7_we0             |   14|          3|    1|          3|
    |scan_and_compute_ap_uint_const_ap_int_ap_int_unsigned_int_unsigned_int_unsign_8_address0        |   20|          4|    7|         28|
    |scan_and_compute_ap_uint_const_ap_int_ap_int_unsigned_int_unsigned_int_unsign_8_ce0             |   20|          4|    1|          4|
    |scan_and_compute_ap_uint_const_ap_int_ap_int_unsigned_int_unsigned_int_unsign_8_ce1             |    9|          2|    1|          2|
    |scan_and_compute_ap_uint_const_ap_int_ap_int_unsigned_int_unsigned_int_unsign_8_d0              |   14|          3|    8|         24|
    |scan_and_compute_ap_uint_const_ap_int_ap_int_unsigned_int_unsigned_int_unsign_8_we0             |   14|          3|    1|          3|
    |scan_and_compute_ap_uint_const_ap_int_ap_int_unsigned_int_unsigned_int_unsign_9_address0        |   20|          4|    7|         28|
    |scan_and_compute_ap_uint_const_ap_int_ap_int_unsigned_int_unsigned_int_unsign_9_ce0             |   20|          4|    1|          4|
    |scan_and_compute_ap_uint_const_ap_int_ap_int_unsigned_int_unsigned_int_unsign_9_ce1             |    9|          2|    1|          2|
    |scan_and_compute_ap_uint_const_ap_int_ap_int_unsigned_int_unsigned_int_unsign_9_d0              |   14|          3|    8|         24|
    |scan_and_compute_ap_uint_const_ap_int_ap_int_unsigned_int_unsigned_int_unsign_9_we0             |   14|          3|    1|          3|
    |scan_and_compute_ap_uint_const_ap_int_ap_int_unsigned_int_unsigned_int_unsign_address0          |   20|          4|    7|         28|
    |scan_and_compute_ap_uint_const_ap_int_ap_int_unsigned_int_unsigned_int_unsign_ce0               |   20|          4|    1|          4|
    |scan_and_compute_ap_uint_const_ap_int_ap_int_unsigned_int_unsigned_int_unsign_ce1               |    9|          2|    1|          2|
    |scan_and_compute_ap_uint_const_ap_int_ap_int_unsigned_int_unsigned_int_unsign_d0                |   14|          3|    8|         24|
    |scan_and_compute_ap_uint_const_ap_int_ap_int_unsigned_int_unsigned_int_unsign_we0               |   14|          3|    1|          3|
    |tripcount_iv_reg_1343                                                                           |    9|          2|   18|         36|
    +------------------------------------------------------------------------------------------------+-----+-----------+-----+-----------+
    |Total                                                                                           |12899|       2722| 4296|      12911|
    +------------------------------------------------------------------------------------------------+-----+-----------+-----+-----------+

    * Register: 
    +-------------------------------------------------------------------------------------------------------+----+----+-----+-----------+
    |                                                  Name                                                 | FF | LUT| Bits| Const Bits|
    +-------------------------------------------------------------------------------------------------------+----+----+-----+-----------+
    |RD_BUS_addr_2_reg_6192                                                                                 |  64|   0|   64|          0|
    |RD_BUS_addr_reg_6138                                                                                   |  64|   0|   64|          0|
    |acc_fin_10_fu_1144                                                                                     |  32|   0|   32|          0|
    |acc_fin_11_fu_1148                                                                                     |  32|   0|   32|          0|
    |acc_fin_12_fu_1152                                                                                     |  32|   0|   32|          0|
    |acc_fin_13_fu_1156                                                                                     |  32|   0|   32|          0|
    |acc_fin_14_fu_1160                                                                                     |  32|   0|   32|          0|
    |acc_fin_15_fu_1164                                                                                     |  32|   0|   32|          0|
    |acc_fin_16_fu_1168                                                                                     |  32|   0|   32|          0|
    |acc_fin_17_fu_1172                                                                                     |  32|   0|   32|          0|
    |acc_fin_18_fu_1176                                                                                     |  32|   0|   32|          0|
    |acc_fin_19_fu_1180                                                                                     |  32|   0|   32|          0|
    |acc_fin_1_fu_1108                                                                                      |  32|   0|   32|          0|
    |acc_fin_20_fu_1184                                                                                     |  32|   0|   32|          0|
    |acc_fin_21_fu_1188                                                                                     |  32|   0|   32|          0|
    |acc_fin_22_fu_1192                                                                                     |  32|   0|   32|          0|
    |acc_fin_23_fu_1196                                                                                     |  32|   0|   32|          0|
    |acc_fin_2_fu_1112                                                                                      |  32|   0|   32|          0|
    |acc_fin_3_fu_1116                                                                                      |  32|   0|   32|          0|
    |acc_fin_4_fu_1120                                                                                      |  32|   0|   32|          0|
    |acc_fin_5_fu_1124                                                                                      |  32|   0|   32|          0|
    |acc_fin_6_fu_1128                                                                                      |  32|   0|   32|          0|
    |acc_fin_7_fu_1132                                                                                      |  32|   0|   32|          0|
    |acc_fin_8_fu_1136                                                                                      |  32|   0|   32|          0|
    |acc_fin_9_fu_1140                                                                                      |  32|   0|   32|          0|
    |acc_fin_fu_1104                                                                                        |  32|   0|   32|          0|
    |acc_hi_10_reg_6483                                                                                     |  28|   0|   28|          0|
    |acc_hi_11_reg_6538                                                                                     |  28|   0|   28|          0|
    |acc_hi_1_reg_6513                                                                                      |  28|   0|   28|          0|
    |acc_hi_2_reg_6503                                                                                      |  28|   0|   28|          0|
    |acc_hi_3_reg_6518                                                                                      |  28|   0|   28|          0|
    |acc_hi_4_reg_6498                                                                                      |  28|   0|   28|          0|
    |acc_hi_5_reg_6523                                                                                      |  28|   0|   28|          0|
    |acc_hi_6_reg_6493                                                                                      |  28|   0|   28|          0|
    |acc_hi_7_reg_6528                                                                                      |  28|   0|   28|          0|
    |acc_hi_8_reg_6488                                                                                      |  28|   0|   28|          0|
    |acc_hi_9_reg_6533                                                                                      |  28|   0|   28|          0|
    |acc_hi_reg_6508                                                                                        |  28|   0|   28|          0|
    |acc_lo_10_reg_6473                                                                                     |  28|   0|   28|          0|
    |acc_lo_11_reg_6478                                                                                     |  28|   0|   28|          0|
    |acc_lo_1_reg_6428                                                                                      |  28|   0|   28|          0|
    |acc_lo_2_reg_6433                                                                                      |  28|   0|   28|          0|
    |acc_lo_3_reg_6438                                                                                      |  28|   0|   28|          0|
    |acc_lo_4_reg_6443                                                                                      |  28|   0|   28|          0|
    |acc_lo_5_reg_6448                                                                                      |  28|   0|   28|          0|
    |acc_lo_6_reg_6453                                                                                      |  28|   0|   28|          0|
    |acc_lo_7_reg_6458                                                                                      |  28|   0|   28|          0|
    |acc_lo_8_reg_6463                                                                                      |  28|   0|   28|          0|
    |acc_lo_9_reg_6468                                                                                      |  28|   0|   28|          0|
    |acc_lo_reg_6423                                                                                        |  28|   0|   28|          0|
    |accum_read_reg_5350                                                                                    |  64|   0|   64|          0|
    |add11_i_reg_5819                                                                                       |  17|   0|   17|          0|
    |add15_i_reg_5837                                                                                       |  17|   0|   17|          0|
    |add_ln1254_1_reg_5929                                                                                  |  17|   0|   17|          0|
    |add_ln1254_4_reg_6002                                                                                  |  12|   0|   12|          0|
    |add_ln1254_7_reg_5994                                                                                  |  32|   0|   32|          0|
    |add_ln1254_reg_5904                                                                                    |  25|   0|   25|          0|
    |add_ln1272_reg_6033                                                                                    |  10|   0|   10|          0|
    |add_ln155_reg_6104                                                                                     |   4|   0|    4|          0|
    |add_ln156_reg_6114                                                                                     |  16|   0|   17|          1|
    |add_ln184_reg_6096                                                                                     |  32|   0|   32|          0|
    |add_ln353_reg_6227                                                                                     |  32|   0|   32|          0|
    |add_ln356_1_reg_6347                                                                                   |  64|   0|   64|          0|
    |add_ln356_2_reg_6322                                                                                   |  32|   0|   32|          0|
    |add_ln356_3_reg_6280                                                                                   |  32|   0|   32|          0|
    |add_ln356_4_reg_6260                                                                                   |  32|   0|   32|          0|
    |add_ln356_6_reg_6309                                                                                   |  32|   0|   32|          0|
    |add_ln356_7_reg_6369                                                                                   |  32|   0|   32|          0|
    |add_ln471_reg_6342                                                                                     |  32|   0|   32|          0|
    |and_ln365_1_reg_6392                                                                                   |   1|   0|    1|          0|
    |and_ln365_reg_6386                                                                                     |   1|   0|    1|          0|
    |and_ln683_reg_6419                                                                                     |   1|   0|    1|          0|
    |ap_CS_fsm                                                                                              |  80|   0|   80|          0|
    |bias_read_reg_5360                                                                                     |  64|   0|   64|          0|
    |brmerge722_reg_6208                                                                                    |   1|   0|    1|          0|
    |c_1_reg_6317                                                                                           |  17|   0|   17|          0|
    |c_reg_1410                                                                                             |  17|   0|   17|          0|
    |cmp12_i_reg_6292                                                                                       |   1|   0|    1|          0|
    |cmp19_i_reg_5733                                                                                       |   1|   0|    1|          0|
    |cmp257_i_reg_6144                                                                                      |   1|   0|    1|          0|
    |cmp25_i33_reg_5879                                                                                     |   1|   0|    1|          0|
    |cmp514_i_reg_6173                                                                                      |   1|   0|    1|          0|
    |cmp_i_i_i_i_i_reg_5859                                                                                 |   1|   0|    1|          0|
    |conv_engine_ap_uint_const_ap_int_const_ap_int_const_ap_int_const_ap_int_ap_1                           |  28|   0|   28|          0|
    |conv_engine_ap_uint_const_ap_int_const_ap_int_const_ap_int_const_ap_int_ap_2                           |  28|   0|   28|          0|
    |conv_engine_ap_uint_const_ap_int_const_ap_int_const_ap_int_const_ap_int_ap_3                           |  28|   0|   28|          0|
    |conv_engine_ap_uint_const_ap_int_const_ap_int_const_ap_int_const_ap_int_ap_4                           |  28|   0|   28|          0|
    |conv_engine_ap_uint_const_ap_int_const_ap_int_const_ap_int_const_ap_int_ap_5                           |  28|   0|   28|          0|
    |conv_engine_ap_uint_const_ap_int_const_ap_int_const_ap_int_const_ap_int_ap_6                           |  28|   0|   28|          0|
    |conv_engine_ap_uint_const_ap_int_const_ap_int_const_ap_int_const_ap_int_ap_7                           |  28|   0|   28|          0|
    |conv_engine_ap_uint_const_ap_int_const_ap_int_const_ap_int_const_ap_int_ap_8                           |  28|   0|   28|          0|
    |conv_engine_ap_uint_const_ap_int_const_ap_int_const_ap_int_const_ap_int_ap_9                           |  28|   0|   28|          0|
    |conv_mulmulmulmulmulengine_ap_uint_const_ap_int_const_ap_int_const_ap_int_const_ap_int_ap              |  28|   0|   28|          0|
    |empty_464_reg_5741                                                                                     |   6|   0|    6|          0|
    |empty_465_reg_5869                                                                                     |   1|   0|    1|          0|
    |empty_466_reg_5874                                                                                     |  63|   0|   63|          0|
    |empty_470_reg_6198                                                                                     |  16|   0|   16|          0|
    |empty_471_reg_6404                                                                                     |   7|   0|    7|          0|
    |empty_reg_5844                                                                                         |   7|   0|    7|          0|
    |grp_conv_engine_Pipeline_ACCUM_RD_fu_2711_ap_start_reg                                                 |   1|   0|    1|          0|
    |grp_conv_engine_Pipeline_ACCUM_WR_fu_2743_ap_start_reg                                                 |   1|   0|    1|          0|
    |grp_conv_engine_Pipeline_FINISH_WR_fu_2775_ap_start_reg                                                |   1|   0|    1|          0|
    |grp_conv_engine_Pipeline_LINE_BUF_ROW_SHIFT_LINE_BUF_ROW_SHIFT_STEP_fu_2079_ap_start_reg               |   1|   0|    1|          0|
    |grp_conv_engine_Pipeline_LINE_BUF_TAIL_FILL_fu_2151_ap_start_reg                                       |   1|   0|    1|          0|
    |grp_conv_engine_Pipeline_LOAD_W_IC_VITIS_LOOP_186_1_VITIS_LOOP_188_2_fu_1433_ap_start_reg              |   1|   0|    1|          0|
    |grp_conv_engine_Pipeline_MAC_REDUCE_MAC_KY_MAC_KX_fu_2239_ap_start_reg                                 |   1|   0|    1|          0|
    |grp_conv_engine_Pipeline_READ_CH_ELEMS_fu_1841_ap_start_reg                                            |   1|   0|    1|          0|
    |grp_conv_engine_Pipeline_READ_CH_WORDS_fu_1880_ap_start_reg                                            |   1|   0|    1|          0|
    |grp_conv_engine_Pipeline_WINDOW_ROW_SHIFT_WINDOW_COL_SHIFT_WINDOW_ROW_SHIFT_STEP_fu_1917_ap_start_reg  |   1|   0|    1|          0|
    |grp_conv_engine_Pipeline_WINDOW_TAIL_FILL_WINDOW_TAIL_FILL_STEP_fu_1957_ap_start_reg                   |   1|   0|    1|          0|
    |hi_valid_reg_6129                                                                                      |   1|   0|    1|          0|
    |ic_count_reg_6086                                                                                      |   8|   0|    8|          0|
    |ic_tile_reg_1363                                                                                       |  10|   0|   10|          0|
    |icmp315_reg_5849                                                                                       |   1|   0|    1|          0|
    |icmp321_reg_6203                                                                                       |   1|   0|    1|          0|
    |icmp_ln366_1_reg_6380                                                                                  |   1|   0|    1|          0|
    |icmp_ln366_reg_6337                                                                                    |   1|   0|    1|          0|
    |icmp_reg_5737                                                                                          |   1|   0|    1|          0|
    |ifmap_read_reg_5376                                                                                    |  64|   0|   64|          0|
    |img_h_read_reg_5345                                                                                    |  16|   0|   16|          0|
    |img_w_assign_reg_5798                                                                                  |  16|   0|   32|         16|
    |img_w_cast_reg_5700                                                                                    |  16|   0|   17|          1|
    |img_w_read_reg_5340                                                                                    |  16|   0|   16|          0|
    |in_c_reg_6304                                                                                          |  32|   0|   32|          0|
    |in_ch_read_reg_5331                                                                                    |  16|   0|   16|          0|
    |indvars_iv17_reg_1353                                                                                  |  18|   0|   18|          0|
    |indvars_iv8_fu_940                                                                                     |  19|   0|   19|          0|
    |j_reg_1375                                                                                             |   4|   0|    4|          0|
    |k_cast326_reg_5694                                                                                     |   8|   0|    9|          1|
    |k_read_reg_5311                                                                                        |   8|   0|    8|          0|
    |leaky_relu_enable_assign_reg_5706                                                                      |   1|   0|    1|          0|
    |lshr_ln_reg_6058                                                                                       |   4|   0|    4|          0|
    |mul_i8_cast_reg_5711                                                                                   |   8|   0|   17|          9|
    |mul_ln1254_2_reg_5766                                                                                  |  24|   0|   24|          0|
    |mul_ln1254_3_reg_5894                                                                                  |  32|   0|   32|          0|
    |mul_ln1254_4_reg_5899                                                                                  |  32|   0|   32|          0|
    |mul_ln1254_6_reg_5919                                                                                  |  32|   0|   32|          0|
    |mul_ln1254_reg_5754                                                                                    |  16|   0|   16|          0|
    |mul_ln1272_1_reg_6048                                                                                  |  48|   0|   48|          0|
    |mul_ln231_1_reg_6212                                                                                   |  43|   0|   43|          0|
    |mul_ln231_2_reg_6187                                                                                   |  11|   0|   11|          0|
    |mul_ln231_3_reg_6217                                                                                   |  12|   0|   12|          0|
    |mul_ln231_reg_6177                                                                                     |  36|   0|   36|          0|
    |mul_ln353_1_reg_6245                                                                                   |  32|   0|   32|          0|
    |mul_ln353_2_reg_6222                                                                                   |  19|   0|   19|          0|
    |mul_ln353_reg_6240                                                                                     |  32|   0|   32|          0|
    |mul_ln471_reg_6352                                                                                     |  32|   0|   32|          0|
    |oc_tile_fu_936                                                                                         |  12|   0|   12|          0|
    |ofmap_read_reg_5355                                                                                    |  64|   0|   64|          0|
    |or_ln160_reg_6134                                                                                      |   1|   0|    1|          0|
    |or_ln_reg_6120                                                                                         |  16|   0|   17|          1|
    |out_ch_read_reg_5323                                                                                   |  16|   0|   16|          0|
    |out_w_reg_5721                                                                                         |  18|   0|   18|          0|
    |p_ZZ11conv_enginePK7ap_uintILi32EEPK6ap_intILi8EES6_PKS3_ILi32EEPS4_PS7_tttthhhih                      |  28|   0|   28|          0|
    |p_ZZ11conv_enginePK7ap_uintILi32EEPK6ap_intILi8EES6_PKS3_ILi32EEPS4_PS7_tttthhhih_1                    |  28|   0|   28|          0|
    |p_ZZ11conv_enginePK7ap_uintILi32EEPK6ap_intILi8EES6_PKS3_ILi32EEPS4_PS7_tttthhhih_10                   |  28|   0|   28|          0|
    |p_ZZ11conv_enginePK7ap_uintILi32EEPK6ap_intILi8EES6_PKS3_ILi32EEPS4_PS7_tttthhhih_11                   |  28|   0|   28|          0|
    |p_ZZ11conv_enginePK7ap_uintILi32EEPK6ap_intILi8EES6_PKS3_ILi32EEPS4_PS7_tttthhhih_12                   |  28|   0|   28|          0|
    |p_ZZ11conv_enginePK7ap_uintILi32EEPK6ap_intILi8EES6_PKS3_ILi32EEPS4_PS7_tttthhhih_13                   |  28|   0|   28|          0|
    |p_ZZ11conv_enginePK7ap_uintILi32EEPK6ap_intILi8EES6_PKS3_ILi32EEPS4_PS7_tttthhhih_2                    |  28|   0|   28|          0|
    |p_ZZ11conv_enginePK7ap_uintILi32EEPK6ap_intILi8EES6_PKS3_ILi32EEPS4_PS7_tttthhhih_3                    |  28|   0|   28|          0|
    |p_ZZ11conv_enginePK7ap_uintILi32EEPK6ap_intILi8EES6_PKS3_ILi32EEPS4_PS7_tttthhhih_4                    |  28|   0|   28|          0|
    |p_ZZ11conv_enginePK7ap_uintILi32EEPK6ap_intILi8EES6_PKS3_ILi32EEPS4_PS7_tttthhhih_5                    |  28|   0|   28|          0|
    |p_ZZ11conv_enginePK7ap_uintILi32EEPK6ap_intILi8EES6_PKS3_ILi32EEPS4_PS7_tttthhhih_6                    |  28|   0|   28|          0|
    |p_ZZ11conv_enginePK7ap_uintILi32EEPK6ap_intILi8EES6_PKS3_ILi32EEPS4_PS7_tttthhhih_7                    |  28|   0|   28|          0|
    |p_ZZ11conv_enginePK7ap_uintILi32EEPK6ap_intILi8EES6_PKS3_ILi32EEPS4_PS7_tttthhhih_8                    |  28|   0|   28|          0|
    |p_ZZ11conv_enginePK7ap_uintILi32EEPK6ap_intILi8EES6_PKS3_ILi32EEPS4_PS7_tttthhhih_9                    |  28|   0|   28|          0|
    |pad_assign_reg_5803                                                                                    |   8|   0|   32|         24|
    |pad_cast324_reg_5813                                                                                   |   8|   0|   17|          9|
    |pad_cast341_reg_5808                                                                                   |   8|   0|   18|         10|
    |pad_read_reg_5301                                                                                      |   8|   0|    8|          0|
    |pad_w_reg_5716                                                                                         |  17|   0|   17|          0|
    |phi_ln1272_reg_1333                                                                                    |  18|   0|   18|          0|
    |phi_mul302_reg_1399                                                                                    |  32|   0|   32|          0|
    |phi_mul311_fu_932                                                                                      |  32|   0|   32|          0|
    |phi_mul311_load_reg_5989                                                                               |  32|   0|   32|          0|
    |phi_mul_reg_1422                                                                                       |  32|   0|   32|          0|
    |r_1_reg_6235                                                                                           |  17|   0|   17|          0|
    |r_reg_1387                                                                                             |  17|   0|   17|          0|
    |reg_2964                                                                                               |  62|   0|   62|          0|
    |reg_2970                                                                                               |  32|   0|   32|          0|
    |reg_2976                                                                                               |  32|   0|   32|          0|
    |reg_2982                                                                                               |  32|   0|   32|          0|
    |reg_2988                                                                                               |  32|   0|   32|          0|
    |reg_2994                                                                                               |  32|   0|   32|          0|
    |reg_3000                                                                                               |  32|   0|   32|          0|
    |reg_3006                                                                                               |  32|   0|   32|          0|
    |reg_3012                                                                                               |  32|   0|   32|          0|
    |reg_3018                                                                                               |  32|   0|   32|          0|
    |reg_3024                                                                                               |  32|   0|   32|          0|
    |reg_3030                                                                                               |  32|   0|   32|          0|
    |reg_3036                                                                                               |  32|   0|   32|          0|
    |reg_3042                                                                                               |  32|   0|   32|          0|
    |reg_3048                                                                                               |  32|   0|   32|          0|
    |reg_3054                                                                                               |  32|   0|   32|          0|
    |reg_3060                                                                                               |  32|   0|   32|          0|
    |reg_3066                                                                                               |  32|   0|   32|          0|
    |reg_3072                                                                                               |  32|   0|   32|          0|
    |reg_3078                                                                                               |  32|   0|   32|          0|
    |reg_3084                                                                                               |  32|   0|   32|          0|
    |reg_3090                                                                                               |  32|   0|   32|          0|
    |reg_3096                                                                                               |  32|   0|   32|          0|
    |reg_3102                                                                                               |  32|   0|   32|          0|
    |reg_3108                                                                                               |  32|   0|   32|          0|
    |requant_multiplier_read_reg_5296                                                                       |  32|   0|   32|          0|
    |rev852_reg_6299                                                                                        |   1|   0|    1|          0|
    |rev_reg_6285                                                                                           |   1|   0|    1|          0|
    |select_ln1254_reg_6007                                                                                 |  19|   0|   19|          0|
    |select_ln1272_reg_6053                                                                                 |  18|   0|   18|          0|
    |select_ln771_10_loc_fu_996                                                                             |  28|   0|   28|          0|
    |select_ln771_11_loc_fu_992                                                                             |  28|   0|   28|          0|
    |select_ln771_12_loc_fu_988                                                                             |  28|   0|   28|          0|
    |select_ln771_13_loc_fu_984                                                                             |  28|   0|   28|          0|
    |select_ln771_14_loc_fu_980                                                                             |  28|   0|   28|          0|
    |select_ln771_15_loc_fu_976                                                                             |  28|   0|   28|          0|
    |select_ln771_16_loc_fu_972                                                                             |  28|   0|   28|          0|
    |select_ln771_17_loc_fu_968                                                                             |  28|   0|   28|          0|
    |select_ln771_18_loc_fu_964                                                                             |  28|   0|   28|          0|
    |select_ln771_19_loc_fu_960                                                                             |  28|   0|   28|          0|
    |select_ln771_1_loc_fu_1032                                                                             |  28|   0|   28|          0|
    |select_ln771_20_loc_fu_956                                                                             |  28|   0|   28|          0|
    |select_ln771_21_loc_fu_952                                                                             |  28|   0|   28|          0|
    |select_ln771_22_loc_fu_948                                                                             |  28|   0|   28|          0|
    |select_ln771_23_loc_fu_944                                                                             |  28|   0|   28|          0|
    |select_ln771_2_loc_fu_1028                                                                             |  28|   0|   28|          0|
    |select_ln771_3_loc_fu_1024                                                                             |  28|   0|   28|          0|
    |select_ln771_4_loc_fu_1020                                                                             |  28|   0|   28|          0|
    |select_ln771_5_loc_fu_1016                                                                             |  28|   0|   28|          0|
    |select_ln771_6_loc_fu_1012                                                                             |  28|   0|   28|          0|
    |select_ln771_7_loc_fu_1008                                                                             |  28|   0|   28|          0|
    |select_ln771_8_loc_fu_1004                                                                             |  28|   0|   28|          0|
    |select_ln771_9_loc_fu_1000                                                                             |  28|   0|   28|          0|
    |select_ln771_loc_fu_1036                                                                               |  28|   0|   28|          0|
    |sext_ln1254_2_reg_5749                                                                                 |  25|   0|   25|          0|
    |sext_ln1254_5_reg_5914                                                                                 |  29|   0|   32|          3|
    |sext_ln1254_7_reg_5934                                                                                 |  18|   0|   18|          0|
    |shl_ln1_reg_6076                                                                                       |   9|   0|   16|          7|
    |shl_ln2_reg_6109                                                                                       |  31|   0|   32|          1|
    |sub513_i_reg_5854                                                                                      |  10|   0|   10|          0|
    |sub74_i_cast750_cast_cast_reg_5959                                                                     |  32|   0|   36|          4|
    |sub74_i_cast_reg_5831                                                                                  |  18|   0|   18|          0|
    |sub74_i_reg_5826                                                                                       |   9|   0|    9|          0|
    |sub_i_i124_i_i_i_reg_5864                                                                              |   7|   0|    7|          0|
    |sub_ln1254_1_reg_5949                                                                                  |  18|   0|   18|          0|
    |sub_ln1254_2_reg_5884                                                                                  |  32|   0|   32|          0|
    |sub_ln1254_3_reg_5909                                                                                  |  27|   0|   30|          3|
    |sub_ln1254_5_reg_6014                                                                                  |  14|   0|   17|          3|
    |sub_ln1272_1_reg_6038                                                                                  |  18|   0|   18|          0|
    |tmp_4_reg_6332                                                                                         |  30|   0|   30|          0|
    |tripcount_iv_reg_1343                                                                                  |  18|   0|   18|          0|
    |trunc_ln1184_1_reg_5793                                                                                |  10|   0|   10|          0|
    |trunc_ln1254_2_reg_5939                                                                                |  12|   0|   12|          0|
    |trunc_ln155_reg_5944                                                                                   |  31|   0|   31|          0|
    |trunc_ln231_reg_6182                                                                                   |  35|   0|   35|          0|
    |trunc_ln356_reg_6357                                                                                   |  13|   0|   13|          0|
    |trunc_ln5_reg_6398                                                                                     |  62|   0|   62|          0|
    |ult851_reg_6255                                                                                        |   1|   0|    1|          0|
    |weights_hi_read_reg_5366                                                                               |  64|   0|   64|          0|
    |weights_read_reg_5371                                                                                  |  64|   0|   64|          0|
    |xor_ln1254_1_reg_5924                                                                                  |  17|   0|   17|          0|
    |xor_ln1254_5_cast_reg_5954                                                                             |  16|   0|   18|          2|
    |xor_ln1272_1_reg_6070                                                                                  |   7|   0|    7|          0|
    |xor_ln366_reg_6374                                                                                     |   1|   0|    1|          0|
    |zext_ln1183_reg_5771                                                                                   |  16|   0|   32|         16|
    |zext_ln1184_1_reg_5782                                                                                 |  16|   0|   32|         16|
    |zext_ln1184_3_reg_5788                                                                                 |  16|   0|   17|          1|
    |zext_ln1184_reg_5776                                                                                   |  16|   0|   17|          1|
    |zext_ln1254_4_reg_6019                                                                                 |  14|   0|   32|         18|
    |zext_ln1272_1_reg_5964                                                                                 |  16|   0|   48|         32|
    |zext_ln1272_2_reg_6024                                                                                 |  32|   0|   64|         32|
    |zext_ln1272_reg_5889                                                                                   |  16|   0|   32|         16|
    |zext_ln1275_reg_6081                                                                                   |   9|   0|   32|         23|
    |zext_ln231_1_reg_5974                                                                                  |   8|   0|   11|          3|
    |zext_ln231_2_reg_5979                                                                                  |   9|   0|   12|          3|
    |zext_ln231_reg_5969                                                                                    |   8|   0|   43|         35|
    |zext_ln353_2_reg_5984                                                                                  |  16|   0|   19|          3|
    |zext_ln356_2_reg_6364                                                                                  |  17|   0|   18|          1|
    +-------------------------------------------------------------------------------------------------------+----+----+-----+-----------+
    |Total                                                                                                  |6560|   0| 6855|        295|
    +-------------------------------------------------------------------------------------------------------+----+----+-----+-----------+



================================================================
== Interface
================================================================
* Summary: 
+------------------------+-----+-----+------------+--------------+--------------+
|        RTL Ports       | Dir | Bits|  Protocol  | Source Object|    C Type    |
+------------------------+-----+-----+------------+--------------+--------------+
|s_axi_CTRL_AWVALID      |   in|    1|       s_axi|          CTRL|        scalar|
|s_axi_CTRL_AWREADY      |  out|    1|       s_axi|          CTRL|        scalar|
|s_axi_CTRL_AWADDR       |   in|    8|       s_axi|          CTRL|        scalar|
|s_axi_CTRL_WVALID       |   in|    1|       s_axi|          CTRL|        scalar|
|s_axi_CTRL_WREADY       |  out|    1|       s_axi|          CTRL|        scalar|
|s_axi_CTRL_WDATA        |   in|   32|       s_axi|          CTRL|        scalar|
|s_axi_CTRL_WSTRB        |   in|    4|       s_axi|          CTRL|        scalar|
|s_axi_CTRL_ARVALID      |   in|    1|       s_axi|          CTRL|        scalar|
|s_axi_CTRL_ARREADY      |  out|    1|       s_axi|          CTRL|        scalar|
|s_axi_CTRL_ARADDR       |   in|    8|       s_axi|          CTRL|        scalar|
|s_axi_CTRL_RVALID       |  out|    1|       s_axi|          CTRL|        scalar|
|s_axi_CTRL_RREADY       |   in|    1|       s_axi|          CTRL|        scalar|
|s_axi_CTRL_RDATA        |  out|   32|       s_axi|          CTRL|        scalar|
|s_axi_CTRL_RRESP        |  out|    2|       s_axi|          CTRL|        scalar|
|s_axi_CTRL_BVALID       |  out|    1|       s_axi|          CTRL|        scalar|
|s_axi_CTRL_BREADY       |   in|    1|       s_axi|          CTRL|        scalar|
|s_axi_CTRL_BRESP        |  out|    2|       s_axi|          CTRL|        scalar|
|ap_clk                  |   in|    1|  ap_ctrl_hs|   conv_engine|  return value|
|ap_rst_n                |   in|    1|  ap_ctrl_hs|   conv_engine|  return value|
|interrupt               |  out|    1|  ap_ctrl_hs|   conv_engine|  return value|
|m_axi_RD_BUS_AWVALID    |  out|    1|       m_axi|        RD_BUS|       pointer|
|m_axi_RD_BUS_AWREADY    |   in|    1|       m_axi|        RD_BUS|       pointer|
|m_axi_RD_BUS_AWADDR     |  out|   64|       m_axi|        RD_BUS|       pointer|
|m_axi_RD_BUS_AWID       |  out|    1|       m_axi|        RD_BUS|       pointer|
|m_axi_RD_BUS_AWLEN      |  out|    8|       m_axi|        RD_BUS|       pointer|
|m_axi_RD_BUS_AWSIZE     |  out|    3|       m_axi|        RD_BUS|       pointer|
|m_axi_RD_BUS_AWBURST    |  out|    2|       m_axi|        RD_BUS|       pointer|
|m_axi_RD_BUS_AWLOCK     |  out|    2|       m_axi|        RD_BUS|       pointer|
|m_axi_RD_BUS_AWCACHE    |  out|    4|       m_axi|        RD_BUS|       pointer|
|m_axi_RD_BUS_AWPROT     |  out|    3|       m_axi|        RD_BUS|       pointer|
|m_axi_RD_BUS_AWQOS      |  out|    4|       m_axi|        RD_BUS|       pointer|
|m_axi_RD_BUS_AWREGION   |  out|    4|       m_axi|        RD_BUS|       pointer|
|m_axi_RD_BUS_AWUSER     |  out|    1|       m_axi|        RD_BUS|       pointer|
|m_axi_RD_BUS_WVALID     |  out|    1|       m_axi|        RD_BUS|       pointer|
|m_axi_RD_BUS_WREADY     |   in|    1|       m_axi|        RD_BUS|       pointer|
|m_axi_RD_BUS_WDATA      |  out|   32|       m_axi|        RD_BUS|       pointer|
|m_axi_RD_BUS_WSTRB      |  out|    4|       m_axi|        RD_BUS|       pointer|
|m_axi_RD_BUS_WLAST      |  out|    1|       m_axi|        RD_BUS|       pointer|
|m_axi_RD_BUS_WID        |  out|    1|       m_axi|        RD_BUS|       pointer|
|m_axi_RD_BUS_WUSER      |  out|    1|       m_axi|        RD_BUS|       pointer|
|m_axi_RD_BUS_ARVALID    |  out|    1|       m_axi|        RD_BUS|       pointer|
|m_axi_RD_BUS_ARREADY    |   in|    1|       m_axi|        RD_BUS|       pointer|
|m_axi_RD_BUS_ARADDR     |  out|   64|       m_axi|        RD_BUS|       pointer|
|m_axi_RD_BUS_ARID       |  out|    1|       m_axi|        RD_BUS|       pointer|
|m_axi_RD_BUS_ARLEN      |  out|    8|       m_axi|        RD_BUS|       pointer|
|m_axi_RD_BUS_ARSIZE     |  out|    3|       m_axi|        RD_BUS|       pointer|
|m_axi_RD_BUS_ARBURST    |  out|    2|       m_axi|        RD_BUS|       pointer|
|m_axi_RD_BUS_ARLOCK     |  out|    2|       m_axi|        RD_BUS|       pointer|
|m_axi_RD_BUS_ARCACHE    |  out|    4|       m_axi|        RD_BUS|       pointer|
|m_axi_RD_BUS_ARPROT     |  out|    3|       m_axi|        RD_BUS|       pointer|
|m_axi_RD_BUS_ARQOS      |  out|    4|       m_axi|        RD_BUS|       pointer|
|m_axi_RD_BUS_ARREGION   |  out|    4|       m_axi|        RD_BUS|       pointer|
|m_axi_RD_BUS_ARUSER     |  out|    1|       m_axi|        RD_BUS|       pointer|
|m_axi_RD_BUS_RVALID     |   in|    1|       m_axi|        RD_BUS|       pointer|
|m_axi_RD_BUS_RREADY     |  out|    1|       m_axi|        RD_BUS|       pointer|
|m_axi_RD_BUS_RDATA      |   in|   32|       m_axi|        RD_BUS|       pointer|
|m_axi_RD_BUS_RLAST      |   in|    1|       m_axi|        RD_BUS|       pointer|
|m_axi_RD_BUS_RID        |   in|    1|       m_axi|        RD_BUS|       pointer|
|m_axi_RD_BUS_RUSER      |   in|    1|       m_axi|        RD_BUS|       pointer|
|m_axi_RD_BUS_RRESP      |   in|    2|       m_axi|        RD_BUS|       pointer|
|m_axi_RD_BUS_BVALID     |   in|    1|       m_axi|        RD_BUS|       pointer|
|m_axi_RD_BUS_BREADY     |  out|    1|       m_axi|        RD_BUS|       pointer|
|m_axi_RD_BUS_BRESP      |   in|    2|       m_axi|        RD_BUS|       pointer|
|m_axi_RD_BUS_BID        |   in|    1|       m_axi|        RD_BUS|       pointer|
|m_axi_RD_BUS_BUSER      |   in|    1|       m_axi|        RD_BUS|       pointer|
|m_axi_RD_BUS2_AWVALID   |  out|    1|       m_axi|       RD_BUS2|       pointer|
|m_axi_RD_BUS2_AWREADY   |   in|    1|       m_axi|       RD_BUS2|       pointer|
|m_axi_RD_BUS2_AWADDR    |  out|   64|       m_axi|       RD_BUS2|       pointer|
|m_axi_RD_BUS2_AWID      |  out|    1|       m_axi|       RD_BUS2|       pointer|
|m_axi_RD_BUS2_AWLEN     |  out|    8|       m_axi|       RD_BUS2|       pointer|
|m_axi_RD_BUS2_AWSIZE    |  out|    3|       m_axi|       RD_BUS2|       pointer|
|m_axi_RD_BUS2_AWBURST   |  out|    2|       m_axi|       RD_BUS2|       pointer|
|m_axi_RD_BUS2_AWLOCK    |  out|    2|       m_axi|       RD_BUS2|       pointer|
|m_axi_RD_BUS2_AWCACHE   |  out|    4|       m_axi|       RD_BUS2|       pointer|
|m_axi_RD_BUS2_AWPROT    |  out|    3|       m_axi|       RD_BUS2|       pointer|
|m_axi_RD_BUS2_AWQOS     |  out|    4|       m_axi|       RD_BUS2|       pointer|
|m_axi_RD_BUS2_AWREGION  |  out|    4|       m_axi|       RD_BUS2|       pointer|
|m_axi_RD_BUS2_AWUSER    |  out|    1|       m_axi|       RD_BUS2|       pointer|
|m_axi_RD_BUS2_WVALID    |  out|    1|       m_axi|       RD_BUS2|       pointer|
|m_axi_RD_BUS2_WREADY    |   in|    1|       m_axi|       RD_BUS2|       pointer|
|m_axi_RD_BUS2_WDATA     |  out|   32|       m_axi|       RD_BUS2|       pointer|
|m_axi_RD_BUS2_WSTRB     |  out|    4|       m_axi|       RD_BUS2|       pointer|
|m_axi_RD_BUS2_WLAST     |  out|    1|       m_axi|       RD_BUS2|       pointer|
|m_axi_RD_BUS2_WID       |  out|    1|       m_axi|       RD_BUS2|       pointer|
|m_axi_RD_BUS2_WUSER     |  out|    1|       m_axi|       RD_BUS2|       pointer|
|m_axi_RD_BUS2_ARVALID   |  out|    1|       m_axi|       RD_BUS2|       pointer|
|m_axi_RD_BUS2_ARREADY   |   in|    1|       m_axi|       RD_BUS2|       pointer|
|m_axi_RD_BUS2_ARADDR    |  out|   64|       m_axi|       RD_BUS2|       pointer|
|m_axi_RD_BUS2_ARID      |  out|    1|       m_axi|       RD_BUS2|       pointer|
|m_axi_RD_BUS2_ARLEN     |  out|    8|       m_axi|       RD_BUS2|       pointer|
|m_axi_RD_BUS2_ARSIZE    |  out|    3|       m_axi|       RD_BUS2|       pointer|
|m_axi_RD_BUS2_ARBURST   |  out|    2|       m_axi|       RD_BUS2|       pointer|
|m_axi_RD_BUS2_ARLOCK    |  out|    2|       m_axi|       RD_BUS2|       pointer|
|m_axi_RD_BUS2_ARCACHE   |  out|    4|       m_axi|       RD_BUS2|       pointer|
|m_axi_RD_BUS2_ARPROT    |  out|    3|       m_axi|       RD_BUS2|       pointer|
|m_axi_RD_BUS2_ARQOS     |  out|    4|       m_axi|       RD_BUS2|       pointer|
|m_axi_RD_BUS2_ARREGION  |  out|    4|       m_axi|       RD_BUS2|       pointer|
|m_axi_RD_BUS2_ARUSER    |  out|    1|       m_axi|       RD_BUS2|       pointer|
|m_axi_RD_BUS2_RVALID    |   in|    1|       m_axi|       RD_BUS2|       pointer|
|m_axi_RD_BUS2_RREADY    |  out|    1|       m_axi|       RD_BUS2|       pointer|
|m_axi_RD_BUS2_RDATA     |   in|   32|       m_axi|       RD_BUS2|       pointer|
|m_axi_RD_BUS2_RLAST     |   in|    1|       m_axi|       RD_BUS2|       pointer|
|m_axi_RD_BUS2_RID       |   in|    1|       m_axi|       RD_BUS2|       pointer|
|m_axi_RD_BUS2_RUSER     |   in|    1|       m_axi|       RD_BUS2|       pointer|
|m_axi_RD_BUS2_RRESP     |   in|    2|       m_axi|       RD_BUS2|       pointer|
|m_axi_RD_BUS2_BVALID    |   in|    1|       m_axi|       RD_BUS2|       pointer|
|m_axi_RD_BUS2_BREADY    |  out|    1|       m_axi|       RD_BUS2|       pointer|
|m_axi_RD_BUS2_BRESP     |   in|    2|       m_axi|       RD_BUS2|       pointer|
|m_axi_RD_BUS2_BID       |   in|    1|       m_axi|       RD_BUS2|       pointer|
|m_axi_RD_BUS2_BUSER     |   in|    1|       m_axi|       RD_BUS2|       pointer|
|m_axi_WR_BUS_AWVALID    |  out|    1|       m_axi|        WR_BUS|       pointer|
|m_axi_WR_BUS_AWREADY    |   in|    1|       m_axi|        WR_BUS|       pointer|
|m_axi_WR_BUS_AWADDR     |  out|   64|       m_axi|        WR_BUS|       pointer|
|m_axi_WR_BUS_AWID       |  out|    1|       m_axi|        WR_BUS|       pointer|
|m_axi_WR_BUS_AWLEN      |  out|    8|       m_axi|        WR_BUS|       pointer|
|m_axi_WR_BUS_AWSIZE     |  out|    3|       m_axi|        WR_BUS|       pointer|
|m_axi_WR_BUS_AWBURST    |  out|    2|       m_axi|        WR_BUS|       pointer|
|m_axi_WR_BUS_AWLOCK     |  out|    2|       m_axi|        WR_BUS|       pointer|
|m_axi_WR_BUS_AWCACHE    |  out|    4|       m_axi|        WR_BUS|       pointer|
|m_axi_WR_BUS_AWPROT     |  out|    3|       m_axi|        WR_BUS|       pointer|
|m_axi_WR_BUS_AWQOS      |  out|    4|       m_axi|        WR_BUS|       pointer|
|m_axi_WR_BUS_AWREGION   |  out|    4|       m_axi|        WR_BUS|       pointer|
|m_axi_WR_BUS_AWUSER     |  out|    1|       m_axi|        WR_BUS|       pointer|
|m_axi_WR_BUS_WVALID     |  out|    1|       m_axi|        WR_BUS|       pointer|
|m_axi_WR_BUS_WREADY     |   in|    1|       m_axi|        WR_BUS|       pointer|
|m_axi_WR_BUS_WDATA      |  out|   32|       m_axi|        WR_BUS|       pointer|
|m_axi_WR_BUS_WSTRB      |  out|    4|       m_axi|        WR_BUS|       pointer|
|m_axi_WR_BUS_WLAST      |  out|    1|       m_axi|        WR_BUS|       pointer|
|m_axi_WR_BUS_WID        |  out|    1|       m_axi|        WR_BUS|       pointer|
|m_axi_WR_BUS_WUSER      |  out|    1|       m_axi|        WR_BUS|       pointer|
|m_axi_WR_BUS_ARVALID    |  out|    1|       m_axi|        WR_BUS|       pointer|
|m_axi_WR_BUS_ARREADY    |   in|    1|       m_axi|        WR_BUS|       pointer|
|m_axi_WR_BUS_ARADDR     |  out|   64|       m_axi|        WR_BUS|       pointer|
|m_axi_WR_BUS_ARID       |  out|    1|       m_axi|        WR_BUS|       pointer|
|m_axi_WR_BUS_ARLEN      |  out|    8|       m_axi|        WR_BUS|       pointer|
|m_axi_WR_BUS_ARSIZE     |  out|    3|       m_axi|        WR_BUS|       pointer|
|m_axi_WR_BUS_ARBURST    |  out|    2|       m_axi|        WR_BUS|       pointer|
|m_axi_WR_BUS_ARLOCK     |  out|    2|       m_axi|        WR_BUS|       pointer|
|m_axi_WR_BUS_ARCACHE    |  out|    4|       m_axi|        WR_BUS|       pointer|
|m_axi_WR_BUS_ARPROT     |  out|    3|       m_axi|        WR_BUS|       pointer|
|m_axi_WR_BUS_ARQOS      |  out|    4|       m_axi|        WR_BUS|       pointer|
|m_axi_WR_BUS_ARREGION   |  out|    4|       m_axi|        WR_BUS|       pointer|
|m_axi_WR_BUS_ARUSER     |  out|    1|       m_axi|        WR_BUS|       pointer|
|m_axi_WR_BUS_RVALID     |   in|    1|       m_axi|        WR_BUS|       pointer|
|m_axi_WR_BUS_RREADY     |  out|    1|       m_axi|        WR_BUS|       pointer|
|m_axi_WR_BUS_RDATA      |   in|   32|       m_axi|        WR_BUS|       pointer|
|m_axi_WR_BUS_RLAST      |   in|    1|       m_axi|        WR_BUS|       pointer|
|m_axi_WR_BUS_RID        |   in|    1|       m_axi|        WR_BUS|       pointer|
|m_axi_WR_BUS_RUSER      |   in|    1|       m_axi|        WR_BUS|       pointer|
|m_axi_WR_BUS_RRESP      |   in|    2|       m_axi|        WR_BUS|       pointer|
|m_axi_WR_BUS_BVALID     |   in|    1|       m_axi|        WR_BUS|       pointer|
|m_axi_WR_BUS_BREADY     |  out|    1|       m_axi|        WR_BUS|       pointer|
|m_axi_WR_BUS_BRESP      |   in|    2|       m_axi|        WR_BUS|       pointer|
|m_axi_WR_BUS_BID        |   in|    1|       m_axi|        WR_BUS|       pointer|
|m_axi_WR_BUS_BUSER      |   in|    1|       m_axi|        WR_BUS|       pointer|
+------------------------+-----+-----+------------+--------------+--------------+

