

================================================================
== Synthesis Summary Report of 'conv_engine'
================================================================
+ General Information: 
    * Date:           Wed Aug  5 11:00:06 2026
    * Version:        2024.2 (Build 5238294 on Nov  8 2024)
    * Project:        conv_engine_prj
    * Solution:       solution1 (Vivado IP Flow Target)
    * Product family: zynquplus
    * Target device:  xck26-sfvc784-2LV-c
    

+ Performance & Resource Estimates: 
    
    PS: '+' for module; 'o' for loop; '*' for dataflow
    +-------------------------------------------------------------------------------------+------+------+-------------+-----------+-----------+-------------+------+----------+--------+-----------+-------------+-------------+-----------+
    |                                       Modules                                       | Issue|      |   Latency   |  Latency  | Iteration |             | Trip |          |        |           |             |             |           |
    |                                       & Loops                                       | Type | Slack|   (cycles)  |    (ns)   |  Latency  |   Interval  | Count| Pipelined|  BRAM  |    DSP    |      FF     |     LUT     |    URAM   |
    +-------------------------------------------------------------------------------------+------+------+-------------+-----------+-----------+-------------+------+----------+--------+-----------+-------------+-------------+-----------+
    |+ conv_engine                                                                        |     -|  0.00|  55874448004|  2.794e+11|          -|  55874448005|     -|        no|  8 (2%)|  221 (17%)|  33288 (14%)|  72369 (61%)|  64 (100%)|
    | o OC_TILE                                                                           |     -|  3.65|  55874448000|  2.794e+11|  873038250|            -|    64|        no|       -|          -|            -|            -|          -|
    |  o IC_TILE                                                                          |     -|  3.65|    873038248|  4.365e+09|  109129781|            -|     8|        no|       -|          -|            -|            -|          -|
    |   o LOAD_WTILE                                                                      |     -|  3.65|        14256|  7.128e+04|       1188|            -|    12|        no|       -|          -|            -|            -|          -|
    |    + conv_engine_Pipeline_LOAD_W_IC_VITIS_LOOP_186_1_VITIS_LOOP_188_2               |     -|  0.00|         1165|  5.825e+03|          -|         1165|     -|        no|       -|    4 (~0%)|   1310 (~0%)|    1805 (1%)|          -|
    |     o LOAD_W_IC_VITIS_LOOP_186_1_VITIS_LOOP_188_2                                   |     -|  3.65|         1163|  5.815e+03|         13|            1|  1152|       yes|       -|          -|            -|            -|          -|
    |   o ROW_LOOP                                                                        |     -|  3.65|    109115518|  5.456e+08|     212287|            -|   514|        no|       -|          -|            -|            -|          -|
    |    o COL_LOOP                                                                       |     -|  3.65|       212282|  1.061e+06|        413|            -|   514|        no|       -|          -|            -|            -|          -|
    |     + conv_engine_Pipeline_READ_CH_ELEMS                                            |     -|  0.00|          139|    695.000|          -|          139|     -|        no|       -|          -|    497 (~0%)|    442 (~0%)|          -|
    |      o READ_CH_ELEMS                                                                |     -|  3.65|          137|    685.000|         11|            1|   128|       yes|       -|          -|            -|            -|          -|
    |     + conv_engine_Pipeline_READ_CH_WORDS                                            |     -|  0.00|           35|    175.000|          -|           35|     -|        no|       -|          -|    120 (~0%)|    102 (~0%)|          -|
    |      o READ_CH_WORDS                                                                |     -|  3.65|           33|    165.000|          3|            1|    32|       yes|       -|          -|            -|            -|          -|
    |     + conv_engine_Pipeline_WINDOW_ROW_SHIFT_WINDOW_COL_SHIFT_WINDOW_ROW_SHIFT_STEP  |     -|  0.50|           51|    255.000|          -|           51|     -|        no|       -|          -|    212 (~0%)|    815 (~0%)|          -|
    |      o WINDOW_ROW_SHIFT_WINDOW_COL_SHIFT_WINDOW_ROW_SHIFT_STEP                      |     -|  3.65|           49|    245.000|          3|            1|    48|       yes|       -|          -|            -|            -|          -|
    |     + conv_engine_Pipeline_WINDOW_TAIL_FILL_WINDOW_TAIL_FILL_STEP                   |     -|  0.00|           27|    135.000|          -|           27|     -|        no|       -|          -|     53 (~0%)|    749 (~0%)|          -|
    |      o WINDOW_TAIL_FILL_WINDOW_TAIL_FILL_STEP                                       |     -|  3.65|           25|    125.000|          3|            1|    24|       yes|       -|          -|            -|            -|          -|
    |     + conv_engine_Pipeline_LINE_BUF_ROW_SHIFT_LINE_BUF_ROW_SHIFT_STEP               |     -|  0.81|           18|     90.000|          -|           18|     -|        no|       -|          -|    271 (~0%)|    694 (~0%)|          -|
    |      o LINE_BUF_ROW_SHIFT_LINE_BUF_ROW_SHIFT_STEP                                   |    II|  3.65|           16|     80.000|          3|            2|     8|       yes|       -|          -|            -|            -|          -|
    |     + conv_engine_Pipeline_LINE_BUF_TAIL_FILL                                       |     -|  1.59|           10|     50.000|          -|           10|     -|        no|       -|          -|     28 (~0%)|    337 (~0%)|          -|
    |      o LINE_BUF_TAIL_FILL                                                           |     -|  3.65|            8|     40.000|          2|            1|     8|       yes|       -|          -|            -|            -|          -|
    |     + conv_engine_Pipeline_MAC_REDUCE_MAC_KY_MAC_KX                                 |     -|  0.01|           78|    390.000|          -|           78|     -|        no|       -|  192 (15%)|   15495 (6%)|  40070 (34%)|          -|
    |      o MAC_REDUCE_MAC_KY_MAC_KX                                                     |     -|  3.65|           76|    380.000|          5|            1|    72|       yes|       -|          -|            -|            -|          -|
    |     + conv_engine_Pipeline_ACCUM_RD                                                 |     -|  0.00|           27|    135.000|          -|           27|     -|        no|       -|          -|     77 (~0%)|    465 (~0%)|          -|
    |      o ACCUM_RD                                                                     |     -|  3.65|           25|    125.000|          3|            1|    24|       yes|       -|          -|            -|            -|          -|
    |     + conv_engine_Pipeline_ACCUM_WR                                                 |     -|  0.00|           26|    130.000|          -|           26|     -|        no|       -|          -|     67 (~0%)|    248 (~0%)|          -|
    |      o ACCUM_WR                                                                     |     -|  3.65|           24|    120.000|          2|            1|    24|       yes|       -|          -|            -|            -|          -|
    |     + conv_engine_Pipeline_FINISH_WR                                                |     -|  0.00|           36|    180.000|          -|           36|     -|        no|       -|    6 (~0%)|    752 (~0%)|    1511 (1%)|          -|
    |      o FINISH_WR                                                                    |     -|  3.65|           34|    170.000|         12|            1|    24|       yes|       -|          -|            -|            -|          -|
    +-------------------------------------------------------------------------------------+------+------+-------------+-----------+-----------+-------------+------+----------+--------+-----------+-------------+-------------+-----------+


================================================================
== HW Interfaces
================================================================
* M_AXI
+---------------+------------+------------+---------------+---------+--------+----------+-----------+--------------+--------------+-------------+-------------+-------------------+
| Interface     | Read/Write | Data Width | Address Width | Latency | Offset | Register | Max Widen | Max Read     | Max Write    | Num Read    | Num Write   | Resource Estimate |
|               |            | (SW->HW)   |               |         |        |          | Bitwidth  | Burst Length | Burst Length | Outstanding | Outstanding |                   |
+---------------+------------+------------+---------------+---------+--------+----------+-----------+--------------+--------------+-------------+-------------+-------------------+
| m_axi_RD_BUS  | READ_ONLY  | 32 -> 32   | 64            | 0       | slave  | 0        | 0         | 16           | 16           | 16          | 16          | BRAM=2            |
| m_axi_RD_BUS2 | READ_ONLY  | 8 -> 8     | 64            | 0       | slave  | 0        | 0         | 16           | 16           | 16          | 16          | BRAM=2            |
| m_axi_WR_BUS  | READ_WRITE | 8 -> 32    | 64            | 0       | slave  | 0        | 0         | 16           | 16           | 16          | 16          | BRAM=4            |
+---------------+------------+------------+---------------+---------+--------+----------+-----------+--------------+--------------+-------------+-------------+-------------------+

* S_AXILITE Interfaces
+------------+------------+---------------+--------+----------+
| Interface  | Data Width | Address Width | Offset | Register |
+------------+------------+---------------+--------+----------+
| s_axi_CTRL | 32         | 8             | 16     | 0        |
+------------+------------+---------------+--------+----------+

* S_AXILITE Registers
+------------+--------------------+--------+-------+--------+-----------------------------------+----------------------------------------------------------------------+
| Interface  | Register           | Offset | Width | Access | Description                       | Bit Fields                                                           |
+------------+--------------------+--------+-------+--------+-----------------------------------+----------------------------------------------------------------------+
| s_axi_CTRL | CTRL               | 0x00   | 32    | RW     | Control signals                   | 0=AP_START 1=AP_DONE 2=AP_IDLE 3=AP_READY 7=AUTO_RESTART 9=INTERRUPT |
| s_axi_CTRL | GIER               | 0x04   | 32    | RW     | Global Interrupt Enable Register  | 0=Enable                                                             |
| s_axi_CTRL | IP_IER             | 0x08   | 32    | RW     | IP Interrupt Enable Register      | 0=CHAN0_INT_EN 1=CHAN1_INT_EN                                        |
| s_axi_CTRL | IP_ISR             | 0x0c   | 32    | RW     | IP Interrupt Status Register      | 0=CHAN0_INT_ST 1=CHAN1_INT_ST                                        |
| s_axi_CTRL | ifmap_1            | 0x10   | 32    | W      | Data signal of ifmap              |                                                                      |
| s_axi_CTRL | ifmap_2            | 0x14   | 32    | W      | Data signal of ifmap              |                                                                      |
| s_axi_CTRL | weights_1          | 0x1c   | 32    | W      | Data signal of weights            |                                                                      |
| s_axi_CTRL | weights_2          | 0x20   | 32    | W      | Data signal of weights            |                                                                      |
| s_axi_CTRL | weights_hi_1       | 0x28   | 32    | W      | Data signal of weights_hi         |                                                                      |
| s_axi_CTRL | weights_hi_2       | 0x2c   | 32    | W      | Data signal of weights_hi         |                                                                      |
| s_axi_CTRL | bias_1             | 0x34   | 32    | W      | Data signal of bias               |                                                                      |
| s_axi_CTRL | bias_2             | 0x38   | 32    | W      | Data signal of bias               |                                                                      |
| s_axi_CTRL | ofmap_1            | 0x40   | 32    | W      | Data signal of ofmap              |                                                                      |
| s_axi_CTRL | ofmap_2            | 0x44   | 32    | W      | Data signal of ofmap              |                                                                      |
| s_axi_CTRL | accum_1            | 0x4c   | 32    | W      | Data signal of accum              |                                                                      |
| s_axi_CTRL | accum_2            | 0x50   | 32    | W      | Data signal of accum              |                                                                      |
| s_axi_CTRL | img_h              | 0x58   | 32    | W      | Data signal of img_h              |                                                                      |
| s_axi_CTRL | img_w              | 0x60   | 32    | W      | Data signal of img_w              |                                                                      |
| s_axi_CTRL | in_ch              | 0x68   | 32    | W      | Data signal of in_ch              |                                                                      |
| s_axi_CTRL | out_ch             | 0x70   | 32    | W      | Data signal of out_ch             |                                                                      |
| s_axi_CTRL | k                  | 0x78   | 32    | W      | Data signal of k                  |                                                                      |
| s_axi_CTRL | stride             | 0x80   | 32    | W      | Data signal of stride             |                                                                      |
| s_axi_CTRL | pad                | 0x88   | 32    | W      | Data signal of pad                |                                                                      |
| s_axi_CTRL | requant_multiplier | 0x90   | 32    | W      | Data signal of requant_multiplier |                                                                      |
| s_axi_CTRL | requant_shift      | 0x98   | 32    | W      | Data signal of requant_shift      |                                                                      |
| s_axi_CTRL | leaky_relu_enable  | 0xa0   | 32    | W      | Data signal of leaky_relu_enable  |                                                                      |
+------------+--------------------+--------+-------+--------+-----------------------------------+----------------------------------------------------------------------+

* TOP LEVEL CONTROL
+-----------+------------+-----------+
| Interface | Type       | Ports     |
+-----------+------------+-----------+
| ap_clk    | clock      | ap_clk    |
| ap_rst_n  | reset      | ap_rst_n  |
| interrupt | interrupt  | interrupt |
| ap_ctrl   | ap_ctrl_hs |           |
+-----------+------------+-----------+


================================================================
== SW I/O Information
================================================================
* Top Function Arguments
+--------------------+-----------+---------------------+
| Argument           | Direction | Datatype            |
+--------------------+-----------+---------------------+
| ifmap              | in        | ap_uint<32> const * |
| weights            | in        | ap_int<8> const *   |
| weights_hi         | in        | ap_int<8> const *   |
| bias               | in        | ap_int<32> const *  |
| ofmap              | inout     | ap_int<8>*          |
| accum              | inout     | ap_int<32>*         |
| img_h              | in        | unsigned short      |
| img_w              | in        | unsigned short      |
| in_ch              | in        | unsigned short      |
| out_ch             | in        | unsigned short      |
| k                  | in        | unsigned char       |
| stride             | in        | unsigned char       |
| pad                | in        | unsigned char       |
| requant_multiplier | in        | int                 |
| requant_shift      | in        | unsigned char       |
| leaky_relu_enable  | in        | unsigned char       |
+--------------------+-----------+---------------------+

* SW-to-HW Mapping
+--------------------+---------------+-----------+----------+----------------------------------------------+
| Argument           | HW Interface  | HW Type   | HW Usage | HW Info                                      |
+--------------------+---------------+-----------+----------+----------------------------------------------+
| ifmap              | m_axi_RD_BUS  | interface |          | channel=0                                    |
| ifmap              | s_axi_CTRL    | register  | offset   | name=ifmap_1 offset=0x10 range=32            |
| ifmap              | s_axi_CTRL    | register  | offset   | name=ifmap_2 offset=0x14 range=32            |
| weights            | m_axi_RD_BUS  | interface |          | channel=0                                    |
| weights            | s_axi_CTRL    | register  | offset   | name=weights_1 offset=0x1c range=32          |
| weights            | s_axi_CTRL    | register  | offset   | name=weights_2 offset=0x20 range=32          |
| weights_hi         | m_axi_RD_BUS2 | interface |          | channel=0                                    |
| weights_hi         | s_axi_CTRL    | register  | offset   | name=weights_hi_1 offset=0x28 range=32       |
| weights_hi         | s_axi_CTRL    | register  | offset   | name=weights_hi_2 offset=0x2c range=32       |
| bias               | m_axi_RD_BUS  | interface |          | channel=0                                    |
| bias               | s_axi_CTRL    | register  | offset   | name=bias_1 offset=0x34 range=32             |
| bias               | s_axi_CTRL    | register  | offset   | name=bias_2 offset=0x38 range=32             |
| ofmap              | m_axi_WR_BUS  | interface |          | channel=0                                    |
| ofmap              | s_axi_CTRL    | register  | offset   | name=ofmap_1 offset=0x40 range=32            |
| ofmap              | s_axi_CTRL    | register  | offset   | name=ofmap_2 offset=0x44 range=32            |
| accum              | m_axi_WR_BUS  | interface |          | channel=0                                    |
| accum              | s_axi_CTRL    | register  | offset   | name=accum_1 offset=0x4c range=32            |
| accum              | s_axi_CTRL    | register  | offset   | name=accum_2 offset=0x50 range=32            |
| img_h              | s_axi_CTRL    | register  |          | name=img_h offset=0x58 range=32              |
| img_w              | s_axi_CTRL    | register  |          | name=img_w offset=0x60 range=32              |
| in_ch              | s_axi_CTRL    | register  |          | name=in_ch offset=0x68 range=32              |
| out_ch             | s_axi_CTRL    | register  |          | name=out_ch offset=0x70 range=32             |
| k                  | s_axi_CTRL    | register  |          | name=k offset=0x78 range=32                  |
| stride             | s_axi_CTRL    | register  |          | name=stride offset=0x80 range=32             |
| pad                | s_axi_CTRL    | register  |          | name=pad offset=0x88 range=32                |
| requant_multiplier | s_axi_CTRL    | register  |          | name=requant_multiplier offset=0x90 range=32 |
| requant_shift      | s_axi_CTRL    | register  |          | name=requant_shift offset=0x98 range=32      |
| leaky_relu_enable  | s_axi_CTRL    | register  |          | name=leaky_relu_enable offset=0xa0 range=32  |
+--------------------+---------------+-----------+----------+----------------------------------------------+


================================================================
== M_AXI Burst Information
================================================================
 Note: All burst requests might be further partitioned into multiple requests during RTL generation based on max_read_burst_length or max_write_burst_length settings.

* Inferred Burst Summary
+---------------+-----------+----------+-------+------------------+----------------------------+
| HW Interface  | Direction | Length   | Width | Loop             | Loop Location              |
+---------------+-----------+----------+-------+------------------+----------------------------+
| m_axi_RD_BUS  | read      | variable | 32    | READ_CH_WORDS    | HW/conv_engine.cpp:473:17  |
| m_axi_RD_BUS2 | read      | variable | 8     | VITIS_LOOP_186_1 | HW/conv_engine.cpp:186:20  |
| m_axi_WR_BUS  | read      | variable | 32    | ACCUM_RD         | HW/conv_engine.cpp:1032:17 |
| m_axi_WR_BUS  | write     | variable | 32    | ACCUM_WR         | HW/conv_engine.cpp:1050:17 |
+---------------+-----------+----------+-------+------------------+----------------------------+

* All M_AXI Variable Accesses
+---------------+------------+----------------------------+-----------+--------------+----------+------------------+----------------------------+------------+-------------------------------------------------------------------------------------------------------+
| HW Interface  | Variable   | Access Location            | Direction | Burst Status | Length   | Loop             | Loop Location              | Resolution | Problem                                                                                               |
+---------------+------------+----------------------------+-----------+--------------+----------+------------------+----------------------------+------------+-------------------------------------------------------------------------------------------------------+
| m_axi_RD_BUS  | bias       | HW/conv_engine.cpp:161:40  | read      | Fail         |          | LOAD_WTILE       | HW/conv_engine.cpp:155:5   | 214-232    | Access load is in the conditional branch                                                              |
| m_axi_RD_BUS  | bias       | HW/conv_engine.cpp:162:44  | read      | Fail         |          | LOAD_WTILE       | HW/conv_engine.cpp:155:5   | 214-232    | Access load is in the conditional branch                                                              |
| m_axi_RD_BUS  | weights    | HW/conv_engine.cpp:199:34  | read      | Fail         |          | LOAD_W_IC        | HW/conv_engine.cpp:184:13  | 214-230    | Stride is incompatible                                                                                |
| m_axi_RD_BUS  | weights    | HW/conv_engine.cpp:199:34  | read      | Inferred     | variable | VITIS_LOOP_186_1 | HW/conv_engine.cpp:186:20  |            |                                                                                                       |
| m_axi_RD_BUS  | ifmap      | HW/conv_engine.cpp:483:27  | read      | Fail         |          | COL_LOOP         | HW/conv_engine.cpp:356:9   | 214-232    | Access call is in the conditional branch                                                              |
| m_axi_RD_BUS  | ifmap      | HW/conv_engine.cpp:483:27  | read      | Inferred     | variable | READ_CH_WORDS    | HW/conv_engine.cpp:473:17  |            |                                                                                                       |
| m_axi_RD_BUS  | ifmap      | HW/pack4.h:88:36           | read      | Fail         |          | READ_CH_ELEMS    | HW/conv_engine.cpp:497:17  | 214-229    | Could not analyze pattern                                                                             |
| m_axi_RD_BUS2 | weights_hi | HW/conv_engine.cpp:209:34  | read      | Fail         |          | LOAD_W_IC        | HW/conv_engine.cpp:184:13  | 214-230    | Stride is incompatible                                                                                |
| m_axi_RD_BUS2 | weights_hi | HW/conv_engine.cpp:209:34  | read      | Inferred     | variable | VITIS_LOOP_186_1 | HW/conv_engine.cpp:186:20  |            |                                                                                                       |
| m_axi_WR_BUS  | accum      | HW/conv_engine.cpp:1035:16 | read      | Widen Fail   |          | ACCUM_RD         | HW/conv_engine.cpp:1032:17 | 214-353    | Could not widen since type i32 size is greater than or equal to the max_widen_bitwidth threshold of 0 |
| m_axi_WR_BUS  | accum      | HW/conv_engine.cpp:1035:16 | read      | Fail         |          | COL_LOOP         | HW/conv_engine.cpp:356:9   | 214-230    | Stride is incompatible                                                                                |
| m_axi_WR_BUS  | accum      | HW/conv_engine.cpp:1035:16 | read      | Inferred     | variable | ACCUM_RD         | HW/conv_engine.cpp:1032:17 |            |                                                                                                       |
| m_axi_WR_BUS  | ofmap      | HW/conv_engine.cpp:1044:45 | write     | Widen Fail   |          | FINISH_WR        | HW/conv_engine.cpp:1041:17 | 214-353    | Could not widen since type i8 size is greater than or equal to the max_widen_bitwidth threshold of 0  |
| m_axi_WR_BUS  | ofmap      | HW/conv_engine.cpp:1044:45 | write     | Fail         |          | COL_LOOP         | HW/conv_engine.cpp:356:9   | 214-230    | Stride is incompatible                                                                                |
| m_axi_WR_BUS  | ofmap      | HW/conv_engine.cpp:1044:45 | write     | Inferred     | variable | FINISH_WR        | HW/conv_engine.cpp:1041:17 |            |                                                                                                       |
| m_axi_WR_BUS  | accum      | HW/conv_engine.cpp:1053:34 | write     | Widen Fail   |          | ACCUM_WR         | HW/conv_engine.cpp:1050:17 | 214-353    | Could not widen since type i32 size is greater than or equal to the max_widen_bitwidth threshold of 0 |
| m_axi_WR_BUS  | accum      | HW/conv_engine.cpp:1053:34 | write     | Fail         |          | COL_LOOP         | HW/conv_engine.cpp:356:9   | 214-230    | Stride is incompatible                                                                                |
| m_axi_WR_BUS  | accum      | HW/conv_engine.cpp:1053:34 | write     | Inferred     | variable | ACCUM_WR         | HW/conv_engine.cpp:1050:17 |            |                                                                                                       |
+---------------+------------+----------------------------+-----------+--------------+----------+------------------+----------------------------+------------+-------------------------------------------------------------------------------------------------------+

    * Resolution URL: docs.xilinx.com/access/sources/dita/topic?Doc_Version=2024.2%20English&url=ug1448-hls-guidance&resourceid=XXX-YYY.html (replace XXX-YYY with column value)

================================================================
== Bind Op Report
================================================================
+---------------------------------------------------------------------------------+-----+--------+--------------------------+------------+--------------------------+---------+
| Name                                                                            | DSP | Pragma | Variable                 | Op         | Impl                     | Latency |
+---------------------------------------------------------------------------------+-----+--------+--------------------------+------------+--------------------------+---------+
| + conv_engine                                                                   | 221 |        |                          |            |                          |         |
|   add_ln1184_fu_3248_p2                                                         |     |        | add_ln1184               | add        | fabric                   | 0       |
|   leaky_relu_enable_assign_fu_3130_p2                                           |     |        | leaky_relu_enable_assign | setne      | auto                     | 0       |
|   pad_w_fu_3148_p2                                                              |     |        | pad_w                    | add        | fabric                   | 0       |
|   add11_i_fu_3282_p2                                                            |     |        | add11_i                  | add        | fabric                   | 0       |
|   cmp19_i_fu_3174_p2                                                            |     |        | cmp19_i                  | seteq      | auto                     | 0       |
|   sub74_i_fu_3288_p2                                                            |     |        | sub74_i                  | add        | fabric                   | 0       |
|   add15_i_fu_3297_p2                                                            |     |        | add15_i                  | add        | fabric                   | 0       |
|   icmp_fu_3190_p2                                                               |     |        | icmp                     | seteq      | auto                     | 0       |
|   icmp315_fu_3316_p2                                                            |     |        | icmp315                  | seteq      | auto                     | 0       |
|   sub513_i_fu_3322_p2                                                           |     |        | sub513_i                 | add        | fabric                   | 0       |
|   cmp_i_i_i_i_i_fu_3328_p2                                                      |     |        | cmp_i_i_i_i_i            | seteq      | auto                     | 0       |
|   sub_i_i124_i_i_i_fu_3336_p2                                                   |     |        | sub_i_i124_i_i_i         | add        | fabric                   | 0       |
|   conv_i_i9_i_i_i_i_fu_3342_p2                                                  |     |        | conv_i_i9_i_i_i_i        | sub        | fabric                   | 0       |
|   half_fu_3356_p2                                                               |     |        | half                     | lshr       | auto_pipe                | 0       |
|   shl_i_i_i_i_i_fu_3374_p2                                                      |     |        | shl_i_i_i_i_i            | shl        | auto_pipe                | 0       |
|   cmp25_i33_fu_3384_p2                                                          |     |        | cmp25_i33                | setne      | auto                     | 0       |
|   mul_8ns_8ns_16_1_1_U1015                                                      |     |        | mul_ln1254               | mul        | auto                     | 0       |
|   mul_16ns_16ns_32_1_1_U1017                                                    | 1   |        | mul_ln1254_1             | mul        | auto                     | 0       |
|   sub_ln1254_2_fu_3410_p2                                                       |     |        | sub_ln1254_2             | sub        | fabric                   | 0       |
|   xor_ln1254_fu_3427_p2                                                         |     |        | xor_ln1254               | xor        | auto                     | 0       |
|   mul_16ns_8ns_24_1_1_U1016                                                     | 1   |        | mul_ln1254_2             | mul        | auto                     | 0       |
|   mul_24ns_17s_32_1_1_U1018                                                     | 1   |        | mul_ln1254_3             | mul        | auto                     | 0       |
|   mul_16ns_16ns_32_1_1_U1019                                                    | 1   |        | mul_ln1254_4             | mul        | auto                     | 0       |
|   sub_ln1254_fu_3200_p2                                                         |     |        | sub_ln1254               | sub        | fabric                   | 0       |
|   mac_muladd_18s_9s_9s_25_4_1_U1028                                             | 1   |        | mul_ln1254_5             | mul        | dsp_slice                | 3       |
|   mac_muladd_18s_9s_9s_25_4_1_U1028                                             | 1   |        | add_ln1254               | add        | dsp_slice                | 3       |
|   sub_ln1254_3_fu_3469_p2                                                       |     |        | sub_ln1254_3             | sub        | fabric                   | 0       |
|   sub_ln1254_4_fu_3497_p2                                                       |     |        | sub_ln1254_4             | sub        | fabric                   | 0       |
|   mul_18s_16ns_32_1_1_U1020                                                     | 1   |        | mul_ln1254_6             | mul        | auto                     | 0       |
|   xor_ln1254_1_fu_3513_p2                                                       |     |        | xor_ln1254_1             | xor        | auto                     | 0       |
|   add_ln1254_1_fu_3523_p2                                                       |     |        | add_ln1254_1             | add        | fabric                   | 0       |
|   xor_ln1254_2_fu_3528_p2                                                       |     |        | xor_ln1254_2             | xor        | auto                     | 0       |
|   add_ln1254_2_fu_3538_p2                                                       |     |        | add_ln1254_2             | add        | fabric                   | 0       |
|   mul_17ns_19ns_35_1_1_U1021                                                    | 1   |        | mul_ln1254_7             | mul        | auto                     | 0       |
|   sub_ln1254_1_fu_3568_p2                                                       |     |        | sub_ln1254_1             | sub        | fabric                   | 0       |
|   add_ln1254_6_fu_3585_p2                                                       |     |        | add_ln1254_6             | add        | fabric                   | 0       |
|   add_ln1254_7_fu_3622_p2                                                       |     |        | add_ln1254_7             | add        | fabric                   | 0       |
|   icmp_ln1254_1_fu_3627_p2                                                      |     |        | icmp_ln1254_1            | seteq      | auto                     | 0       |
|   add_ln1254_4_fu_3632_p2                                                       |     |        | add_ln1254_4             | add        | fabric                   | 0       |
|   icmp_ln1254_fu_3638_p2                                                        |     |        | icmp_ln1254              | setgt      | auto                     | 0       |
|   xor_ln1254_3_fu_3644_p2                                                       |     |        | xor_ln1254_3             | xor        | auto                     | 0       |
|   select_ln1254_fu_3650_p3                                                      |     |        | select_ln1254            | select     | auto_sel                 | 0       |
|   sub_ln1254_5_fu_3678_p2                                                       |     |        | sub_ln1254_5             | sub        | fabric                   | 0       |
|   add_ln1254_3_fu_3688_p2                                                       |     |        | add_ln1254_3             | add        | fabric                   | 0       |
|   icmp_ln1254_2_fu_3693_p2                                                      |     |        | icmp_ln1254_2            | setgt      | auto                     | 0       |
|   xor_ln1254_4_fu_3699_p2                                                       |     |        | xor_ln1254_4             | xor        | auto                     | 0       |
|   select_ln1254_1_fu_3705_p3                                                    |     |        | select_ln1254_1          | select     | auto_sel                 | 0       |
|   cmp499_i7824_fu_3717_p2                                                       |     |        | cmp499_i7824             | setne      | auto                     | 0       |
|   empty_468_fu_3722_p3                                                          |     |        | empty_468                | select     | auto_sel                 | 0       |
|   icmp_ln1272_1_fu_3738_p2                                                      |     |        | icmp_ln1272_1            | seteq      | auto                     | 0       |
|   add_ln1272_fu_3743_p2                                                         |     |        | add_ln1272               | add        | fabric                   | 0       |
|   icmp_ln1272_2_fu_3749_p2                                                      |     |        | icmp_ln1272_2            | setgt      | auto                     | 0       |
|   select_ln1272_2_fu_3755_p3                                                    |     |        | select_ln1272_2          | select     | auto_sel                 | 0       |
|   sub_ln1272_1_fu_3763_p2                                                       |     |        | sub_ln1272_1             | sub        | fabric                   | 0       |
|   icmp_ln1272_fu_3804_p2                                                        |     |        | icmp_ln1272              | setgt      | auto                     | 0       |
|   xor_ln1272_fu_3810_p2                                                         |     |        | xor_ln1272               | xor        | auto                     | 0       |
|   select_ln1272_fu_3816_p3                                                      |     |        | select_ln1272            | select     | auto_sel                 | 0       |
|   select_ln1272_1_fu_3824_p3                                                    |     |        | select_ln1272_1          | select     | auto_sel                 | 0       |
|   sub_ln1272_fu_3836_p2                                                         |     |        | sub_ln1272               | sub        | fabric                   | 0       |
|   xor_ln1272_1_fu_3862_p2                                                       |     |        | xor_ln1272_1             | xor        | auto                     | 0       |
|   mac_muladd_23ns_10ns_32ns_32_4_1_U1029                                        | 1   |        | mul_ln1272               | mul        | dsp_slice                | 3       |
|   sub_ln1275_fu_3888_p2                                                         |     |        | sub_ln1275               | sub        | fabric                   | 0       |
|   icmp_ln1275_fu_3907_p2                                                        |     |        | icmp_ln1275              | seteq      | auto                     | 0       |
|   ic_count_fu_3913_p3                                                           |     |        | ic_count                 | select     | auto_sel                 | 0       |
|   mac_muladd_23ns_10ns_32ns_32_4_1_U1029                                        | 1   |        | add_ln184                | add        | dsp_slice                | 3       |
|   mul_32ns_16ns_48_1_1_U1013                                                    | 2   |        | mul_ln1272_1             | mul        | auto                     | 0       |
|   icmp_ln155_fu_3921_p2                                                         |     |        | icmp_ln155               | seteq      | auto                     | 0       |
|   add_ln155_fu_3927_p2                                                          |     |        | add_ln155                | add        | fabric                   | 0       |
|   mul_31s_4ns_31_1_1_U1022                                                      |     |        | mul_ln155                | mul        | auto                     | 0       |
|   add_ln156_fu_3962_p2                                                          |     |        | add_ln156                | add        | fabric                   | 0       |
|   lo_valid_fu_3985_p2                                                           |     |        | lo_valid                 | setlt      | auto                     | 0       |
|   hi_valid_fu_3990_p2                                                           |     |        | hi_valid                 | setlt      | auto                     | 0       |
|   or_ln160_fu_3995_p2                                                           |     |        | or_ln160                 | or         | auto                     | 0       |
|   add_ln161_fu_4017_p2                                                          |     |        | add_ln161                | add        | fabric                   | 0       |
|   add_ln162_fu_4170_p2                                                          |     |        | add_ln162                | add        | fabric                   | 0       |
|   empty_469_fu_4271_p3                                                          |     |        | empty_469                | select     | auto_sel                 | 0       |
|   empty_470_fu_4277_p3                                                          |     |        | empty_470                | select     | auto_sel                 | 0       |
|   cmp257_i_fu_4042_p2                                                           |     |        | cmp257_i                 | seteq      | auto                     | 0       |
|   cmp514_i_fu_4048_p2                                                           |     |        | cmp514_i                 | seteq      | auto                     | 0       |
|   icmp321_fu_4294_p2                                                            |     |        | icmp321                  | setne      | auto                     | 0       |
|   brmerge722_fu_4300_p2                                                         |     |        | brmerge722               | or         | auto                     | 0       |
|   mul_32ns_4ns_36_1_1_U1023                                                     |     |        | mul_ln231                | mul        | auto                     | 0       |
|   mul_8ns_36ns_43_1_1_U1011                                                     | 2   |        | mul_ln231_1              | mul        | auto                     | 0       |
|   mul_8ns_4ns_11_1_1_U1024                                                      |     |        | mul_ln231_2              | mul        | auto                     | 0       |
|   mul_9ns_4ns_12_1_1_U1025                                                      |     |        | mul_ln231_3              | mul        | auto                     | 0       |
|   mul_4ns_16ns_19_1_1_U1026                                                     |     |        | mul_ln353_2              | mul        | auto                     | 0       |
|   add_ln353_fu_4324_p2                                                          |     |        | add_ln353                | add        | fabric                   | 0       |
|   icmp_ln353_fu_4329_p2                                                         |     |        | icmp_ln353               | seteq      | auto                     | 0       |
|   r_1_fu_4334_p2                                                                |     |        | r_1                      | add        | fabric                   | 0       |
|   mul_17ns_24s_32_1_1_U1027                                                     | 1   |        | mul_ln353                | mul        | auto                     | 0       |
|   mul_17ns_32s_32_1_1_U1012                                                     | 2   |        | mul_ln353_1              | mul        | auto                     | 0       |
|   ult_fu_4395_p2                                                                |     |        | ult                      | setlt      | auto                     | 0       |
|   rev_fu_4400_p2                                                                |     |        | rev                      | xor        | auto                     | 0       |
|   cmp12_i_fu_4406_p2                                                            |     |        | cmp12_i                  | setlt      | auto                     | 0       |
|   in_r_fu_4354_p2                                                               |     |        | in_r                     | sub        | fabric                   | 0       |
|   mac_mul_sub_18s_16ns_8ns_32_4_1_U1030                                         | 1   |        | mul20_i                  | mul        | dsp_slice                | 3       |
|   ult851_fu_4363_p2                                                             |     |        | ult851                   | setlt      | auto                     | 0       |
|   rev852_fu_4411_p2                                                             |     |        | rev852                   | xor        | auto                     | 0       |
|   mac_mul_sub_18s_16ns_8ns_32_4_1_U1030                                         | 1   |        | in_c                     | sub        | dsp_slice                | 3       |
|   add_ln356_3_fu_4391_p2                                                        |     |        | add_ln356_3              | add        | fabric                   | 0       |
|   add_ln356_4_fu_4368_p2                                                        |     |        | add_ln356_4              | add        | fabric                   | 0       |
|   add_ln356_6_fu_4416_p2                                                        |     |        | add_ln356_6              | add        | fabric                   | 0       |
|   icmp_ln356_fu_4421_p2                                                         |     |        | icmp_ln356               | seteq      | auto                     | 0       |
|   c_1_fu_4426_p2                                                                |     |        | c_1                      | add        | fabric                   | 0       |
|   sub_ln356_fu_4460_p2                                                          |     |        | sub_ln356                | sub        | fabric                   | 0       |
|   add_ln356_fu_4470_p2                                                          |     |        | add_ln356                | add        | fabric                   | 0       |
|   add_ln356_2_fu_4479_p2                                                        |     |        | add_ln356_2              | add        | fabric                   | 0       |
|   add_ln356_1_fu_4534_p2                                                        |     |        | add_ln356_1              | add        | fabric                   | 0       |
|   add_ln356_11_fu_4484_p2                                                       |     |        | add_ln356_11             | add        | fabric                   | 0       |
|   mac_muladd_25s_16ns_32ns_32_4_1_U1031                                         | 1   |        | mul_ln356                | mul        | dsp_slice                | 3       |
|   mac_muladd_25s_16ns_32ns_32_4_1_U1031                                         | 1   |        | add_ln356_7              | add        | dsp_slice                | 3       |
|   add_ln356_5_fu_4558_p2                                                        |     |        | add_ln356_5              | add        | fabric                   | 0       |
|   icmp_ln366_fu_4513_p2                                                         |     |        | icmp_ln366               | setlt      | auto                     | 0       |
|   xor_ln366_fu_4563_p2                                                          |     |        | xor_ln366                | xor        | auto                     | 0       |
|   icmp_ln366_1_fu_4569_p2                                                       |     |        | icmp_ln366_1             | setlt      | auto                     | 0       |
|   and_ln365_fu_4575_p2                                                          |     |        | and_ln365                | and        | auto                     | 0       |
|   and_ln365_1_fu_4581_p2                                                        |     |        | and_ln365_1              | and        | auto                     | 0       |
|   in_bounds_fu_4587_p2                                                          |     |        | in_bounds                | and        | auto                     | 0       |
|   add_ln471_fu_4518_p2                                                          |     |        | add_ln471                | add        | fabric                   | 0       |
|   mul_32s_16ns_32_1_1_U1014                                                     | 2   |        | mul_ln471                | mul        | auto                     | 0       |
|   select_ln473_fu_4593_p3                                                       |     |        | select_ln473             | select     | auto_sel                 | 0       |
|   empty_471_fu_4610_p3                                                          |     |        | empty_471                | select     | auto_sel                 | 0       |
|   icmp_ln683_fu_4635_p2                                                         |     |        | icmp_ln683               | setlt      | auto                     | 0       |
|   xor_ln683_fu_4639_p2                                                          |     |        | xor_ln683                | xor        | auto                     | 0       |
|   and_ln683_fu_4645_p2                                                          |     |        | and_ln683                | and        | auto                     | 0       |
|   acc_lo_fu_4654_p3                                                             |     |        | acc_lo                   | select     | auto_sel                 | 0       |
|   acc_lo_1_fu_4666_p3                                                           |     |        | acc_lo_1                 | select     | auto_sel                 | 0       |
|   acc_lo_2_fu_4678_p3                                                           |     |        | acc_lo_2                 | select     | auto_sel                 | 0       |
|   acc_lo_3_fu_4690_p3                                                           |     |        | acc_lo_3                 | select     | auto_sel                 | 0       |
|   acc_lo_4_fu_4702_p3                                                           |     |        | acc_lo_4                 | select     | auto_sel                 | 0       |
|   acc_lo_5_fu_4714_p3                                                           |     |        | acc_lo_5                 | select     | auto_sel                 | 0       |
|   acc_lo_6_fu_4726_p3                                                           |     |        | acc_lo_6                 | select     | auto_sel                 | 0       |
|   acc_lo_7_fu_4738_p3                                                           |     |        | acc_lo_7                 | select     | auto_sel                 | 0       |
|   acc_lo_8_fu_4750_p3                                                           |     |        | acc_lo_8                 | select     | auto_sel                 | 0       |
|   acc_lo_9_fu_4762_p3                                                           |     |        | acc_lo_9                 | select     | auto_sel                 | 0       |
|   acc_lo_10_fu_4774_p3                                                          |     |        | acc_lo_10                | select     | auto_sel                 | 0       |
|   acc_lo_11_fu_4786_p3                                                          |     |        | acc_lo_11                | select     | auto_sel                 | 0       |
|   acc_hi_10_fu_4842_p3                                                          |     |        | acc_hi_10                | select     | auto_sel                 | 0       |
|   acc_hi_8_fu_4850_p3                                                           |     |        | acc_hi_8                 | select     | auto_sel                 | 0       |
|   acc_hi_6_fu_4858_p3                                                           |     |        | acc_hi_6                 | select     | auto_sel                 | 0       |
|   acc_hi_4_fu_4866_p3                                                           |     |        | acc_hi_4                 | select     | auto_sel                 | 0       |
|   acc_hi_2_fu_4874_p3                                                           |     |        | acc_hi_2                 | select     | auto_sel                 | 0       |
|   acc_hi_fu_4882_p3                                                             |     |        | acc_hi                   | select     | auto_sel                 | 0       |
|   acc_hi_1_fu_4890_p3                                                           |     |        | acc_hi_1                 | select     | auto_sel                 | 0       |
|   acc_hi_3_fu_4898_p3                                                           |     |        | acc_hi_3                 | select     | auto_sel                 | 0       |
|   acc_hi_5_fu_4906_p3                                                           |     |        | acc_hi_5                 | select     | auto_sel                 | 0       |
|   acc_hi_7_fu_4914_p3                                                           |     |        | acc_hi_7                 | select     | auto_sel                 | 0       |
|   acc_hi_9_fu_4922_p3                                                           |     |        | acc_hi_9                 | select     | auto_sel                 | 0       |
|   acc_hi_11_fu_4930_p3                                                          |     |        | acc_hi_11                | select     | auto_sel                 | 0       |
|   add_ln1272_1_fu_4373_p2                                                       |     |        | add_ln1272_1             | add        | fabric                   | 0       |
|   add_ln1272_2_fu_4379_p2                                                       |     |        | add_ln1272_2             | add        | fabric                   | 0       |
|   add_ln1272_3_fu_4385_p2                                                       |     |        | add_ln1272_3             | add        | fabric                   | 0       |
|   add_ln1254_5_fu_3773_p2                                                       |     |        | add_ln1254_5             | add        | fabric                   | 0       |
|  + conv_engine_Pipeline_LOAD_W_IC_VITIS_LOOP_186_1_VITIS_LOOP_188_2             | 4   |        |                          |            |                          |         |
|    icmp_ln158_fu_3249_p2                                                        |     |        | icmp_ln158               | setlt      | auto                     | 0       |
|    icmp_ln159_fu_3255_p2                                                        |     |        | icmp_ln159               | setlt      | auto                     | 0       |
|    icmp_ln188_fu_3370_p2                                                        |     |        | icmp_ln188               | seteq      | auto                     | 0       |
|    icmp_ln184_fu_3292_p2                                                        |     |        | icmp_ln184               | seteq      | auto                     | 0       |
|    add_ln184_2_fu_3297_p2                                                       |     |        | add_ln184_2              | add        | fabric                   | 0       |
|    add_ln184_3_fu_3306_p2                                                       |     |        | add_ln184_3              | add        | fabric                   | 0       |
|    icmp_ln186_fu_3312_p2                                                        |     |        | icmp_ln186               | seteq      | auto                     | 0       |
|    select_ln184_fu_3378_p3                                                      |     |        | select_ln184             | select     | auto_sel                 | 0       |
|    icmp_ln186_1_fu_3385_p2                                                      |     |        | icmp_ln186_1             | seteq      | auto                     | 0       |
|    first_iter_1228_fu_3390_p2                                                   |     |        | first_iter_1228          | seteq      | auto                     | 0       |
|    or_ln184_fu_3396_p2                                                          |     |        | or_ln184                 | or         | auto                     | 0       |
|    select_ln184_1_fu_3401_p3                                                    |     |        | select_ln184_1           | select     | auto_sel                 | 0       |
|    select_ln184_2_fu_3317_p3                                                    |     |        | select_ln184_2           | select     | auto_sel                 | 0       |
|    add_ln186_fu_3408_p2                                                         |     |        | add_ln186                | add        | fabric                   | 0       |
|    empty_461_fu_3414_p2                                                         |     |        | empty_461                | or         | auto                     | 0       |
|    kx_1_mid2_fu_3419_p3                                                         |     |        | kx_1_mid2                | select     | auto_sel                 | 0       |
|    first_iter_1_mid1_fu_3427_p2                                                 |     |        | first_iter_1_mid1        | seteq      | auto                     | 0       |
|    first_iter_1_mid2_fu_3433_p3                                                 |     |        | first_iter_1_mid2        | select     | auto_sel                 | 0       |
|    select_ln186_fu_3441_p3                                                      |     |        | select_ln186             | select     | auto_sel                 | 0       |
|    first_iter_0_fu_3449_p2                                                      |     |        | first_iter_0             | seteq      | auto                     | 0       |
|    mul_32s_16ns_32_1_1_U2                                                       | 2   |        | mul_ln184                | mul        | auto                     | 0       |
|    add_ln184_6_fu_3325_p2                                                       |     |        | add_ln184_6              | add        | fabric                   | 0       |
|    mul_16ns_32s_32_1_1_U1                                                       | 2   |        | mul_ln184_1              | mul        | auto                     | 0       |
|    add_ln184_1_fu_3493_p2                                                       |     |        | add_ln184_1              | add        | fabric                   | 0       |
|    sub_ln217_fu_3527_p2                                                         |     |        | sub_ln217                | sub        | fabric                   | 0       |
|    add_ln217_fu_3540_p2                                                         |     |        | add_ln217                | add        | fabric                   | 0       |
|    mul_8ns_8ns_16_1_1_U3                                                        |     |        | mul_ln186                | mul        | auto                     | 0       |
|    add_ln199_2_fu_3583_p2                                                       |     |        | add_ln199_2              | add        | fabric                   | 0       |
|    lshr_ln199_fu_3829_p2                                                        |     |        | lshr_ln199               | lshr       | auto_pipe                | 0       |
|    xor_ln200_fu_3842_p2                                                         |     |        | xor_ln200                | xor        | auto                     | 0       |
|    add_ln188_fu_3464_p2                                                         |     |        | add_ln188                | add        | fabric                   | 0       |
|    add_ln186_1_fu_3334_p2                                                       |     |        | add_ln186_1              | add        | fabric                   | 0       |
|    select_ln186_1_fu_3340_p3                                                    |     |        | select_ln186_1           | select     | auto_sel                 | 0       |
|  + conv_engine_Pipeline_READ_CH_ELEMS                                           | 0   |        |                          |            |                          |         |
|    and_ln365_3_fu_527_p2                                                        |     |        | and_ln365_3              | and        | auto                     | 0       |
|    icmp_ln497_fu_541_p2                                                         |     |        | icmp_ln497               | seteq      | auto                     | 0       |
|    add_ln497_fu_547_p2                                                          |     |        | add_ln497                | add        | fabric                   | 0       |
|    add_ln504_fu_601_p2                                                          |     |        | add_ln504                | add        | fabric                   | 0       |
|    partselect_8ns_32ns_32ns_8_1_1_U216                                          |     |        | v                        | partselect | auto                     | 0       |
|  + conv_engine_Pipeline_READ_CH_WORDS                                           | 0   |        |                          |            |                          |         |
|    and_ln365_2_fu_442_p2                                                        |     |        | and_ln365_2              | and        | auto                     | 0       |
|    icmp_ln473_fu_460_p2                                                         |     |        | icmp_ln473               | seteq      | auto                     | 0       |
|    add_ln473_fu_466_p2                                                          |     |        | add_ln473                | add        | fabric                   | 0       |
|  + conv_engine_Pipeline_WINDOW_ROW_SHIFT_WINDOW_COL_SHIFT_WINDOW_ROW_SHIFT_STEP | 0   |        |                          |            |                          |         |
|    icmp_ln597_fu_617_p2                                                         |     |        | icmp_ln597               | seteq      | auto                     | 0       |
|    add_ln597_1_fu_622_p2                                                        |     |        | add_ln597_1              | add        | fabric                   | 0       |
|    add_ln597_fu_634_p2                                                          |     |        | add_ln597                | add        | fabric                   | 0       |
|    icmp_ln600_fu_640_p2                                                         |     |        | icmp_ln600               | seteq      | auto                     | 0       |
|    select_ln597_fu_1040_p3                                                      |     |        | select_ln597             | select     | auto_sel                 | 0       |
|    indvars_iv_next1126235_fu_1051_p2                                            |     |        | indvars_iv_next1126235   | add        | fabric                   | 0       |
|    select_ln597_1_fu_1057_p3                                                    |     |        | select_ln597_1           | select     | auto_sel                 | 0       |
|    icmp_ln603_fu_645_p2                                                         |     |        | icmp_ln603               | seteq      | auto                     | 0       |
|    icmp_ln603_1_fu_650_p2                                                       |     |        | icmp_ln603_1             | seteq      | auto                     | 0       |
|    select_ln597_2_fu_655_p3                                                     |     |        | select_ln597_2           | select     | auto_sel                 | 0       |
|    select_ln597_3_fu_663_p3                                                     |     |        | select_ln597_3           | select     | auto_sel                 | 0       |
|    indvars_iv_next1126_dup_fu_1064_p2                                           |     |        | indvars_iv_next1126_dup  | add        | fabric                   | 0       |
|    empty_fu_671_p2                                                              |     |        | empty                    | or         | auto                     | 0       |
|    ic_step_1_mid2_fu_677_p3                                                     |     |        | ic_step_1_mid2           | select     | auto_sel                 | 0       |
|    indvars_iv_next1126_mid1_fu_1070_p2                                          |     |        | indvars_iv_next1126_mid1 | add        | fabric                   | 0       |
|    indvars_iv_next1126_mid2_fu_1076_p3                                          |     |        | indvars_iv_next1126_mid2 | select     | auto_sel                 | 0       |
|    select_ln600_fu_1083_p3                                                      |     |        | select_ln600             | select     | auto_sel                 | 0       |
|    sub_ln611_fu_701_p2                                                          |     |        | sub_ln611                | sub        | fabric                   | 0       |
|    add_ln611_fu_711_p2                                                          |     |        | add_ln611                | add        | fabric                   | 0       |
|    sub_ln611_1_fu_1099_p2                                                       |     |        | sub_ln611_1              | sub        | fabric                   | 0       |
|    add_ln611_1_fu_1104_p2                                                       |     |        | add_ln611_1              | add        | fabric                   | 0       |
|    add_ln611_2_fu_1130_p2                                                       |     |        | add_ln611_2              | add        | fabric                   | 0       |
|    icmp_ln610_fu_733_p2                                                         |     |        | icmp_ln610               | setlt      | auto                     | 0       |
|    icmp_ln610_1_fu_750_p2                                                       |     |        | icmp_ln610_1             | setlt      | auto                     | 0       |
|    icmp_ln610_2_fu_767_p2                                                       |     |        | icmp_ln610_2             | setlt      | auto                     | 0       |
|    icmp_ln610_3_fu_784_p2                                                       |     |        | icmp_ln610_3             | setlt      | auto                     | 0       |
|    icmp_ln610_4_fu_801_p2                                                       |     |        | icmp_ln610_4             | setlt      | auto                     | 0       |
|    icmp_ln610_5_fu_818_p2                                                       |     |        | icmp_ln610_5             | setlt      | auto                     | 0       |
|    icmp_ln610_6_fu_835_p2                                                       |     |        | icmp_ln610_6             | setlt      | auto                     | 0       |
|    icmp_ln610_7_fu_852_p2                                                       |     |        | icmp_ln610_7             | setlt      | auto                     | 0       |
|    icmp_ln610_8_fu_869_p2                                                       |     |        | icmp_ln610_8             | setlt      | auto                     | 0       |
|    icmp_ln610_9_fu_886_p2                                                       |     |        | icmp_ln610_9             | setlt      | auto                     | 0       |
|    icmp_ln610_10_fu_903_p2                                                      |     |        | icmp_ln610_10            | setlt      | auto                     | 0       |
|    icmp_ln610_11_fu_920_p2                                                      |     |        | icmp_ln610_11            | setlt      | auto                     | 0       |
|    icmp_ln610_12_fu_937_p2                                                      |     |        | icmp_ln610_12            | setlt      | auto                     | 0       |
|    icmp_ln610_13_fu_954_p2                                                      |     |        | icmp_ln610_13            | setlt      | auto                     | 0       |
|    icmp_ln610_14_fu_971_p2                                                      |     |        | icmp_ln610_14            | setlt      | auto                     | 0       |
|    icmp_ln610_15_fu_988_p2                                                      |     |        | icmp_ln610_15            | setlt      | auto                     | 0       |
|    add_ln603_fu_993_p2                                                          |     |        | add_ln603                | add        | fabric                   | 0       |
|    add_ln600_fu_999_p2                                                          |     |        | add_ln600                | add        | fabric                   | 0       |
|    select_ln600_1_fu_1005_p3                                                    |     |        | select_ln600_1           | select     | auto_sel                 | 0       |
|  + conv_engine_Pipeline_WINDOW_TAIL_FILL_WINDOW_TAIL_FILL_STEP                  | 0   |        |                          |            |                          |         |
|    icmp_ln619_fu_1132_p2                                                        |     |        | icmp_ln619               | seteq      | auto                     | 0       |
|    add_ln619_1_fu_1138_p2                                                       |     |        | add_ln619_1              | add        | fabric                   | 0       |
|    add_ln619_fu_1155_p2                                                         |     |        | add_ln619                | add        | fabric                   | 0       |
|    icmp_ln622_fu_1161_p2                                                        |     |        | icmp_ln622               | seteq      | auto                     | 0       |
|    select_ln619_fu_1166_p3                                                      |     |        | select_ln619             | select     | auto_sel                 | 0       |
|    select_ln619_1_fu_1174_p3                                                    |     |        | select_ln619_1           | select     | auto_sel                 | 0       |
|    icmp_ln630_fu_1190_p2                                                        |     |        | icmp_ln630               | seteq      | auto                     | 0       |
|    cmp138_i_fu_1196_p2                                                          |     |        | cmp138_i                 | setlt      | auto                     | 0       |
|    sub_ln630_fu_1233_p2                                                         |     |        | sub_ln630                | sub        | fabric                   | 0       |
|    add_ln630_fu_1243_p2                                                         |     |        | add_ln630                | add        | fabric                   | 0       |
|    add_ln630_2_fu_1278_p2                                                       |     |        | add_ln630_2              | add        | fabric                   | 0       |
|    icmp_ln629_fu_1335_p2                                                        |     |        | icmp_ln629               | setlt      | auto                     | 0       |
|    select_ln630_fu_1630_p3                                                      |     |        | select_ln630             | select     | auto_sel                 | 0       |
|    empty_58_fu_1637_p3                                                          |     |        | empty_58                 | select     | auto_sel                 | 0       |
|    icmp_ln629_1_fu_1352_p2                                                      |     |        | icmp_ln629_1             | setlt      | auto                     | 0       |
|    select_ln630_1_fu_1645_p3                                                    |     |        | select_ln630_1           | select     | auto_sel                 | 0       |
|    empty_59_fu_1652_p3                                                          |     |        | empty_59                 | select     | auto_sel                 | 0       |
|    icmp_ln629_2_fu_1369_p2                                                      |     |        | icmp_ln629_2             | setlt      | auto                     | 0       |
|    select_ln630_2_fu_1660_p3                                                    |     |        | select_ln630_2           | select     | auto_sel                 | 0       |
|    empty_60_fu_1667_p3                                                          |     |        | empty_60                 | select     | auto_sel                 | 0       |
|    icmp_ln629_3_fu_1386_p2                                                      |     |        | icmp_ln629_3             | setlt      | auto                     | 0       |
|    select_ln630_3_fu_1675_p3                                                    |     |        | select_ln630_3           | select     | auto_sel                 | 0       |
|    empty_61_fu_1682_p3                                                          |     |        | empty_61                 | select     | auto_sel                 | 0       |
|    icmp_ln629_4_fu_1403_p2                                                      |     |        | icmp_ln629_4             | setlt      | auto                     | 0       |
|    select_ln630_4_fu_1690_p3                                                    |     |        | select_ln630_4           | select     | auto_sel                 | 0       |
|    empty_62_fu_1697_p3                                                          |     |        | empty_62                 | select     | auto_sel                 | 0       |
|    icmp_ln629_5_fu_1420_p2                                                      |     |        | icmp_ln629_5             | setlt      | auto                     | 0       |
|    select_ln630_5_fu_1705_p3                                                    |     |        | select_ln630_5           | select     | auto_sel                 | 0       |
|    empty_63_fu_1712_p3                                                          |     |        | empty_63                 | select     | auto_sel                 | 0       |
|    icmp_ln629_6_fu_1437_p2                                                      |     |        | icmp_ln629_6             | setlt      | auto                     | 0       |
|    select_ln630_6_fu_1720_p3                                                    |     |        | select_ln630_6           | select     | auto_sel                 | 0       |
|    empty_64_fu_1727_p3                                                          |     |        | empty_64                 | select     | auto_sel                 | 0       |
|    icmp_ln629_7_fu_1454_p2                                                      |     |        | icmp_ln629_7             | setlt      | auto                     | 0       |
|    select_ln630_7_fu_1735_p3                                                    |     |        | select_ln630_7           | select     | auto_sel                 | 0       |
|    empty_65_fu_1742_p3                                                          |     |        | empty_65                 | select     | auto_sel                 | 0       |
|    icmp_ln629_8_fu_1471_p2                                                      |     |        | icmp_ln629_8             | setlt      | auto                     | 0       |
|    select_ln630_8_fu_1750_p3                                                    |     |        | select_ln630_8           | select     | auto_sel                 | 0       |
|    empty_66_fu_1757_p3                                                          |     |        | empty_66                 | select     | auto_sel                 | 0       |
|    icmp_ln629_9_fu_1488_p2                                                      |     |        | icmp_ln629_9             | setlt      | auto                     | 0       |
|    select_ln630_9_fu_1765_p3                                                    |     |        | select_ln630_9           | select     | auto_sel                 | 0       |
|    empty_67_fu_1772_p3                                                          |     |        | empty_67                 | select     | auto_sel                 | 0       |
|    icmp_ln629_10_fu_1505_p2                                                     |     |        | icmp_ln629_10            | setlt      | auto                     | 0       |
|    select_ln630_10_fu_1780_p3                                                   |     |        | select_ln630_10          | select     | auto_sel                 | 0       |
|    empty_68_fu_1787_p3                                                          |     |        | empty_68                 | select     | auto_sel                 | 0       |
|    icmp_ln629_11_fu_1522_p2                                                     |     |        | icmp_ln629_11            | setlt      | auto                     | 0       |
|    select_ln630_11_fu_1795_p3                                                   |     |        | select_ln630_11          | select     | auto_sel                 | 0       |
|    empty_69_fu_1802_p3                                                          |     |        | empty_69                 | select     | auto_sel                 | 0       |
|    icmp_ln629_12_fu_1539_p2                                                     |     |        | icmp_ln629_12            | setlt      | auto                     | 0       |
|    select_ln630_12_fu_1810_p3                                                   |     |        | select_ln630_12          | select     | auto_sel                 | 0       |
|    empty_70_fu_1817_p3                                                          |     |        | empty_70                 | select     | auto_sel                 | 0       |
|    icmp_ln629_13_fu_1556_p2                                                     |     |        | icmp_ln629_13            | setlt      | auto                     | 0       |
|    select_ln630_13_fu_1825_p3                                                   |     |        | select_ln630_13          | select     | auto_sel                 | 0       |
|    empty_71_fu_1832_p3                                                          |     |        | empty_71                 | select     | auto_sel                 | 0       |
|    icmp_ln629_14_fu_1573_p2                                                     |     |        | icmp_ln629_14            | setlt      | auto                     | 0       |
|    select_ln630_14_fu_1840_p3                                                   |     |        | select_ln630_14          | select     | auto_sel                 | 0       |
|    empty_72_fu_1847_p3                                                          |     |        | empty_72                 | select     | auto_sel                 | 0       |
|    icmp_ln629_15_fu_1590_p2                                                     |     |        | icmp_ln629_15            | setlt      | auto                     | 0       |
|    select_ln630_15_fu_1855_p3                                                   |     |        | select_ln630_15          | select     | auto_sel                 | 0       |
|    empty_73_fu_1862_p3                                                          |     |        | empty_73                 | select     | auto_sel                 | 0       |
|    add_ln622_fu_1595_p2                                                         |     |        | add_ln622                | add        | fabric                   | 0       |
|  + conv_engine_Pipeline_LINE_BUF_ROW_SHIFT_LINE_BUF_ROW_SHIFT_STEP              | 0   |        |                          |            |                          |         |
|    icmp_ln651_fu_654_p2                                                         |     |        | icmp_ln651               | seteq      | auto                     | 0       |
|    add_ln651_fu_660_p2                                                          |     |        | add_ln651                | add        | fabric                   | 0       |
|    indvars_iv_next1180_dup_fu_672_p2                                            |     |        | indvars_iv_next1180_dup  | add        | fabric                   | 0       |
|    icmp_ln654_fu_678_p2                                                         |     |        | icmp_ln654               | seteq      | auto                     | 0       |
|    select_ln651_fu_684_p3                                                       |     |        | select_ln651             | select     | auto_sel                 | 0       |
|    select_ln651_1_fu_692_p3                                                     |     |        | select_ln651_1           | select     | auto_sel                 | 0       |
|    cond971_fu_700_p2                                                            |     |        | cond971                  | seteq      | auto                     | 0       |
|    add_ln662_fu_1029_p2                                                         |     |        | add_ln662                | add        | fabric                   | 0       |
|    icmp_ln661_fu_722_p2                                                         |     |        | icmp_ln661               | setlt      | auto                     | 0       |
|    icmp_ln661_1_fu_740_p2                                                       |     |        | icmp_ln661_1             | setlt      | auto                     | 0       |
|    icmp_ln661_2_fu_758_p2                                                       |     |        | icmp_ln661_2             | setlt      | auto                     | 0       |
|    icmp_ln661_3_fu_776_p2                                                       |     |        | icmp_ln661_3             | setlt      | auto                     | 0       |
|    icmp_ln661_4_fu_794_p2                                                       |     |        | icmp_ln661_4             | setlt      | auto                     | 0       |
|    icmp_ln661_5_fu_812_p2                                                       |     |        | icmp_ln661_5             | setlt      | auto                     | 0       |
|    icmp_ln661_6_fu_830_p2                                                       |     |        | icmp_ln661_6             | setlt      | auto                     | 0       |
|    icmp_ln661_7_fu_848_p2                                                       |     |        | icmp_ln661_7             | setlt      | auto                     | 0       |
|    icmp_ln661_8_fu_866_p2                                                       |     |        | icmp_ln661_8             | setlt      | auto                     | 0       |
|    icmp_ln661_9_fu_884_p2                                                       |     |        | icmp_ln661_9             | setlt      | auto                     | 0       |
|    icmp_ln661_10_fu_902_p2                                                      |     |        | icmp_ln661_10            | setlt      | auto                     | 0       |
|    icmp_ln661_11_fu_920_p2                                                      |     |        | icmp_ln661_11            | setlt      | auto                     | 0       |
|    icmp_ln661_12_fu_938_p2                                                      |     |        | icmp_ln661_12            | setlt      | auto                     | 0       |
|    icmp_ln661_13_fu_956_p2                                                      |     |        | icmp_ln661_13            | setlt      | auto                     | 0       |
|    icmp_ln661_14_fu_974_p2                                                      |     |        | icmp_ln661_14            | setlt      | auto                     | 0       |
|    icmp_ln661_15_fu_992_p2                                                      |     |        | icmp_ln661_15            | setlt      | auto                     | 0       |
|    add_ln654_fu_998_p2                                                          |     |        | add_ln654                | add        | fabric                   | 0       |
|  + conv_engine_Pipeline_LINE_BUF_TAIL_FILL                                      | 0   |        |                          |            |                          |         |
|    cond955_fu_864_p2                                                            |     |        | cond955                  | seteq      | auto                     | 0       |
|    icmp_ln669_fu_878_p2                                                         |     |        | icmp_ln669               | seteq      | auto                     | 0       |
|    add_ln669_fu_884_p2                                                          |     |        | add_ln669                | add        | fabric                   | 0       |
|    add_ln677_fu_1217_p2                                                         |     |        | add_ln677                | add        | fabric                   | 0       |
|    icmp_ln676_fu_926_p2                                                         |     |        | icmp_ln676               | setlt      | auto                     | 0       |
|    icmp_ln676_1_fu_944_p2                                                       |     |        | icmp_ln676_1             | setlt      | auto                     | 0       |
|    icmp_ln676_2_fu_962_p2                                                       |     |        | icmp_ln676_2             | setlt      | auto                     | 0       |
|    icmp_ln676_3_fu_980_p2                                                       |     |        | icmp_ln676_3             | setlt      | auto                     | 0       |
|    icmp_ln676_4_fu_998_p2                                                       |     |        | icmp_ln676_4             | setlt      | auto                     | 0       |
|    icmp_ln676_5_fu_1016_p2                                                      |     |        | icmp_ln676_5             | setlt      | auto                     | 0       |
|    icmp_ln676_6_fu_1034_p2                                                      |     |        | icmp_ln676_6             | setlt      | auto                     | 0       |
|    icmp_ln676_7_fu_1052_p2                                                      |     |        | icmp_ln676_7             | setlt      | auto                     | 0       |
|    icmp_ln676_8_fu_1070_p2                                                      |     |        | icmp_ln676_8             | setlt      | auto                     | 0       |
|    icmp_ln676_9_fu_1088_p2                                                      |     |        | icmp_ln676_9             | setlt      | auto                     | 0       |
|    icmp_ln676_10_fu_1106_p2                                                     |     |        | icmp_ln676_10            | setlt      | auto                     | 0       |
|    icmp_ln676_11_fu_1124_p2                                                     |     |        | icmp_ln676_11            | setlt      | auto                     | 0       |
|    icmp_ln676_12_fu_1142_p2                                                     |     |        | icmp_ln676_12            | setlt      | auto                     | 0       |
|    icmp_ln676_13_fu_1160_p2                                                     |     |        | icmp_ln676_13            | setlt      | auto                     | 0       |
|    icmp_ln676_14_fu_1178_p2                                                     |     |        | icmp_ln676_14            | setlt      | auto                     | 0       |
|    icmp_ln676_15_fu_1196_p2                                                     |     |        | icmp_ln676_15            | setlt      | auto                     | 0       |
|  + conv_engine_Pipeline_MAC_REDUCE_MAC_KY_MAC_KX                                | 192 |        |                          |            |                          |         |
|    cmp25_i33744_fu_3882_p2                                                      |     |        | cmp25_i33744             | setne      | auto                     | 0       |
|    select_ln771_fu_23588_p3                                                     |     |        | select_ln771             | select     | auto_sel                 | 0       |
|    select_ln771_1_fu_23596_p3                                                   |     |        | select_ln771_1           | select     | auto_sel                 | 0       |
|    select_ln771_2_fu_23604_p3                                                   |     |        | select_ln771_2           | select     | auto_sel                 | 0       |
|    select_ln771_3_fu_23612_p3                                                   |     |        | select_ln771_3           | select     | auto_sel                 | 0       |
|    select_ln771_4_fu_23620_p3                                                   |     |        | select_ln771_4           | select     | auto_sel                 | 0       |
|    select_ln771_5_fu_23628_p3                                                   |     |        | select_ln771_5           | select     | auto_sel                 | 0       |
|    select_ln771_6_fu_23636_p3                                                   |     |        | select_ln771_6           | select     | auto_sel                 | 0       |
|    select_ln771_7_fu_23644_p3                                                   |     |        | select_ln771_7           | select     | auto_sel                 | 0       |
|    select_ln771_8_fu_23652_p3                                                   |     |        | select_ln771_8           | select     | auto_sel                 | 0       |
|    select_ln771_9_fu_23660_p3                                                   |     |        | select_ln771_9           | select     | auto_sel                 | 0       |
|    select_ln771_10_fu_23668_p3                                                  |     |        | select_ln771_10          | select     | auto_sel                 | 0       |
|    select_ln771_11_fu_23676_p3                                                  |     |        | select_ln771_11          | select     | auto_sel                 | 0       |
|    select_ln771_12_fu_23684_p3                                                  |     |        | select_ln771_12          | select     | auto_sel                 | 0       |
|    select_ln771_13_fu_23692_p3                                                  |     |        | select_ln771_13          | select     | auto_sel                 | 0       |
|    select_ln771_14_fu_23700_p3                                                  |     |        | select_ln771_14          | select     | auto_sel                 | 0       |
|    select_ln771_15_fu_23708_p3                                                  |     |        | select_ln771_15          | select     | auto_sel                 | 0       |
|    select_ln771_16_fu_23716_p3                                                  |     |        | select_ln771_16          | select     | auto_sel                 | 0       |
|    select_ln771_17_fu_23724_p3                                                  |     |        | select_ln771_17          | select     | auto_sel                 | 0       |
|    select_ln771_18_fu_23732_p3                                                  |     |        | select_ln771_18          | select     | auto_sel                 | 0       |
|    select_ln771_19_fu_23740_p3                                                  |     |        | select_ln771_19          | select     | auto_sel                 | 0       |
|    select_ln771_20_fu_23748_p3                                                  |     |        | select_ln771_20          | select     | auto_sel                 | 0       |
|    select_ln771_21_fu_23756_p3                                                  |     |        | select_ln771_21          | select     | auto_sel                 | 0       |
|    select_ln771_22_fu_23764_p3                                                  |     |        | select_ln771_22          | select     | auto_sel                 | 0       |
|    select_ln771_23_fu_23772_p3                                                  |     |        | select_ln771_23          | select     | auto_sel                 | 0       |
|    icmp_ln771_fu_4156_p2                                                        |     |        | icmp_ln771               | seteq      | auto                     | 0       |
|    add_ln771_1_fu_4161_p2                                                       |     |        | add_ln771_1              | add        | fabric                   | 0       |
|    add_ln771_fu_4179_p2                                                         |     |        | add_ln771                | add        | fabric                   | 0       |
|    icmp_ln774_fu_4185_p2                                                        |     |        | icmp_ln774               | seteq      | auto                     | 0       |
|    select_ln771_24_fu_4190_p3                                                   |     |        | select_ln771_24          | select     | auto_sel                 | 0       |
|    select_ln771_25_fu_23780_p3                                                  |     |        | select_ln771_25          | select     | auto_sel                 | 0       |
|    select_ln771_26_fu_23787_p3                                                  |     |        | select_ln771_26          | select     | auto_sel                 | 0       |
|    select_ln771_27_fu_23794_p3                                                  |     |        | select_ln771_27          | select     | auto_sel                 | 0       |
|    select_ln771_28_fu_23801_p3                                                  |     |        | select_ln771_28          | select     | auto_sel                 | 0       |
|    select_ln771_29_fu_23808_p3                                                  |     |        | select_ln771_29          | select     | auto_sel                 | 0       |
|    select_ln771_30_fu_23815_p3                                                  |     |        | select_ln771_30          | select     | auto_sel                 | 0       |
|    select_ln771_31_fu_23822_p3                                                  |     |        | select_ln771_31          | select     | auto_sel                 | 0       |
|    select_ln771_32_fu_23829_p3                                                  |     |        | select_ln771_32          | select     | auto_sel                 | 0       |
|    select_ln771_33_fu_23836_p3                                                  |     |        | select_ln771_33          | select     | auto_sel                 | 0       |
|    select_ln771_34_fu_23843_p3                                                  |     |        | select_ln771_34          | select     | auto_sel                 | 0       |
|    select_ln771_35_fu_23850_p3                                                  |     |        | select_ln771_35          | select     | auto_sel                 | 0       |
|    select_ln771_36_fu_23857_p3                                                  |     |        | select_ln771_36          | select     | auto_sel                 | 0       |
|    select_ln771_37_fu_23864_p3                                                  |     |        | select_ln771_37          | select     | auto_sel                 | 0       |
|    select_ln771_38_fu_23871_p3                                                  |     |        | select_ln771_38          | select     | auto_sel                 | 0       |
|    select_ln771_39_fu_23878_p3                                                  |     |        | select_ln771_39          | select     | auto_sel                 | 0       |
|    select_ln771_40_fu_23885_p3                                                  |     |        | select_ln771_40          | select     | auto_sel                 | 0       |
|    select_ln771_41_fu_23892_p3                                                  |     |        | select_ln771_41          | select     | auto_sel                 | 0       |
|    select_ln771_42_fu_23899_p3                                                  |     |        | select_ln771_42          | select     | auto_sel                 | 0       |
|    select_ln771_43_fu_23906_p3                                                  |     |        | select_ln771_43          | select     | auto_sel                 | 0       |
|    select_ln771_44_fu_23913_p3                                                  |     |        | select_ln771_44          | select     | auto_sel                 | 0       |
|    select_ln771_45_fu_23920_p3                                                  |     |        | select_ln771_45          | select     | auto_sel                 | 0       |
|    select_ln771_46_fu_23927_p3                                                  |     |        | select_ln771_46          | select     | auto_sel                 | 0       |
|    select_ln771_47_fu_23934_p3                                                  |     |        | select_ln771_47          | select     | auto_sel                 | 0       |
|    select_ln771_48_fu_23941_p3                                                  |     |        | select_ln771_48          | select     | auto_sel                 | 0       |
|    icmp_ln774_1_fu_4198_p2                                                      |     |        | icmp_ln774_1             | seteq      | auto                     | 0       |
|    icmp_ln777_fu_4203_p2                                                        |     |        | icmp_ln777               | seteq      | auto                     | 0       |
|    select_ln771_49_fu_4208_p3                                                   |     |        | select_ln771_49          | select     | auto_sel                 | 0       |
|    select_ln771_50_fu_23948_p3                                                  |     |        | select_ln771_50          | select     | auto_sel                 | 0       |
|    select_ln771_51_fu_23955_p3                                                  |     |        | select_ln771_51          | select     | auto_sel                 | 0       |
|    select_ln771_52_fu_23962_p3                                                  |     |        | select_ln771_52          | select     | auto_sel                 | 0       |
|    select_ln771_53_fu_23969_p3                                                  |     |        | select_ln771_53          | select     | auto_sel                 | 0       |
|    select_ln771_54_fu_23976_p3                                                  |     |        | select_ln771_54          | select     | auto_sel                 | 0       |
|    select_ln771_55_fu_23983_p3                                                  |     |        | select_ln771_55          | select     | auto_sel                 | 0       |
|    select_ln771_56_fu_23990_p3                                                  |     |        | select_ln771_56          | select     | auto_sel                 | 0       |
|    select_ln771_57_fu_23997_p3                                                  |     |        | select_ln771_57          | select     | auto_sel                 | 0       |
|    select_ln771_58_fu_24004_p3                                                  |     |        | select_ln771_58          | select     | auto_sel                 | 0       |
|    select_ln771_59_fu_24011_p3                                                  |     |        | select_ln771_59          | select     | auto_sel                 | 0       |
|    select_ln771_60_fu_24018_p3                                                  |     |        | select_ln771_60          | select     | auto_sel                 | 0       |
|    select_ln771_61_fu_24025_p3                                                  |     |        | select_ln771_61          | select     | auto_sel                 | 0       |
|    select_ln771_62_fu_24032_p3                                                  |     |        | select_ln771_62          | select     | auto_sel                 | 0       |
|    select_ln771_63_fu_24039_p3                                                  |     |        | select_ln771_63          | select     | auto_sel                 | 0       |
|    select_ln771_64_fu_24046_p3                                                  |     |        | select_ln771_64          | select     | auto_sel                 | 0       |
|    select_ln771_65_fu_24053_p3                                                  |     |        | select_ln771_65          | select     | auto_sel                 | 0       |
|    select_ln771_66_fu_24060_p3                                                  |     |        | select_ln771_66          | select     | auto_sel                 | 0       |
|    select_ln771_67_fu_24067_p3                                                  |     |        | select_ln771_67          | select     | auto_sel                 | 0       |
|    select_ln771_68_fu_24074_p3                                                  |     |        | select_ln771_68          | select     | auto_sel                 | 0       |
|    select_ln771_69_fu_24081_p3                                                  |     |        | select_ln771_69          | select     | auto_sel                 | 0       |
|    select_ln771_70_fu_24088_p3                                                  |     |        | select_ln771_70          | select     | auto_sel                 | 0       |
|    select_ln771_71_fu_24095_p3                                                  |     |        | select_ln771_71          | select     | auto_sel                 | 0       |
|    select_ln771_72_fu_24102_p3                                                  |     |        | select_ln771_72          | select     | auto_sel                 | 0       |
|    select_ln771_73_fu_24109_p3                                                  |     |        | select_ln771_73          | select     | auto_sel                 | 0       |
|    select_ln771_74_fu_4216_p3                                                   |     |        | select_ln771_74          | select     | auto_sel                 | 0       |
|    add_ln774_fu_4224_p2                                                         |     |        | add_ln774                | add        | fabric                   | 0       |
|    p_mid259_fu_24116_p3                                                         |     |        | p_mid259                 | select     | auto_sel                 | 0       |
|    p_mid260_fu_24123_p3                                                         |     |        | p_mid260                 | select     | auto_sel                 | 0       |
|    p_mid261_fu_24130_p3                                                         |     |        | p_mid261                 | select     | auto_sel                 | 0       |
|    p_mid262_fu_24137_p3                                                         |     |        | p_mid262                 | select     | auto_sel                 | 0       |
|    p_mid263_fu_24144_p3                                                         |     |        | p_mid263                 | select     | auto_sel                 | 0       |
|    p_mid264_fu_24151_p3                                                         |     |        | p_mid264                 | select     | auto_sel                 | 0       |
|    p_mid265_fu_24158_p3                                                         |     |        | p_mid265                 | select     | auto_sel                 | 0       |
|    p_mid266_fu_24165_p3                                                         |     |        | p_mid266                 | select     | auto_sel                 | 0       |
|    p_mid267_fu_24172_p3                                                         |     |        | p_mid267                 | select     | auto_sel                 | 0       |
|    p_mid268_fu_24179_p3                                                         |     |        | p_mid268                 | select     | auto_sel                 | 0       |
|    p_mid269_fu_24186_p3                                                         |     |        | p_mid269                 | select     | auto_sel                 | 0       |
|    p_mid270_fu_24193_p3                                                         |     |        | p_mid270                 | select     | auto_sel                 | 0       |
|    p_mid271_fu_24200_p3                                                         |     |        | p_mid271                 | select     | auto_sel                 | 0       |
|    p_mid272_fu_24207_p3                                                         |     |        | p_mid272                 | select     | auto_sel                 | 0       |
|    p_mid273_fu_24214_p3                                                         |     |        | p_mid273                 | select     | auto_sel                 | 0       |
|    p_mid274_fu_24221_p3                                                         |     |        | p_mid274                 | select     | auto_sel                 | 0       |
|    p_mid275_fu_24228_p3                                                         |     |        | p_mid275                 | select     | auto_sel                 | 0       |
|    p_mid276_fu_24235_p3                                                         |     |        | p_mid276                 | select     | auto_sel                 | 0       |
|    p_mid277_fu_24242_p3                                                         |     |        | p_mid277                 | select     | auto_sel                 | 0       |
|    p_mid278_fu_24249_p3                                                         |     |        | p_mid278                 | select     | auto_sel                 | 0       |
|    p_mid279_fu_24256_p3                                                         |     |        | p_mid279                 | select     | auto_sel                 | 0       |
|    p_mid280_fu_24263_p3                                                         |     |        | p_mid280                 | select     | auto_sel                 | 0       |
|    p_mid281_fu_24270_p3                                                         |     |        | p_mid281                 | select     | auto_sel                 | 0       |
|    p_mid282_fu_24277_p3                                                         |     |        | p_mid282                 | select     | auto_sel                 | 0       |
|    empty_98_fu_4230_p2                                                          |     |        | empty_98                 | or         | auto                     | 0       |
|    kx_2_mid2_fu_4236_p3                                                         |     |        | kx_2_mid2                | select     | auto_sel                 | 0       |
|    select_ln774_fu_4244_p3                                                      |     |        | select_ln774             | select     | auto_sel                 | 0       |
|    sub_ln849_fu_4264_p2                                                         |     |        | sub_ln849                | sub        | fabric                   | 0       |
|    cmp311_i_fu_9247_p2                                                          |     |        | cmp311_i                 | setlt      | auto                     | 0       |
|    cmp311_i_1302_fu_9263_p2                                                     |     |        | cmp311_i_1302            | setlt      | auto                     | 0       |
|    cmp311_i_2340_fu_9279_p2                                                     |     |        | cmp311_i_2340            | setlt      | auto                     | 0       |
|    cmp311_i_3378_fu_9295_p2                                                     |     |        | cmp311_i_3378            | setlt      | auto                     | 0       |
|    cmp311_i_4416_fu_9311_p2                                                     |     |        | cmp311_i_4416            | setlt      | auto                     | 0       |
|    cmp311_i_5454_fu_9327_p2                                                     |     |        | cmp311_i_5454            | setlt      | auto                     | 0       |
|    cmp311_i_6492_fu_9343_p2                                                     |     |        | cmp311_i_6492            | setlt      | auto                     | 0       |
|    cmp311_i_7530_fu_9359_p2                                                     |     |        | cmp311_i_7530            | setlt      | auto                     | 0       |
|    cmp311_i_8568_fu_9375_p2                                                     |     |        | cmp311_i_8568            | setlt      | auto                     | 0       |
|    cmp311_i_9606_fu_9391_p2                                                     |     |        | cmp311_i_9606            | setlt      | auto                     | 0       |
|    cmp311_i_10644_fu_9407_p2                                                    |     |        | cmp311_i_10644           | setlt      | auto                     | 0       |
|    cmp311_i_11682_fu_9423_p2                                                    |     |        | cmp311_i_11682           | setlt      | auto                     | 0       |
|    cmp311_i_12_fu_9439_p2                                                       |     |        | cmp311_i_12              | setlt      | auto                     | 0       |
|    cmp311_i_13_fu_9455_p2                                                       |     |        | cmp311_i_13              | setlt      | auto                     | 0       |
|    cmp311_i_14_fu_9471_p2                                                       |     |        | cmp311_i_14              | setlt      | auto                     | 0       |
|    cmp311_i_15_fu_9487_p2                                                       |     |        | cmp311_i_15              | setlt      | auto                     | 0       |
|    add_ln849_fu_4282_p2                                                         |     |        | add_ln849                | add        | fabric                   | 0       |
|    mul_24s_8s_32_1_1_U458                                                       | 1   |        | product                  | mul        | auto                     | 0       |
|    contrib_hi_fu_9502_p2                                                        |     |        | contrib_hi               | add        | fabric                   | 0       |
|    contrib_hi_1_fu_9508_p3                                                      |     |        | contrib_hi_1             | select     | auto_sel                 | 0       |
|    contrib_lo_fu_9530_p2                                                        |     |        | contrib_lo               | sub        | fabric                   | 0       |
|    empty_100_fu_9536_p3                                                         |     |        | empty_100                | select     | auto_sel                 | 0       |
|    empty_101_fu_9548_p3                                                         |     |        | empty_101                | select     | auto_sel                 | 0       |
|    mul_24s_8s_32_1_1_U459                                                       | 1   |        | product_1                | mul        | auto                     | 0       |
|    contrib_hi_2_fu_9570_p2                                                      |     |        | contrib_hi_2             | add        | fabric                   | 0       |
|    contrib_hi_3_fu_9576_p3                                                      |     |        | contrib_hi_3             | select     | auto_sel                 | 0       |
|    contrib_lo_1_fu_9598_p2                                                      |     |        | contrib_lo_1             | sub        | fabric                   | 0       |
|    empty_102_fu_9604_p3                                                         |     |        | empty_102                | select     | auto_sel                 | 0       |
|    empty_103_fu_9616_p3                                                         |     |        | empty_103                | select     | auto_sel                 | 0       |
|    mul_24s_8s_32_1_1_U460                                                       | 1   |        | product_2                | mul        | auto                     | 0       |
|    contrib_hi_4_fu_9638_p2                                                      |     |        | contrib_hi_4             | add        | fabric                   | 0       |
|    contrib_hi_5_fu_9644_p3                                                      |     |        | contrib_hi_5             | select     | auto_sel                 | 0       |
|    contrib_lo_2_fu_9666_p2                                                      |     |        | contrib_lo_2             | sub        | fabric                   | 0       |
|    empty_104_fu_9672_p3                                                         |     |        | empty_104                | select     | auto_sel                 | 0       |
|    empty_105_fu_9684_p3                                                         |     |        | empty_105                | select     | auto_sel                 | 0       |
|    mul_24s_8s_32_1_1_U461                                                       | 1   |        | product_3                | mul        | auto                     | 0       |
|    contrib_hi_6_fu_9706_p2                                                      |     |        | contrib_hi_6             | add        | fabric                   | 0       |
|    contrib_hi_7_fu_9712_p3                                                      |     |        | contrib_hi_7             | select     | auto_sel                 | 0       |
|    contrib_lo_3_fu_9734_p2                                                      |     |        | contrib_lo_3             | sub        | fabric                   | 0       |
|    empty_106_fu_9740_p3                                                         |     |        | empty_106                | select     | auto_sel                 | 0       |
|    empty_107_fu_9752_p3                                                         |     |        | empty_107                | select     | auto_sel                 | 0       |
|    mul_24s_8s_32_1_1_U462                                                       | 1   |        | product_4                | mul        | auto                     | 0       |
|    contrib_hi_8_fu_9774_p2                                                      |     |        | contrib_hi_8             | add        | fabric                   | 0       |
|    contrib_hi_9_fu_9780_p3                                                      |     |        | contrib_hi_9             | select     | auto_sel                 | 0       |
|    contrib_lo_4_fu_9802_p2                                                      |     |        | contrib_lo_4             | sub        | fabric                   | 0       |
|    empty_108_fu_9808_p3                                                         |     |        | empty_108                | select     | auto_sel                 | 0       |
|    empty_109_fu_9820_p3                                                         |     |        | empty_109                | select     | auto_sel                 | 0       |
|    mul_24s_8s_32_1_1_U463                                                       | 1   |        | product_5                | mul        | auto                     | 0       |
|    contrib_hi_10_fu_9842_p2                                                     |     |        | contrib_hi_10            | add        | fabric                   | 0       |
|    contrib_hi_11_fu_9848_p3                                                     |     |        | contrib_hi_11            | select     | auto_sel                 | 0       |
|    contrib_lo_5_fu_9870_p2                                                      |     |        | contrib_lo_5             | sub        | fabric                   | 0       |
|    empty_110_fu_9876_p3                                                         |     |        | empty_110                | select     | auto_sel                 | 0       |
|    empty_111_fu_9888_p3                                                         |     |        | empty_111                | select     | auto_sel                 | 0       |
|    mul_24s_8s_32_1_1_U464                                                       | 1   |        | product_6                | mul        | auto                     | 0       |
|    contrib_hi_12_fu_9910_p2                                                     |     |        | contrib_hi_12            | add        | fabric                   | 0       |
|    contrib_hi_13_fu_9916_p3                                                     |     |        | contrib_hi_13            | select     | auto_sel                 | 0       |
|    contrib_lo_6_fu_9938_p2                                                      |     |        | contrib_lo_6             | sub        | fabric                   | 0       |
|    empty_112_fu_9944_p3                                                         |     |        | empty_112                | select     | auto_sel                 | 0       |
|    empty_113_fu_9956_p3                                                         |     |        | empty_113                | select     | auto_sel                 | 0       |
|    mul_24s_8s_32_1_1_U465                                                       | 1   |        | product_7                | mul        | auto                     | 0       |
|    contrib_hi_14_fu_9978_p2                                                     |     |        | contrib_hi_14            | add        | fabric                   | 0       |
|    contrib_hi_15_fu_9984_p3                                                     |     |        | contrib_hi_15            | select     | auto_sel                 | 0       |
|    contrib_lo_7_fu_10006_p2                                                     |     |        | contrib_lo_7             | sub        | fabric                   | 0       |
|    empty_114_fu_10012_p3                                                        |     |        | empty_114                | select     | auto_sel                 | 0       |
|    empty_115_fu_10024_p3                                                        |     |        | empty_115                | select     | auto_sel                 | 0       |
|    mul_24s_8s_32_1_1_U466                                                       | 1   |        | product_8                | mul        | auto                     | 0       |
|    contrib_hi_16_fu_10046_p2                                                    |     |        | contrib_hi_16            | add        | fabric                   | 0       |
|    contrib_hi_17_fu_10052_p3                                                    |     |        | contrib_hi_17            | select     | auto_sel                 | 0       |
|    contrib_lo_8_fu_10074_p2                                                     |     |        | contrib_lo_8             | sub        | fabric                   | 0       |
|    empty_116_fu_10080_p3                                                        |     |        | empty_116                | select     | auto_sel                 | 0       |
|    empty_117_fu_10092_p3                                                        |     |        | empty_117                | select     | auto_sel                 | 0       |
|    mul_24s_8s_32_1_1_U467                                                       | 1   |        | product_9                | mul        | auto                     | 0       |
|    contrib_hi_18_fu_10114_p2                                                    |     |        | contrib_hi_18            | add        | fabric                   | 0       |
|    contrib_hi_19_fu_10120_p3                                                    |     |        | contrib_hi_19            | select     | auto_sel                 | 0       |
|    contrib_lo_9_fu_10142_p2                                                     |     |        | contrib_lo_9             | sub        | fabric                   | 0       |
|    empty_118_fu_10148_p3                                                        |     |        | empty_118                | select     | auto_sel                 | 0       |
|    empty_119_fu_10160_p3                                                        |     |        | empty_119                | select     | auto_sel                 | 0       |
|    mul_24s_8s_32_1_1_U468                                                       | 1   |        | product_10               | mul        | auto                     | 0       |
|    contrib_hi_20_fu_10182_p2                                                    |     |        | contrib_hi_20            | add        | fabric                   | 0       |
|    contrib_hi_21_fu_10188_p3                                                    |     |        | contrib_hi_21            | select     | auto_sel                 | 0       |
|    contrib_lo_10_fu_10210_p2                                                    |     |        | contrib_lo_10            | sub        | fabric                   | 0       |
|    empty_120_fu_10216_p3                                                        |     |        | empty_120                | select     | auto_sel                 | 0       |
|    empty_121_fu_10228_p3                                                        |     |        | empty_121                | select     | auto_sel                 | 0       |
|    mul_24s_8s_32_1_1_U469                                                       | 1   |        | product_11               | mul        | auto                     | 0       |
|    contrib_hi_22_fu_10250_p2                                                    |     |        | contrib_hi_22            | add        | fabric                   | 0       |
|    contrib_hi_23_fu_10256_p3                                                    |     |        | contrib_hi_23            | select     | auto_sel                 | 0       |
|    contrib_lo_11_fu_10278_p2                                                    |     |        | contrib_lo_11            | sub        | fabric                   | 0       |
|    empty_122_fu_10284_p3                                                        |     |        | empty_122                | select     | auto_sel                 | 0       |
|    empty_123_fu_10296_p3                                                        |     |        | empty_123                | select     | auto_sel                 | 0       |
|    mul_24s_8s_32_1_1_U470                                                       | 1   |        | product_12               | mul        | auto                     | 0       |
|    contrib_hi_24_fu_10318_p2                                                    |     |        | contrib_hi_24            | add        | fabric                   | 0       |
|    contrib_hi_25_fu_10324_p3                                                    |     |        | contrib_hi_25            | select     | auto_sel                 | 0       |
|    contrib_lo_12_fu_10346_p2                                                    |     |        | contrib_lo_12            | sub        | fabric                   | 0       |
|    empty_124_fu_10352_p3                                                        |     |        | empty_124                | select     | auto_sel                 | 0       |
|    empty_125_fu_10364_p3                                                        |     |        | empty_125                | select     | auto_sel                 | 0       |
|    mul_24s_8s_32_1_1_U471                                                       | 1   |        | product_13               | mul        | auto                     | 0       |
|    contrib_hi_26_fu_10386_p2                                                    |     |        | contrib_hi_26            | add        | fabric                   | 0       |
|    contrib_hi_27_fu_10392_p3                                                    |     |        | contrib_hi_27            | select     | auto_sel                 | 0       |
|    contrib_lo_13_fu_10414_p2                                                    |     |        | contrib_lo_13            | sub        | fabric                   | 0       |
|    empty_126_fu_10420_p3                                                        |     |        | empty_126                | select     | auto_sel                 | 0       |
|    empty_127_fu_10432_p3                                                        |     |        | empty_127                | select     | auto_sel                 | 0       |
|    mul_24s_8s_32_1_1_U472                                                       | 1   |        | product_14               | mul        | auto                     | 0       |
|    contrib_hi_28_fu_10454_p2                                                    |     |        | contrib_hi_28            | add        | fabric                   | 0       |
|    contrib_hi_29_fu_10460_p3                                                    |     |        | contrib_hi_29            | select     | auto_sel                 | 0       |
|    contrib_lo_14_fu_10482_p2                                                    |     |        | contrib_lo_14            | sub        | fabric                   | 0       |
|    empty_128_fu_10488_p3                                                        |     |        | empty_128                | select     | auto_sel                 | 0       |
|    empty_129_fu_10500_p3                                                        |     |        | empty_129                | select     | auto_sel                 | 0       |
|    mul_24s_8s_32_1_1_U473                                                       | 1   |        | product_15               | mul        | auto                     | 0       |
|    contrib_hi_30_fu_10522_p2                                                    |     |        | contrib_hi_30            | add        | fabric                   | 0       |
|    contrib_hi_31_fu_10528_p3                                                    |     |        | contrib_hi_31            | select     | auto_sel                 | 0       |
|    contrib_lo_15_fu_10550_p2                                                    |     |        | contrib_lo_15            | sub        | fabric                   | 0       |
|    storemerge1273_fu_10556_p3                                                   |     |        | storemerge1273           | select     | auto_sel                 | 0       |
|    storemerge1272_fu_10568_p3                                                   |     |        | storemerge1272           | select     | auto_sel                 | 0       |
|    add_ln952_24_fu_10580_p2                                                     |     |        | add_ln952_24             | add        | fabric                   | 0       |
|    add_ln952_25_fu_10590_p2                                                     |     |        | add_ln952_25             | add        | fabric                   | 0       |
|    add_ln952_26_fu_10600_p2                                                     |     |        | add_ln952_26             | add        | fabric                   | 0       |
|    add_ln952_27_fu_10610_p2                                                     |     |        | add_ln952_27             | add        | fabric                   | 0       |
|    add_ln952_28_fu_10620_p2                                                     |     |        | add_ln952_28             | add        | fabric                   | 0       |
|    add_ln952_29_fu_10630_p2                                                     |     |        | add_ln952_29             | add        | fabric                   | 0       |
|    add_ln952_fu_10640_p2                                                        |     |        | add_ln952                | add        | fabric                   | 0       |
|    add_ln953_fu_10646_p2                                                        |     |        | add_ln953                | add        | fabric                   | 0       |
|    add_ln953_1_fu_10656_p2                                                      |     |        | add_ln953_1              | add        | fabric                   | 0       |
|    add_ln953_2_fu_10666_p2                                                      |     |        | add_ln953_2              | add        | fabric                   | 0       |
|    add_ln953_3_fu_10672_p2                                                      |     |        | add_ln953_3              | add        | fabric                   | 0       |
|    add_ln953_4_fu_10682_p2                                                      |     |        | add_ln953_4              | add        | fabric                   | 0       |
|    add_ln953_5_fu_10692_p2                                                      |     |        | add_ln953_5              | add        | fabric                   | 0       |
|    add_ln953_6_fu_24290_p2                                                      |     |        | add_ln953_6              | add        | fabric                   | 0       |
|    add_ln952_30_fu_10698_p2                                                     |     |        | add_ln952_30             | add        | fabric                   | 0       |
|    add_ln952_31_fu_10708_p2                                                     |     |        | add_ln952_31             | add        | fabric                   | 0       |
|    add_ln952_32_fu_10718_p2                                                     |     |        | add_ln952_32             | add        | fabric                   | 0       |
|    add_ln952_33_fu_10728_p2                                                     |     |        | add_ln952_33             | add        | fabric                   | 0       |
|    add_ln952_34_fu_10738_p2                                                     |     |        | add_ln952_34             | add        | fabric                   | 0       |
|    add_ln952_35_fu_10748_p2                                                     |     |        | add_ln952_35             | add        | fabric                   | 0       |
|    add_ln952_1_fu_10758_p2                                                      |     |        | add_ln952_1              | add        | fabric                   | 0       |
|    add_ln953_7_fu_10764_p2                                                      |     |        | add_ln953_7              | add        | fabric                   | 0       |
|    add_ln953_8_fu_10774_p2                                                      |     |        | add_ln953_8              | add        | fabric                   | 0       |
|    add_ln953_9_fu_10784_p2                                                      |     |        | add_ln953_9              | add        | fabric                   | 0       |
|    add_ln953_10_fu_10790_p2                                                     |     |        | add_ln953_10             | add        | fabric                   | 0       |
|    add_ln953_11_fu_10800_p2                                                     |     |        | add_ln953_11             | add        | fabric                   | 0       |
|    add_ln953_12_fu_10810_p2                                                     |     |        | add_ln953_12             | add        | fabric                   | 0       |
|    add_ln953_13_fu_24302_p2                                                     |     |        | add_ln953_13             | add        | fabric                   | 0       |
|    add_ln956_fu_24314_p2                                                        |     |        | add_ln956                | add        | fabric                   | 0       |
|    add_ln956_1_fu_24324_p2                                                      |     |        | add_ln956_1              | add        | fabric                   | 0       |
|    add_ln957_fu_24338_p2                                                        |     |        | add_ln957                | add        | fabric                   | 0       |
|    add_ln957_1_fu_24348_p2                                                      |     |        | add_ln957_1              | add        | fabric                   | 0       |
|    mul_24s_8s_32_1_1_U474                                                       | 1   |        | product_16               | mul        | auto                     | 0       |
|    contrib_hi_32_fu_10826_p2                                                    |     |        | contrib_hi_32            | add        | fabric                   | 0       |
|    contrib_hi_33_fu_10832_p3                                                    |     |        | contrib_hi_33            | select     | auto_sel                 | 0       |
|    contrib_lo_16_fu_10843_p2                                                    |     |        | contrib_lo_16            | sub        | fabric                   | 0       |
|    empty_130_fu_10849_p3                                                        |     |        | empty_130                | select     | auto_sel                 | 0       |
|    empty_131_fu_10861_p3                                                        |     |        | empty_131                | select     | auto_sel                 | 0       |
|    mul_24s_8s_32_1_1_U475                                                       | 1   |        | product_17               | mul        | auto                     | 0       |
|    contrib_hi_34_fu_10883_p2                                                    |     |        | contrib_hi_34            | add        | fabric                   | 0       |
|    contrib_hi_35_fu_10889_p3                                                    |     |        | contrib_hi_35            | select     | auto_sel                 | 0       |
|    contrib_lo_17_fu_10900_p2                                                    |     |        | contrib_lo_17            | sub        | fabric                   | 0       |
|    empty_132_fu_10906_p3                                                        |     |        | empty_132                | select     | auto_sel                 | 0       |
|    empty_133_fu_10918_p3                                                        |     |        | empty_133                | select     | auto_sel                 | 0       |
|    mul_24s_8s_32_1_1_U476                                                       | 1   |        | product_18               | mul        | auto                     | 0       |
|    contrib_hi_36_fu_10940_p2                                                    |     |        | contrib_hi_36            | add        | fabric                   | 0       |
|    contrib_hi_37_fu_10946_p3                                                    |     |        | contrib_hi_37            | select     | auto_sel                 | 0       |
|    contrib_lo_18_fu_10957_p2                                                    |     |        | contrib_lo_18            | sub        | fabric                   | 0       |
|    empty_134_fu_10963_p3                                                        |     |        | empty_134                | select     | auto_sel                 | 0       |
|    empty_135_fu_10975_p3                                                        |     |        | empty_135                | select     | auto_sel                 | 0       |
|    mul_24s_8s_32_1_1_U477                                                       | 1   |        | product_19               | mul        | auto                     | 0       |
|    contrib_hi_38_fu_10997_p2                                                    |     |        | contrib_hi_38            | add        | fabric                   | 0       |
|    contrib_hi_39_fu_11003_p3                                                    |     |        | contrib_hi_39            | select     | auto_sel                 | 0       |
|    contrib_lo_19_fu_11014_p2                                                    |     |        | contrib_lo_19            | sub        | fabric                   | 0       |
|    empty_136_fu_11020_p3                                                        |     |        | empty_136                | select     | auto_sel                 | 0       |
|    empty_137_fu_11032_p3                                                        |     |        | empty_137                | select     | auto_sel                 | 0       |
|    mul_24s_8s_32_1_1_U478                                                       | 1   |        | product_20               | mul        | auto                     | 0       |
|    contrib_hi_40_fu_11054_p2                                                    |     |        | contrib_hi_40            | add        | fabric                   | 0       |
|    contrib_hi_41_fu_11060_p3                                                    |     |        | contrib_hi_41            | select     | auto_sel                 | 0       |
|    contrib_lo_20_fu_11071_p2                                                    |     |        | contrib_lo_20            | sub        | fabric                   | 0       |
|    empty_138_fu_11077_p3                                                        |     |        | empty_138                | select     | auto_sel                 | 0       |
|    empty_139_fu_11089_p3                                                        |     |        | empty_139                | select     | auto_sel                 | 0       |
|    mul_24s_8s_32_1_1_U479                                                       | 1   |        | product_21               | mul        | auto                     | 0       |
|    contrib_hi_42_fu_11111_p2                                                    |     |        | contrib_hi_42            | add        | fabric                   | 0       |
|    contrib_hi_43_fu_11117_p3                                                    |     |        | contrib_hi_43            | select     | auto_sel                 | 0       |
|    contrib_lo_21_fu_11128_p2                                                    |     |        | contrib_lo_21            | sub        | fabric                   | 0       |
|    empty_140_fu_11134_p3                                                        |     |        | empty_140                | select     | auto_sel                 | 0       |
|    empty_141_fu_11146_p3                                                        |     |        | empty_141                | select     | auto_sel                 | 0       |
|    mul_24s_8s_32_1_1_U480                                                       | 1   |        | product_22               | mul        | auto                     | 0       |
|    contrib_hi_44_fu_11168_p2                                                    |     |        | contrib_hi_44            | add        | fabric                   | 0       |
|    contrib_hi_45_fu_11174_p3                                                    |     |        | contrib_hi_45            | select     | auto_sel                 | 0       |
|    contrib_lo_22_fu_11185_p2                                                    |     |        | contrib_lo_22            | sub        | fabric                   | 0       |
|    empty_142_fu_11191_p3                                                        |     |        | empty_142                | select     | auto_sel                 | 0       |
|    empty_143_fu_11203_p3                                                        |     |        | empty_143                | select     | auto_sel                 | 0       |
|    mul_24s_8s_32_1_1_U481                                                       | 1   |        | product_23               | mul        | auto                     | 0       |
|    contrib_hi_46_fu_11225_p2                                                    |     |        | contrib_hi_46            | add        | fabric                   | 0       |
|    contrib_hi_47_fu_11231_p3                                                    |     |        | contrib_hi_47            | select     | auto_sel                 | 0       |
|    contrib_lo_23_fu_11242_p2                                                    |     |        | contrib_lo_23            | sub        | fabric                   | 0       |
|    empty_144_fu_11248_p3                                                        |     |        | empty_144                | select     | auto_sel                 | 0       |
|    empty_145_fu_11260_p3                                                        |     |        | empty_145                | select     | auto_sel                 | 0       |
|    mul_24s_8s_32_1_1_U482                                                       | 1   |        | product_24               | mul        | auto                     | 0       |
|    contrib_hi_48_fu_11282_p2                                                    |     |        | contrib_hi_48            | add        | fabric                   | 0       |
|    contrib_hi_49_fu_11288_p3                                                    |     |        | contrib_hi_49            | select     | auto_sel                 | 0       |
|    contrib_lo_24_fu_11299_p2                                                    |     |        | contrib_lo_24            | sub        | fabric                   | 0       |
|    empty_146_fu_11305_p3                                                        |     |        | empty_146                | select     | auto_sel                 | 0       |
|    empty_147_fu_11317_p3                                                        |     |        | empty_147                | select     | auto_sel                 | 0       |
|    mul_24s_8s_32_1_1_U483                                                       | 1   |        | product_25               | mul        | auto                     | 0       |
|    contrib_hi_50_fu_11339_p2                                                    |     |        | contrib_hi_50            | add        | fabric                   | 0       |
|    contrib_hi_51_fu_11345_p3                                                    |     |        | contrib_hi_51            | select     | auto_sel                 | 0       |
|    contrib_lo_25_fu_11356_p2                                                    |     |        | contrib_lo_25            | sub        | fabric                   | 0       |
|    empty_148_fu_11362_p3                                                        |     |        | empty_148                | select     | auto_sel                 | 0       |
|    empty_149_fu_11374_p3                                                        |     |        | empty_149                | select     | auto_sel                 | 0       |
|    mul_24s_8s_32_1_1_U484                                                       | 1   |        | product_26               | mul        | auto                     | 0       |
|    contrib_hi_52_fu_11396_p2                                                    |     |        | contrib_hi_52            | add        | fabric                   | 0       |
|    contrib_hi_53_fu_11402_p3                                                    |     |        | contrib_hi_53            | select     | auto_sel                 | 0       |
|    contrib_lo_26_fu_11413_p2                                                    |     |        | contrib_lo_26            | sub        | fabric                   | 0       |
|    empty_150_fu_11419_p3                                                        |     |        | empty_150                | select     | auto_sel                 | 0       |
|    empty_151_fu_11431_p3                                                        |     |        | empty_151                | select     | auto_sel                 | 0       |
|    mul_24s_8s_32_1_1_U485                                                       | 1   |        | product_27               | mul        | auto                     | 0       |
|    contrib_hi_54_fu_11453_p2                                                    |     |        | contrib_hi_54            | add        | fabric                   | 0       |
|    contrib_hi_55_fu_11459_p3                                                    |     |        | contrib_hi_55            | select     | auto_sel                 | 0       |
|    contrib_lo_27_fu_11470_p2                                                    |     |        | contrib_lo_27            | sub        | fabric                   | 0       |
|    empty_152_fu_11476_p3                                                        |     |        | empty_152                | select     | auto_sel                 | 0       |
|    empty_153_fu_11488_p3                                                        |     |        | empty_153                | select     | auto_sel                 | 0       |
|    mul_24s_8s_32_1_1_U486                                                       | 1   |        | product_28               | mul        | auto                     | 0       |
|    contrib_hi_56_fu_11510_p2                                                    |     |        | contrib_hi_56            | add        | fabric                   | 0       |
|    contrib_hi_57_fu_11516_p3                                                    |     |        | contrib_hi_57            | select     | auto_sel                 | 0       |
|    contrib_lo_28_fu_11527_p2                                                    |     |        | contrib_lo_28            | sub        | fabric                   | 0       |
|    empty_154_fu_11533_p3                                                        |     |        | empty_154                | select     | auto_sel                 | 0       |
|    empty_155_fu_11545_p3                                                        |     |        | empty_155                | select     | auto_sel                 | 0       |
|    mul_24s_8s_32_1_1_U487                                                       | 1   |        | product_29               | mul        | auto                     | 0       |
|    contrib_hi_58_fu_11567_p2                                                    |     |        | contrib_hi_58            | add        | fabric                   | 0       |
|    contrib_hi_59_fu_11573_p3                                                    |     |        | contrib_hi_59            | select     | auto_sel                 | 0       |
|    contrib_lo_29_fu_11584_p2                                                    |     |        | contrib_lo_29            | sub        | fabric                   | 0       |
|    empty_156_fu_11590_p3                                                        |     |        | empty_156                | select     | auto_sel                 | 0       |
|    empty_157_fu_11602_p3                                                        |     |        | empty_157                | select     | auto_sel                 | 0       |
|    mul_24s_8s_32_1_1_U488                                                       | 1   |        | product_30               | mul        | auto                     | 0       |
|    contrib_hi_60_fu_11624_p2                                                    |     |        | contrib_hi_60            | add        | fabric                   | 0       |
|    contrib_hi_61_fu_11630_p3                                                    |     |        | contrib_hi_61            | select     | auto_sel                 | 0       |
|    contrib_lo_30_fu_11641_p2                                                    |     |        | contrib_lo_30            | sub        | fabric                   | 0       |
|    empty_158_fu_11647_p3                                                        |     |        | empty_158                | select     | auto_sel                 | 0       |
|    empty_159_fu_11659_p3                                                        |     |        | empty_159                | select     | auto_sel                 | 0       |
|    mul_24s_8s_32_1_1_U489                                                       | 1   |        | product_31               | mul        | auto                     | 0       |
|    contrib_hi_62_fu_11681_p2                                                    |     |        | contrib_hi_62            | add        | fabric                   | 0       |
|    contrib_hi_63_fu_11687_p3                                                    |     |        | contrib_hi_63            | select     | auto_sel                 | 0       |
|    contrib_lo_31_fu_11698_p2                                                    |     |        | contrib_lo_31            | sub        | fabric                   | 0       |
|    storemerge1060_fu_11704_p3                                                   |     |        | storemerge1060           | select     | auto_sel                 | 0       |
|    storemerge739_fu_11716_p3                                                    |     |        | storemerge739            | select     | auto_sel                 | 0       |
|    add_ln952_36_fu_11728_p2                                                     |     |        | add_ln952_36             | add        | fabric                   | 0       |
|    add_ln952_37_fu_11738_p2                                                     |     |        | add_ln952_37             | add        | fabric                   | 0       |
|    add_ln952_38_fu_11748_p2                                                     |     |        | add_ln952_38             | add        | fabric                   | 0       |
|    add_ln952_39_fu_11758_p2                                                     |     |        | add_ln952_39             | add        | fabric                   | 0       |
|    add_ln952_40_fu_11768_p2                                                     |     |        | add_ln952_40             | add        | fabric                   | 0       |
|    add_ln952_41_fu_11778_p2                                                     |     |        | add_ln952_41             | add        | fabric                   | 0       |
|    add_ln952_2_fu_11788_p2                                                      |     |        | add_ln952_2              | add        | fabric                   | 0       |
|    add_ln953_14_fu_11794_p2                                                     |     |        | add_ln953_14             | add        | fabric                   | 0       |
|    add_ln953_15_fu_11804_p2                                                     |     |        | add_ln953_15             | add        | fabric                   | 0       |
|    add_ln953_16_fu_11814_p2                                                     |     |        | add_ln953_16             | add        | fabric                   | 0       |
|    add_ln953_17_fu_11820_p2                                                     |     |        | add_ln953_17             | add        | fabric                   | 0       |
|    add_ln953_18_fu_11830_p2                                                     |     |        | add_ln953_18             | add        | fabric                   | 0       |
|    add_ln953_19_fu_11840_p2                                                     |     |        | add_ln953_19             | add        | fabric                   | 0       |
|    add_ln953_20_fu_24360_p2                                                     |     |        | add_ln953_20             | add        | fabric                   | 0       |
|    add_ln952_42_fu_11846_p2                                                     |     |        | add_ln952_42             | add        | fabric                   | 0       |
|    add_ln952_43_fu_11856_p2                                                     |     |        | add_ln952_43             | add        | fabric                   | 0       |
|    add_ln952_44_fu_11866_p2                                                     |     |        | add_ln952_44             | add        | fabric                   | 0       |
|    add_ln952_45_fu_11876_p2                                                     |     |        | add_ln952_45             | add        | fabric                   | 0       |
|    add_ln952_46_fu_11886_p2                                                     |     |        | add_ln952_46             | add        | fabric                   | 0       |
|    add_ln952_47_fu_11896_p2                                                     |     |        | add_ln952_47             | add        | fabric                   | 0       |
|    add_ln952_3_fu_11906_p2                                                      |     |        | add_ln952_3              | add        | fabric                   | 0       |
|    add_ln953_21_fu_11912_p2                                                     |     |        | add_ln953_21             | add        | fabric                   | 0       |
|    add_ln953_22_fu_11922_p2                                                     |     |        | add_ln953_22             | add        | fabric                   | 0       |
|    add_ln953_23_fu_11932_p2                                                     |     |        | add_ln953_23             | add        | fabric                   | 0       |
|    add_ln953_24_fu_11938_p2                                                     |     |        | add_ln953_24             | add        | fabric                   | 0       |
|    add_ln953_25_fu_11948_p2                                                     |     |        | add_ln953_25             | add        | fabric                   | 0       |
|    add_ln953_26_fu_11958_p2                                                     |     |        | add_ln953_26             | add        | fabric                   | 0       |
|    add_ln953_27_fu_24372_p2                                                     |     |        | add_ln953_27             | add        | fabric                   | 0       |
|    add_ln956_2_fu_24384_p2                                                      |     |        | add_ln956_2              | add        | fabric                   | 0       |
|    add_ln956_3_fu_24394_p2                                                      |     |        | add_ln956_3              | add        | fabric                   | 0       |
|    add_ln957_2_fu_24408_p2                                                      |     |        | add_ln957_2              | add        | fabric                   | 0       |
|    add_ln957_3_fu_24418_p2                                                      |     |        | add_ln957_3              | add        | fabric                   | 0       |
|    mul_24s_8s_32_1_1_U490                                                       | 1   |        | product_32               | mul        | auto                     | 0       |
|    contrib_hi_64_fu_11974_p2                                                    |     |        | contrib_hi_64            | add        | fabric                   | 0       |
|    contrib_hi_65_fu_11980_p3                                                    |     |        | contrib_hi_65            | select     | auto_sel                 | 0       |
|    contrib_lo_32_fu_11991_p2                                                    |     |        | contrib_lo_32            | sub        | fabric                   | 0       |
|    empty_160_fu_11997_p3                                                        |     |        | empty_160                | select     | auto_sel                 | 0       |
|    empty_161_fu_12009_p3                                                        |     |        | empty_161                | select     | auto_sel                 | 0       |
|    mul_24s_8s_32_1_1_U491                                                       | 1   |        | product_33               | mul        | auto                     | 0       |
|    contrib_hi_66_fu_12031_p2                                                    |     |        | contrib_hi_66            | add        | fabric                   | 0       |
|    contrib_hi_67_fu_12037_p3                                                    |     |        | contrib_hi_67            | select     | auto_sel                 | 0       |
|    contrib_lo_33_fu_12048_p2                                                    |     |        | contrib_lo_33            | sub        | fabric                   | 0       |
|    empty_162_fu_12054_p3                                                        |     |        | empty_162                | select     | auto_sel                 | 0       |
|    empty_163_fu_12066_p3                                                        |     |        | empty_163                | select     | auto_sel                 | 0       |
|    mul_24s_8s_32_1_1_U492                                                       | 1   |        | product_34               | mul        | auto                     | 0       |
|    contrib_hi_68_fu_12088_p2                                                    |     |        | contrib_hi_68            | add        | fabric                   | 0       |
|    contrib_hi_69_fu_12094_p3                                                    |     |        | contrib_hi_69            | select     | auto_sel                 | 0       |
|    contrib_lo_34_fu_12105_p2                                                    |     |        | contrib_lo_34            | sub        | fabric                   | 0       |
|    empty_164_fu_12111_p3                                                        |     |        | empty_164                | select     | auto_sel                 | 0       |
|    empty_165_fu_12123_p3                                                        |     |        | empty_165                | select     | auto_sel                 | 0       |
|    mul_24s_8s_32_1_1_U493                                                       | 1   |        | product_35               | mul        | auto                     | 0       |
|    contrib_hi_70_fu_12145_p2                                                    |     |        | contrib_hi_70            | add        | fabric                   | 0       |
|    contrib_hi_71_fu_12151_p3                                                    |     |        | contrib_hi_71            | select     | auto_sel                 | 0       |
|    contrib_lo_35_fu_12162_p2                                                    |     |        | contrib_lo_35            | sub        | fabric                   | 0       |
|    empty_166_fu_12168_p3                                                        |     |        | empty_166                | select     | auto_sel                 | 0       |
|    empty_167_fu_12180_p3                                                        |     |        | empty_167                | select     | auto_sel                 | 0       |
|    mul_24s_8s_32_1_1_U494                                                       | 1   |        | product_36               | mul        | auto                     | 0       |
|    contrib_hi_72_fu_12202_p2                                                    |     |        | contrib_hi_72            | add        | fabric                   | 0       |
|    contrib_hi_73_fu_12208_p3                                                    |     |        | contrib_hi_73            | select     | auto_sel                 | 0       |
|    contrib_lo_36_fu_12219_p2                                                    |     |        | contrib_lo_36            | sub        | fabric                   | 0       |
|    empty_168_fu_12225_p3                                                        |     |        | empty_168                | select     | auto_sel                 | 0       |
|    empty_169_fu_12237_p3                                                        |     |        | empty_169                | select     | auto_sel                 | 0       |
|    mul_24s_8s_32_1_1_U495                                                       | 1   |        | product_37               | mul        | auto                     | 0       |
|    contrib_hi_74_fu_12259_p2                                                    |     |        | contrib_hi_74            | add        | fabric                   | 0       |
|    contrib_hi_75_fu_12265_p3                                                    |     |        | contrib_hi_75            | select     | auto_sel                 | 0       |
|    contrib_lo_37_fu_12276_p2                                                    |     |        | contrib_lo_37            | sub        | fabric                   | 0       |
|    empty_170_fu_12282_p3                                                        |     |        | empty_170                | select     | auto_sel                 | 0       |
|    empty_171_fu_12294_p3                                                        |     |        | empty_171                | select     | auto_sel                 | 0       |
|    mul_24s_8s_32_1_1_U496                                                       | 1   |        | product_38               | mul        | auto                     | 0       |
|    contrib_hi_76_fu_12316_p2                                                    |     |        | contrib_hi_76            | add        | fabric                   | 0       |
|    contrib_hi_77_fu_12322_p3                                                    |     |        | contrib_hi_77            | select     | auto_sel                 | 0       |
|    contrib_lo_38_fu_12333_p2                                                    |     |        | contrib_lo_38            | sub        | fabric                   | 0       |
|    empty_172_fu_12339_p3                                                        |     |        | empty_172                | select     | auto_sel                 | 0       |
|    empty_173_fu_12351_p3                                                        |     |        | empty_173                | select     | auto_sel                 | 0       |
|    mul_24s_8s_32_1_1_U497                                                       | 1   |        | product_39               | mul        | auto                     | 0       |
|    contrib_hi_78_fu_12373_p2                                                    |     |        | contrib_hi_78            | add        | fabric                   | 0       |
|    contrib_hi_79_fu_12379_p3                                                    |     |        | contrib_hi_79            | select     | auto_sel                 | 0       |
|    contrib_lo_39_fu_12390_p2                                                    |     |        | contrib_lo_39            | sub        | fabric                   | 0       |
|    empty_174_fu_12396_p3                                                        |     |        | empty_174                | select     | auto_sel                 | 0       |
|    empty_175_fu_12408_p3                                                        |     |        | empty_175                | select     | auto_sel                 | 0       |
|    mul_24s_8s_32_1_1_U498                                                       | 1   |        | product_40               | mul        | auto                     | 0       |
|    contrib_hi_80_fu_12430_p2                                                    |     |        | contrib_hi_80            | add        | fabric                   | 0       |
|    contrib_hi_81_fu_12436_p3                                                    |     |        | contrib_hi_81            | select     | auto_sel                 | 0       |
|    contrib_lo_40_fu_12447_p2                                                    |     |        | contrib_lo_40            | sub        | fabric                   | 0       |
|    empty_176_fu_12453_p3                                                        |     |        | empty_176                | select     | auto_sel                 | 0       |
|    empty_177_fu_12465_p3                                                        |     |        | empty_177                | select     | auto_sel                 | 0       |
|    mul_24s_8s_32_1_1_U499                                                       | 1   |        | product_41               | mul        | auto                     | 0       |
|    contrib_hi_82_fu_12487_p2                                                    |     |        | contrib_hi_82            | add        | fabric                   | 0       |
|    contrib_hi_83_fu_12493_p3                                                    |     |        | contrib_hi_83            | select     | auto_sel                 | 0       |
|    contrib_lo_41_fu_12504_p2                                                    |     |        | contrib_lo_41            | sub        | fabric                   | 0       |
|    empty_178_fu_12510_p3                                                        |     |        | empty_178                | select     | auto_sel                 | 0       |
|    empty_179_fu_12522_p3                                                        |     |        | empty_179                | select     | auto_sel                 | 0       |
|    mul_24s_8s_32_1_1_U500                                                       | 1   |        | product_42               | mul        | auto                     | 0       |
|    contrib_hi_84_fu_12544_p2                                                    |     |        | contrib_hi_84            | add        | fabric                   | 0       |
|    contrib_hi_85_fu_12550_p3                                                    |     |        | contrib_hi_85            | select     | auto_sel                 | 0       |
|    contrib_lo_42_fu_12561_p2                                                    |     |        | contrib_lo_42            | sub        | fabric                   | 0       |
|    empty_180_fu_12567_p3                                                        |     |        | empty_180                | select     | auto_sel                 | 0       |
|    empty_181_fu_12579_p3                                                        |     |        | empty_181                | select     | auto_sel                 | 0       |
|    mul_24s_8s_32_1_1_U501                                                       | 1   |        | product_43               | mul        | auto                     | 0       |
|    contrib_hi_86_fu_12601_p2                                                    |     |        | contrib_hi_86            | add        | fabric                   | 0       |
|    contrib_hi_87_fu_12607_p3                                                    |     |        | contrib_hi_87            | select     | auto_sel                 | 0       |
|    contrib_lo_43_fu_12618_p2                                                    |     |        | contrib_lo_43            | sub        | fabric                   | 0       |
|    empty_182_fu_12624_p3                                                        |     |        | empty_182                | select     | auto_sel                 | 0       |
|    empty_183_fu_12636_p3                                                        |     |        | empty_183                | select     | auto_sel                 | 0       |
|    mul_24s_8s_32_1_1_U502                                                       | 1   |        | product_44               | mul        | auto                     | 0       |
|    contrib_hi_88_fu_12658_p2                                                    |     |        | contrib_hi_88            | add        | fabric                   | 0       |
|    contrib_hi_89_fu_12664_p3                                                    |     |        | contrib_hi_89            | select     | auto_sel                 | 0       |
|    contrib_lo_44_fu_12675_p2                                                    |     |        | contrib_lo_44            | sub        | fabric                   | 0       |
|    empty_184_fu_12681_p3                                                        |     |        | empty_184                | select     | auto_sel                 | 0       |
|    empty_185_fu_12693_p3                                                        |     |        | empty_185                | select     | auto_sel                 | 0       |
|    mul_24s_8s_32_1_1_U503                                                       | 1   |        | product_45               | mul        | auto                     | 0       |
|    contrib_hi_90_fu_12715_p2                                                    |     |        | contrib_hi_90            | add        | fabric                   | 0       |
|    contrib_hi_91_fu_12721_p3                                                    |     |        | contrib_hi_91            | select     | auto_sel                 | 0       |
|    contrib_lo_45_fu_12732_p2                                                    |     |        | contrib_lo_45            | sub        | fabric                   | 0       |
|    empty_186_fu_12738_p3                                                        |     |        | empty_186                | select     | auto_sel                 | 0       |
|    empty_187_fu_12750_p3                                                        |     |        | empty_187                | select     | auto_sel                 | 0       |
|    mul_24s_8s_32_1_1_U504                                                       | 1   |        | product_46               | mul        | auto                     | 0       |
|    contrib_hi_92_fu_12772_p2                                                    |     |        | contrib_hi_92            | add        | fabric                   | 0       |
|    contrib_hi_93_fu_12778_p3                                                    |     |        | contrib_hi_93            | select     | auto_sel                 | 0       |
|    contrib_lo_46_fu_12789_p2                                                    |     |        | contrib_lo_46            | sub        | fabric                   | 0       |
|    empty_188_fu_12795_p3                                                        |     |        | empty_188                | select     | auto_sel                 | 0       |
|    empty_189_fu_12807_p3                                                        |     |        | empty_189                | select     | auto_sel                 | 0       |
|    mul_24s_8s_32_1_1_U505                                                       | 1   |        | product_47               | mul        | auto                     | 0       |
|    contrib_hi_94_fu_12829_p2                                                    |     |        | contrib_hi_94            | add        | fabric                   | 0       |
|    contrib_hi_95_fu_12835_p3                                                    |     |        | contrib_hi_95            | select     | auto_sel                 | 0       |
|    contrib_lo_47_fu_12846_p2                                                    |     |        | contrib_lo_47            | sub        | fabric                   | 0       |
|    storemerge1044_fu_12852_p3                                                   |     |        | storemerge1044           | select     | auto_sel                 | 0       |
|    storemerge755_fu_12864_p3                                                    |     |        | storemerge755            | select     | auto_sel                 | 0       |
|    add_ln952_48_fu_12876_p2                                                     |     |        | add_ln952_48             | add        | fabric                   | 0       |
|    add_ln952_49_fu_12886_p2                                                     |     |        | add_ln952_49             | add        | fabric                   | 0       |
|    add_ln952_50_fu_12896_p2                                                     |     |        | add_ln952_50             | add        | fabric                   | 0       |
|    add_ln952_51_fu_12906_p2                                                     |     |        | add_ln952_51             | add        | fabric                   | 0       |
|    add_ln952_52_fu_12916_p2                                                     |     |        | add_ln952_52             | add        | fabric                   | 0       |
|    add_ln952_53_fu_12926_p2                                                     |     |        | add_ln952_53             | add        | fabric                   | 0       |
|    add_ln952_4_fu_12936_p2                                                      |     |        | add_ln952_4              | add        | fabric                   | 0       |
|    add_ln953_28_fu_12942_p2                                                     |     |        | add_ln953_28             | add        | fabric                   | 0       |
|    add_ln953_29_fu_12952_p2                                                     |     |        | add_ln953_29             | add        | fabric                   | 0       |
|    add_ln953_30_fu_12962_p2                                                     |     |        | add_ln953_30             | add        | fabric                   | 0       |
|    add_ln953_31_fu_12968_p2                                                     |     |        | add_ln953_31             | add        | fabric                   | 0       |
|    add_ln953_32_fu_12978_p2                                                     |     |        | add_ln953_32             | add        | fabric                   | 0       |
|    add_ln953_33_fu_12988_p2                                                     |     |        | add_ln953_33             | add        | fabric                   | 0       |
|    add_ln953_34_fu_24430_p2                                                     |     |        | add_ln953_34             | add        | fabric                   | 0       |
|    add_ln952_54_fu_12994_p2                                                     |     |        | add_ln952_54             | add        | fabric                   | 0       |
|    add_ln952_55_fu_13004_p2                                                     |     |        | add_ln952_55             | add        | fabric                   | 0       |
|    add_ln952_56_fu_13014_p2                                                     |     |        | add_ln952_56             | add        | fabric                   | 0       |
|    add_ln952_57_fu_13024_p2                                                     |     |        | add_ln952_57             | add        | fabric                   | 0       |
|    add_ln952_58_fu_13034_p2                                                     |     |        | add_ln952_58             | add        | fabric                   | 0       |
|    add_ln952_59_fu_13044_p2                                                     |     |        | add_ln952_59             | add        | fabric                   | 0       |
|    add_ln952_5_fu_13054_p2                                                      |     |        | add_ln952_5              | add        | fabric                   | 0       |
|    add_ln953_35_fu_13060_p2                                                     |     |        | add_ln953_35             | add        | fabric                   | 0       |
|    add_ln953_36_fu_13070_p2                                                     |     |        | add_ln953_36             | add        | fabric                   | 0       |
|    add_ln953_37_fu_13080_p2                                                     |     |        | add_ln953_37             | add        | fabric                   | 0       |
|    add_ln953_38_fu_13086_p2                                                     |     |        | add_ln953_38             | add        | fabric                   | 0       |
|    add_ln953_39_fu_13096_p2                                                     |     |        | add_ln953_39             | add        | fabric                   | 0       |
|    add_ln953_40_fu_13106_p2                                                     |     |        | add_ln953_40             | add        | fabric                   | 0       |
|    add_ln953_41_fu_24442_p2                                                     |     |        | add_ln953_41             | add        | fabric                   | 0       |
|    add_ln956_4_fu_24454_p2                                                      |     |        | add_ln956_4              | add        | fabric                   | 0       |
|    add_ln956_5_fu_24464_p2                                                      |     |        | add_ln956_5              | add        | fabric                   | 0       |
|    add_ln957_4_fu_24478_p2                                                      |     |        | add_ln957_4              | add        | fabric                   | 0       |
|    add_ln957_5_fu_24488_p2                                                      |     |        | add_ln957_5              | add        | fabric                   | 0       |
|    mul_24s_8s_32_1_1_U506                                                       | 1   |        | product_48               | mul        | auto                     | 0       |
|    contrib_hi_96_fu_13122_p2                                                    |     |        | contrib_hi_96            | add        | fabric                   | 0       |
|    contrib_hi_97_fu_13128_p3                                                    |     |        | contrib_hi_97            | select     | auto_sel                 | 0       |
|    contrib_lo_48_fu_13139_p2                                                    |     |        | contrib_lo_48            | sub        | fabric                   | 0       |
|    empty_190_fu_13145_p3                                                        |     |        | empty_190                | select     | auto_sel                 | 0       |
|    empty_191_fu_13157_p3                                                        |     |        | empty_191                | select     | auto_sel                 | 0       |
|    mul_24s_8s_32_1_1_U507                                                       | 1   |        | product_49               | mul        | auto                     | 0       |
|    contrib_hi_98_fu_13179_p2                                                    |     |        | contrib_hi_98            | add        | fabric                   | 0       |
|    contrib_hi_99_fu_13185_p3                                                    |     |        | contrib_hi_99            | select     | auto_sel                 | 0       |
|    contrib_lo_49_fu_13196_p2                                                    |     |        | contrib_lo_49            | sub        | fabric                   | 0       |
|    empty_192_fu_13202_p3                                                        |     |        | empty_192                | select     | auto_sel                 | 0       |
|    empty_193_fu_13214_p3                                                        |     |        | empty_193                | select     | auto_sel                 | 0       |
|    mul_24s_8s_32_1_1_U508                                                       | 1   |        | product_50               | mul        | auto                     | 0       |
|    contrib_hi_100_fu_13236_p2                                                   |     |        | contrib_hi_100           | add        | fabric                   | 0       |
|    contrib_hi_101_fu_13242_p3                                                   |     |        | contrib_hi_101           | select     | auto_sel                 | 0       |
|    contrib_lo_50_fu_13253_p2                                                    |     |        | contrib_lo_50            | sub        | fabric                   | 0       |
|    empty_194_fu_13259_p3                                                        |     |        | empty_194                | select     | auto_sel                 | 0       |
|    empty_195_fu_13271_p3                                                        |     |        | empty_195                | select     | auto_sel                 | 0       |
|    mul_24s_8s_32_1_1_U509                                                       | 1   |        | product_51               | mul        | auto                     | 0       |
|    contrib_hi_102_fu_13293_p2                                                   |     |        | contrib_hi_102           | add        | fabric                   | 0       |
|    contrib_hi_103_fu_13299_p3                                                   |     |        | contrib_hi_103           | select     | auto_sel                 | 0       |
|    contrib_lo_51_fu_13310_p2                                                    |     |        | contrib_lo_51            | sub        | fabric                   | 0       |
|    empty_196_fu_13316_p3                                                        |     |        | empty_196                | select     | auto_sel                 | 0       |
|    empty_197_fu_13328_p3                                                        |     |        | empty_197                | select     | auto_sel                 | 0       |
|    mul_24s_8s_32_1_1_U510                                                       | 1   |        | product_52               | mul        | auto                     | 0       |
|    contrib_hi_104_fu_13350_p2                                                   |     |        | contrib_hi_104           | add        | fabric                   | 0       |
|    contrib_hi_105_fu_13356_p3                                                   |     |        | contrib_hi_105           | select     | auto_sel                 | 0       |
|    contrib_lo_52_fu_13367_p2                                                    |     |        | contrib_lo_52            | sub        | fabric                   | 0       |
|    empty_198_fu_13373_p3                                                        |     |        | empty_198                | select     | auto_sel                 | 0       |
|    empty_199_fu_13385_p3                                                        |     |        | empty_199                | select     | auto_sel                 | 0       |
|    mul_24s_8s_32_1_1_U511                                                       | 1   |        | product_53               | mul        | auto                     | 0       |
|    contrib_hi_106_fu_13407_p2                                                   |     |        | contrib_hi_106           | add        | fabric                   | 0       |
|    contrib_hi_107_fu_13413_p3                                                   |     |        | contrib_hi_107           | select     | auto_sel                 | 0       |
|    contrib_lo_53_fu_13424_p2                                                    |     |        | contrib_lo_53            | sub        | fabric                   | 0       |
|    empty_200_fu_13430_p3                                                        |     |        | empty_200                | select     | auto_sel                 | 0       |
|    empty_201_fu_13442_p3                                                        |     |        | empty_201                | select     | auto_sel                 | 0       |
|    mul_24s_8s_32_1_1_U512                                                       | 1   |        | product_54               | mul        | auto                     | 0       |
|    contrib_hi_108_fu_13464_p2                                                   |     |        | contrib_hi_108           | add        | fabric                   | 0       |
|    contrib_hi_109_fu_13470_p3                                                   |     |        | contrib_hi_109           | select     | auto_sel                 | 0       |
|    contrib_lo_54_fu_13481_p2                                                    |     |        | contrib_lo_54            | sub        | fabric                   | 0       |
|    empty_202_fu_13487_p3                                                        |     |        | empty_202                | select     | auto_sel                 | 0       |
|    empty_203_fu_13499_p3                                                        |     |        | empty_203                | select     | auto_sel                 | 0       |
|    mul_24s_8s_32_1_1_U513                                                       | 1   |        | product_55               | mul        | auto                     | 0       |
|    contrib_hi_110_fu_13521_p2                                                   |     |        | contrib_hi_110           | add        | fabric                   | 0       |
|    contrib_hi_111_fu_13527_p3                                                   |     |        | contrib_hi_111           | select     | auto_sel                 | 0       |
|    contrib_lo_55_fu_13538_p2                                                    |     |        | contrib_lo_55            | sub        | fabric                   | 0       |
|    empty_204_fu_13544_p3                                                        |     |        | empty_204                | select     | auto_sel                 | 0       |
|    empty_205_fu_13556_p3                                                        |     |        | empty_205                | select     | auto_sel                 | 0       |
|    mul_24s_8s_32_1_1_U514                                                       | 1   |        | product_56               | mul        | auto                     | 0       |
|    contrib_hi_112_fu_13578_p2                                                   |     |        | contrib_hi_112           | add        | fabric                   | 0       |
|    contrib_hi_113_fu_13584_p3                                                   |     |        | contrib_hi_113           | select     | auto_sel                 | 0       |
|    contrib_lo_56_fu_13595_p2                                                    |     |        | contrib_lo_56            | sub        | fabric                   | 0       |
|    empty_206_fu_13601_p3                                                        |     |        | empty_206                | select     | auto_sel                 | 0       |
|    empty_207_fu_13613_p3                                                        |     |        | empty_207                | select     | auto_sel                 | 0       |
|    mul_24s_8s_32_1_1_U515                                                       | 1   |        | product_57               | mul        | auto                     | 0       |
|    contrib_hi_114_fu_13635_p2                                                   |     |        | contrib_hi_114           | add        | fabric                   | 0       |
|    contrib_hi_115_fu_13641_p3                                                   |     |        | contrib_hi_115           | select     | auto_sel                 | 0       |
|    contrib_lo_57_fu_13652_p2                                                    |     |        | contrib_lo_57            | sub        | fabric                   | 0       |
|    empty_208_fu_13658_p3                                                        |     |        | empty_208                | select     | auto_sel                 | 0       |
|    empty_209_fu_13670_p3                                                        |     |        | empty_209                | select     | auto_sel                 | 0       |
|    mul_24s_8s_32_1_1_U516                                                       | 1   |        | product_58               | mul        | auto                     | 0       |
|    contrib_hi_116_fu_13692_p2                                                   |     |        | contrib_hi_116           | add        | fabric                   | 0       |
|    contrib_hi_117_fu_13698_p3                                                   |     |        | contrib_hi_117           | select     | auto_sel                 | 0       |
|    contrib_lo_58_fu_13709_p2                                                    |     |        | contrib_lo_58            | sub        | fabric                   | 0       |
|    empty_210_fu_13715_p3                                                        |     |        | empty_210                | select     | auto_sel                 | 0       |
|    empty_211_fu_13727_p3                                                        |     |        | empty_211                | select     | auto_sel                 | 0       |
|    mul_24s_8s_32_1_1_U517                                                       | 1   |        | product_59               | mul        | auto                     | 0       |
|    contrib_hi_118_fu_13749_p2                                                   |     |        | contrib_hi_118           | add        | fabric                   | 0       |
|    contrib_hi_119_fu_13755_p3                                                   |     |        | contrib_hi_119           | select     | auto_sel                 | 0       |
|    contrib_lo_59_fu_13766_p2                                                    |     |        | contrib_lo_59            | sub        | fabric                   | 0       |
|    empty_212_fu_13772_p3                                                        |     |        | empty_212                | select     | auto_sel                 | 0       |
|    empty_213_fu_13784_p3                                                        |     |        | empty_213                | select     | auto_sel                 | 0       |
|    mul_24s_8s_32_1_1_U518                                                       | 1   |        | product_60               | mul        | auto                     | 0       |
|    contrib_hi_120_fu_13806_p2                                                   |     |        | contrib_hi_120           | add        | fabric                   | 0       |
|    contrib_hi_121_fu_13812_p3                                                   |     |        | contrib_hi_121           | select     | auto_sel                 | 0       |
|    contrib_lo_60_fu_13823_p2                                                    |     |        | contrib_lo_60            | sub        | fabric                   | 0       |
|    empty_214_fu_13829_p3                                                        |     |        | empty_214                | select     | auto_sel                 | 0       |
|    empty_215_fu_13841_p3                                                        |     |        | empty_215                | select     | auto_sel                 | 0       |
|    mul_24s_8s_32_1_1_U519                                                       | 1   |        | product_61               | mul        | auto                     | 0       |
|    contrib_hi_122_fu_13863_p2                                                   |     |        | contrib_hi_122           | add        | fabric                   | 0       |
|    contrib_hi_123_fu_13869_p3                                                   |     |        | contrib_hi_123           | select     | auto_sel                 | 0       |
|    contrib_lo_61_fu_13880_p2                                                    |     |        | contrib_lo_61            | sub        | fabric                   | 0       |
|    empty_216_fu_13886_p3                                                        |     |        | empty_216                | select     | auto_sel                 | 0       |
|    empty_217_fu_13898_p3                                                        |     |        | empty_217                | select     | auto_sel                 | 0       |
|    mul_24s_8s_32_1_1_U520                                                       | 1   |        | product_62               | mul        | auto                     | 0       |
|    contrib_hi_124_fu_13920_p2                                                   |     |        | contrib_hi_124           | add        | fabric                   | 0       |
|    contrib_hi_125_fu_13926_p3                                                   |     |        | contrib_hi_125           | select     | auto_sel                 | 0       |
|    contrib_lo_62_fu_13937_p2                                                    |     |        | contrib_lo_62            | sub        | fabric                   | 0       |
|    empty_218_fu_13943_p3                                                        |     |        | empty_218                | select     | auto_sel                 | 0       |
|    empty_219_fu_13955_p3                                                        |     |        | empty_219                | select     | auto_sel                 | 0       |
|    mul_24s_8s_32_1_1_U521                                                       | 1   |        | product_63               | mul        | auto                     | 0       |
|    contrib_hi_126_fu_13977_p2                                                   |     |        | contrib_hi_126           | add        | fabric                   | 0       |
|    contrib_hi_127_fu_13983_p3                                                   |     |        | contrib_hi_127           | select     | auto_sel                 | 0       |
|    contrib_lo_63_fu_13994_p2                                                    |     |        | contrib_lo_63            | sub        | fabric                   | 0       |
|    storemerge1028_fu_14000_p3                                                   |     |        | storemerge1028           | select     | auto_sel                 | 0       |
|    storemerge771_fu_14012_p3                                                    |     |        | storemerge771            | select     | auto_sel                 | 0       |
|    add_ln952_60_fu_14024_p2                                                     |     |        | add_ln952_60             | add        | fabric                   | 0       |
|    add_ln952_61_fu_14034_p2                                                     |     |        | add_ln952_61             | add        | fabric                   | 0       |
|    add_ln952_62_fu_14044_p2                                                     |     |        | add_ln952_62             | add        | fabric                   | 0       |
|    add_ln952_63_fu_14054_p2                                                     |     |        | add_ln952_63             | add        | fabric                   | 0       |
|    add_ln952_64_fu_14064_p2                                                     |     |        | add_ln952_64             | add        | fabric                   | 0       |
|    add_ln952_65_fu_14074_p2                                                     |     |        | add_ln952_65             | add        | fabric                   | 0       |
|    add_ln952_6_fu_14084_p2                                                      |     |        | add_ln952_6              | add        | fabric                   | 0       |
|    add_ln953_42_fu_14090_p2                                                     |     |        | add_ln953_42             | add        | fabric                   | 0       |
|    add_ln953_43_fu_14100_p2                                                     |     |        | add_ln953_43             | add        | fabric                   | 0       |
|    add_ln953_44_fu_14110_p2                                                     |     |        | add_ln953_44             | add        | fabric                   | 0       |
|    add_ln953_45_fu_14116_p2                                                     |     |        | add_ln953_45             | add        | fabric                   | 0       |
|    add_ln953_46_fu_14126_p2                                                     |     |        | add_ln953_46             | add        | fabric                   | 0       |
|    add_ln953_47_fu_14136_p2                                                     |     |        | add_ln953_47             | add        | fabric                   | 0       |
|    add_ln953_48_fu_24500_p2                                                     |     |        | add_ln953_48             | add        | fabric                   | 0       |
|    add_ln952_66_fu_14142_p2                                                     |     |        | add_ln952_66             | add        | fabric                   | 0       |
|    add_ln952_67_fu_14152_p2                                                     |     |        | add_ln952_67             | add        | fabric                   | 0       |
|    add_ln952_68_fu_14162_p2                                                     |     |        | add_ln952_68             | add        | fabric                   | 0       |
|    add_ln952_69_fu_14172_p2                                                     |     |        | add_ln952_69             | add        | fabric                   | 0       |
|    add_ln952_70_fu_14182_p2                                                     |     |        | add_ln952_70             | add        | fabric                   | 0       |
|    add_ln952_71_fu_14192_p2                                                     |     |        | add_ln952_71             | add        | fabric                   | 0       |
|    add_ln952_7_fu_14202_p2                                                      |     |        | add_ln952_7              | add        | fabric                   | 0       |
|    add_ln953_49_fu_14208_p2                                                     |     |        | add_ln953_49             | add        | fabric                   | 0       |
|    add_ln953_50_fu_14218_p2                                                     |     |        | add_ln953_50             | add        | fabric                   | 0       |
|    add_ln953_51_fu_14228_p2                                                     |     |        | add_ln953_51             | add        | fabric                   | 0       |
|    add_ln953_52_fu_14234_p2                                                     |     |        | add_ln953_52             | add        | fabric                   | 0       |
|    add_ln953_53_fu_14244_p2                                                     |     |        | add_ln953_53             | add        | fabric                   | 0       |
|    add_ln953_54_fu_14254_p2                                                     |     |        | add_ln953_54             | add        | fabric                   | 0       |
|    add_ln953_55_fu_24512_p2                                                     |     |        | add_ln953_55             | add        | fabric                   | 0       |
|    add_ln956_6_fu_24524_p2                                                      |     |        | add_ln956_6              | add        | fabric                   | 0       |
|    add_ln956_7_fu_24534_p2                                                      |     |        | add_ln956_7              | add        | fabric                   | 0       |
|    add_ln957_6_fu_24548_p2                                                      |     |        | add_ln957_6              | add        | fabric                   | 0       |
|    add_ln957_7_fu_24558_p2                                                      |     |        | add_ln957_7              | add        | fabric                   | 0       |
|    mul_24s_8s_32_1_1_U522                                                       | 1   |        | product_64               | mul        | auto                     | 0       |
|    contrib_hi_128_fu_14270_p2                                                   |     |        | contrib_hi_128           | add        | fabric                   | 0       |
|    contrib_hi_129_fu_14276_p3                                                   |     |        | contrib_hi_129           | select     | auto_sel                 | 0       |
|    contrib_lo_64_fu_14287_p2                                                    |     |        | contrib_lo_64            | sub        | fabric                   | 0       |
|    empty_220_fu_14293_p3                                                        |     |        | empty_220                | select     | auto_sel                 | 0       |
|    empty_221_fu_14305_p3                                                        |     |        | empty_221                | select     | auto_sel                 | 0       |
|    mul_24s_8s_32_1_1_U523                                                       | 1   |        | product_65               | mul        | auto                     | 0       |
|    contrib_hi_130_fu_14327_p2                                                   |     |        | contrib_hi_130           | add        | fabric                   | 0       |
|    contrib_hi_131_fu_14333_p3                                                   |     |        | contrib_hi_131           | select     | auto_sel                 | 0       |
|    contrib_lo_65_fu_14344_p2                                                    |     |        | contrib_lo_65            | sub        | fabric                   | 0       |
|    empty_222_fu_14350_p3                                                        |     |        | empty_222                | select     | auto_sel                 | 0       |
|    empty_223_fu_14362_p3                                                        |     |        | empty_223                | select     | auto_sel                 | 0       |
|    mul_24s_8s_32_1_1_U524                                                       | 1   |        | product_66               | mul        | auto                     | 0       |
|    contrib_hi_132_fu_14384_p2                                                   |     |        | contrib_hi_132           | add        | fabric                   | 0       |
|    contrib_hi_133_fu_14390_p3                                                   |     |        | contrib_hi_133           | select     | auto_sel                 | 0       |
|    contrib_lo_66_fu_14401_p2                                                    |     |        | contrib_lo_66            | sub        | fabric                   | 0       |
|    empty_224_fu_14407_p3                                                        |     |        | empty_224                | select     | auto_sel                 | 0       |
|    empty_225_fu_14419_p3                                                        |     |        | empty_225                | select     | auto_sel                 | 0       |
|    mul_24s_8s_32_1_1_U525                                                       | 1   |        | product_67               | mul        | auto                     | 0       |
|    contrib_hi_134_fu_14441_p2                                                   |     |        | contrib_hi_134           | add        | fabric                   | 0       |
|    contrib_hi_135_fu_14447_p3                                                   |     |        | contrib_hi_135           | select     | auto_sel                 | 0       |
|    contrib_lo_67_fu_14458_p2                                                    |     |        | contrib_lo_67            | sub        | fabric                   | 0       |
|    empty_226_fu_14464_p3                                                        |     |        | empty_226                | select     | auto_sel                 | 0       |
|    empty_227_fu_14476_p3                                                        |     |        | empty_227                | select     | auto_sel                 | 0       |
|    mul_24s_8s_32_1_1_U526                                                       | 1   |        | product_68               | mul        | auto                     | 0       |
|    contrib_hi_136_fu_14498_p2                                                   |     |        | contrib_hi_136           | add        | fabric                   | 0       |
|    contrib_hi_137_fu_14504_p3                                                   |     |        | contrib_hi_137           | select     | auto_sel                 | 0       |
|    contrib_lo_68_fu_14515_p2                                                    |     |        | contrib_lo_68            | sub        | fabric                   | 0       |
|    empty_228_fu_14521_p3                                                        |     |        | empty_228                | select     | auto_sel                 | 0       |
|    empty_229_fu_14533_p3                                                        |     |        | empty_229                | select     | auto_sel                 | 0       |
|    mul_24s_8s_32_1_1_U527                                                       | 1   |        | product_69               | mul        | auto                     | 0       |
|    contrib_hi_138_fu_14555_p2                                                   |     |        | contrib_hi_138           | add        | fabric                   | 0       |
|    contrib_hi_139_fu_14561_p3                                                   |     |        | contrib_hi_139           | select     | auto_sel                 | 0       |
|    contrib_lo_69_fu_14572_p2                                                    |     |        | contrib_lo_69            | sub        | fabric                   | 0       |
|    empty_230_fu_14578_p3                                                        |     |        | empty_230                | select     | auto_sel                 | 0       |
|    empty_231_fu_14590_p3                                                        |     |        | empty_231                | select     | auto_sel                 | 0       |
|    mul_24s_8s_32_1_1_U528                                                       | 1   |        | product_70               | mul        | auto                     | 0       |
|    contrib_hi_140_fu_14612_p2                                                   |     |        | contrib_hi_140           | add        | fabric                   | 0       |
|    contrib_hi_141_fu_14618_p3                                                   |     |        | contrib_hi_141           | select     | auto_sel                 | 0       |
|    contrib_lo_70_fu_14629_p2                                                    |     |        | contrib_lo_70            | sub        | fabric                   | 0       |
|    empty_232_fu_14635_p3                                                        |     |        | empty_232                | select     | auto_sel                 | 0       |
|    empty_233_fu_14647_p3                                                        |     |        | empty_233                | select     | auto_sel                 | 0       |
|    mul_24s_8s_32_1_1_U529                                                       | 1   |        | product_71               | mul        | auto                     | 0       |
|    contrib_hi_142_fu_14669_p2                                                   |     |        | contrib_hi_142           | add        | fabric                   | 0       |
|    contrib_hi_143_fu_14675_p3                                                   |     |        | contrib_hi_143           | select     | auto_sel                 | 0       |
|    contrib_lo_71_fu_14686_p2                                                    |     |        | contrib_lo_71            | sub        | fabric                   | 0       |
|    empty_234_fu_14692_p3                                                        |     |        | empty_234                | select     | auto_sel                 | 0       |
|    empty_235_fu_14704_p3                                                        |     |        | empty_235                | select     | auto_sel                 | 0       |
|    mul_24s_8s_32_1_1_U530                                                       | 1   |        | product_72               | mul        | auto                     | 0       |
|    contrib_hi_144_fu_14726_p2                                                   |     |        | contrib_hi_144           | add        | fabric                   | 0       |
|    contrib_hi_145_fu_14732_p3                                                   |     |        | contrib_hi_145           | select     | auto_sel                 | 0       |
|    contrib_lo_72_fu_14743_p2                                                    |     |        | contrib_lo_72            | sub        | fabric                   | 0       |
|    empty_236_fu_14749_p3                                                        |     |        | empty_236                | select     | auto_sel                 | 0       |
|    empty_237_fu_14761_p3                                                        |     |        | empty_237                | select     | auto_sel                 | 0       |
|    mul_24s_8s_32_1_1_U531                                                       | 1   |        | product_73               | mul        | auto                     | 0       |
|    contrib_hi_146_fu_14783_p2                                                   |     |        | contrib_hi_146           | add        | fabric                   | 0       |
|    contrib_hi_147_fu_14789_p3                                                   |     |        | contrib_hi_147           | select     | auto_sel                 | 0       |
|    contrib_lo_73_fu_14800_p2                                                    |     |        | contrib_lo_73            | sub        | fabric                   | 0       |
|    empty_238_fu_14806_p3                                                        |     |        | empty_238                | select     | auto_sel                 | 0       |
|    empty_239_fu_14818_p3                                                        |     |        | empty_239                | select     | auto_sel                 | 0       |
|    mul_24s_8s_32_1_1_U532                                                       | 1   |        | product_74               | mul        | auto                     | 0       |
|    contrib_hi_148_fu_14840_p2                                                   |     |        | contrib_hi_148           | add        | fabric                   | 0       |
|    contrib_hi_149_fu_14846_p3                                                   |     |        | contrib_hi_149           | select     | auto_sel                 | 0       |
|    contrib_lo_74_fu_14857_p2                                                    |     |        | contrib_lo_74            | sub        | fabric                   | 0       |
|    empty_240_fu_14863_p3                                                        |     |        | empty_240                | select     | auto_sel                 | 0       |
|    empty_241_fu_14875_p3                                                        |     |        | empty_241                | select     | auto_sel                 | 0       |
|    mul_24s_8s_32_1_1_U533                                                       | 1   |        | product_75               | mul        | auto                     | 0       |
|    contrib_hi_150_fu_14897_p2                                                   |     |        | contrib_hi_150           | add        | fabric                   | 0       |
|    contrib_hi_151_fu_14903_p3                                                   |     |        | contrib_hi_151           | select     | auto_sel                 | 0       |
|    contrib_lo_75_fu_14914_p2                                                    |     |        | contrib_lo_75            | sub        | fabric                   | 0       |
|    empty_242_fu_14920_p3                                                        |     |        | empty_242                | select     | auto_sel                 | 0       |
|    empty_243_fu_14932_p3                                                        |     |        | empty_243                | select     | auto_sel                 | 0       |
|    mul_24s_8s_32_1_1_U534                                                       | 1   |        | product_76               | mul        | auto                     | 0       |
|    contrib_hi_152_fu_14954_p2                                                   |     |        | contrib_hi_152           | add        | fabric                   | 0       |
|    contrib_hi_153_fu_14960_p3                                                   |     |        | contrib_hi_153           | select     | auto_sel                 | 0       |
|    contrib_lo_76_fu_14971_p2                                                    |     |        | contrib_lo_76            | sub        | fabric                   | 0       |
|    empty_244_fu_14977_p3                                                        |     |        | empty_244                | select     | auto_sel                 | 0       |
|    empty_245_fu_14989_p3                                                        |     |        | empty_245                | select     | auto_sel                 | 0       |
|    mul_24s_8s_32_1_1_U535                                                       | 1   |        | product_77               | mul        | auto                     | 0       |
|    contrib_hi_154_fu_15011_p2                                                   |     |        | contrib_hi_154           | add        | fabric                   | 0       |
|    contrib_hi_155_fu_15017_p3                                                   |     |        | contrib_hi_155           | select     | auto_sel                 | 0       |
|    contrib_lo_77_fu_15028_p2                                                    |     |        | contrib_lo_77            | sub        | fabric                   | 0       |
|    empty_246_fu_15034_p3                                                        |     |        | empty_246                | select     | auto_sel                 | 0       |
|    empty_247_fu_15046_p3                                                        |     |        | empty_247                | select     | auto_sel                 | 0       |
|    mul_24s_8s_32_1_1_U536                                                       | 1   |        | product_78               | mul        | auto                     | 0       |
|    contrib_hi_156_fu_15068_p2                                                   |     |        | contrib_hi_156           | add        | fabric                   | 0       |
|    contrib_hi_157_fu_15074_p3                                                   |     |        | contrib_hi_157           | select     | auto_sel                 | 0       |
|    contrib_lo_78_fu_15085_p2                                                    |     |        | contrib_lo_78            | sub        | fabric                   | 0       |
|    empty_248_fu_15091_p3                                                        |     |        | empty_248                | select     | auto_sel                 | 0       |
|    empty_249_fu_15103_p3                                                        |     |        | empty_249                | select     | auto_sel                 | 0       |
|    mul_24s_8s_32_1_1_U537                                                       | 1   |        | product_79               | mul        | auto                     | 0       |
|    contrib_hi_158_fu_15125_p2                                                   |     |        | contrib_hi_158           | add        | fabric                   | 0       |
|    contrib_hi_159_fu_15131_p3                                                   |     |        | contrib_hi_159           | select     | auto_sel                 | 0       |
|    contrib_lo_79_fu_15142_p2                                                    |     |        | contrib_lo_79            | sub        | fabric                   | 0       |
|    storemerge1012_fu_15148_p3                                                   |     |        | storemerge1012           | select     | auto_sel                 | 0       |
|    storemerge787_fu_15160_p3                                                    |     |        | storemerge787            | select     | auto_sel                 | 0       |
|    add_ln952_72_fu_15172_p2                                                     |     |        | add_ln952_72             | add        | fabric                   | 0       |
|    add_ln952_73_fu_15182_p2                                                     |     |        | add_ln952_73             | add        | fabric                   | 0       |
|    add_ln952_74_fu_15192_p2                                                     |     |        | add_ln952_74             | add        | fabric                   | 0       |
|    add_ln952_75_fu_15202_p2                                                     |     |        | add_ln952_75             | add        | fabric                   | 0       |
|    add_ln952_76_fu_15212_p2                                                     |     |        | add_ln952_76             | add        | fabric                   | 0       |
|    add_ln952_77_fu_15222_p2                                                     |     |        | add_ln952_77             | add        | fabric                   | 0       |
|    add_ln952_8_fu_15232_p2                                                      |     |        | add_ln952_8              | add        | fabric                   | 0       |
|    add_ln953_56_fu_15238_p2                                                     |     |        | add_ln953_56             | add        | fabric                   | 0       |
|    add_ln953_57_fu_15248_p2                                                     |     |        | add_ln953_57             | add        | fabric                   | 0       |
|    add_ln953_58_fu_15258_p2                                                     |     |        | add_ln953_58             | add        | fabric                   | 0       |
|    add_ln953_59_fu_15264_p2                                                     |     |        | add_ln953_59             | add        | fabric                   | 0       |
|    add_ln953_60_fu_15274_p2                                                     |     |        | add_ln953_60             | add        | fabric                   | 0       |
|    add_ln953_61_fu_15284_p2                                                     |     |        | add_ln953_61             | add        | fabric                   | 0       |
|    add_ln953_62_fu_24570_p2                                                     |     |        | add_ln953_62             | add        | fabric                   | 0       |
|    add_ln952_78_fu_15290_p2                                                     |     |        | add_ln952_78             | add        | fabric                   | 0       |
|    add_ln952_79_fu_15300_p2                                                     |     |        | add_ln952_79             | add        | fabric                   | 0       |
|    add_ln952_80_fu_15310_p2                                                     |     |        | add_ln952_80             | add        | fabric                   | 0       |
|    add_ln952_81_fu_15320_p2                                                     |     |        | add_ln952_81             | add        | fabric                   | 0       |
|    add_ln952_82_fu_15330_p2                                                     |     |        | add_ln952_82             | add        | fabric                   | 0       |
|    add_ln952_83_fu_15340_p2                                                     |     |        | add_ln952_83             | add        | fabric                   | 0       |
|    add_ln952_9_fu_15350_p2                                                      |     |        | add_ln952_9              | add        | fabric                   | 0       |
|    add_ln953_63_fu_15356_p2                                                     |     |        | add_ln953_63             | add        | fabric                   | 0       |
|    add_ln953_64_fu_15366_p2                                                     |     |        | add_ln953_64             | add        | fabric                   | 0       |
|    add_ln953_65_fu_15376_p2                                                     |     |        | add_ln953_65             | add        | fabric                   | 0       |
|    add_ln953_66_fu_15382_p2                                                     |     |        | add_ln953_66             | add        | fabric                   | 0       |
|    add_ln953_67_fu_15392_p2                                                     |     |        | add_ln953_67             | add        | fabric                   | 0       |
|    add_ln953_68_fu_15402_p2                                                     |     |        | add_ln953_68             | add        | fabric                   | 0       |
|    add_ln953_69_fu_24582_p2                                                     |     |        | add_ln953_69             | add        | fabric                   | 0       |
|    add_ln956_8_fu_24594_p2                                                      |     |        | add_ln956_8              | add        | fabric                   | 0       |
|    add_ln956_9_fu_24604_p2                                                      |     |        | add_ln956_9              | add        | fabric                   | 0       |
|    add_ln957_8_fu_24618_p2                                                      |     |        | add_ln957_8              | add        | fabric                   | 0       |
|    add_ln957_9_fu_24628_p2                                                      |     |        | add_ln957_9              | add        | fabric                   | 0       |
|    mul_24s_8s_32_1_1_U538                                                       | 1   |        | product_80               | mul        | auto                     | 0       |
|    contrib_hi_160_fu_15418_p2                                                   |     |        | contrib_hi_160           | add        | fabric                   | 0       |
|    contrib_hi_161_fu_15424_p3                                                   |     |        | contrib_hi_161           | select     | auto_sel                 | 0       |
|    contrib_lo_80_fu_15435_p2                                                    |     |        | contrib_lo_80            | sub        | fabric                   | 0       |
|    empty_250_fu_15441_p3                                                        |     |        | empty_250                | select     | auto_sel                 | 0       |
|    empty_251_fu_15453_p3                                                        |     |        | empty_251                | select     | auto_sel                 | 0       |
|    mul_24s_8s_32_1_1_U539                                                       | 1   |        | product_81               | mul        | auto                     | 0       |
|    contrib_hi_162_fu_15475_p2                                                   |     |        | contrib_hi_162           | add        | fabric                   | 0       |
|    contrib_hi_163_fu_15481_p3                                                   |     |        | contrib_hi_163           | select     | auto_sel                 | 0       |
|    contrib_lo_81_fu_15492_p2                                                    |     |        | contrib_lo_81            | sub        | fabric                   | 0       |
|    empty_252_fu_15498_p3                                                        |     |        | empty_252                | select     | auto_sel                 | 0       |
|    empty_253_fu_15510_p3                                                        |     |        | empty_253                | select     | auto_sel                 | 0       |
|    mul_24s_8s_32_1_1_U540                                                       | 1   |        | product_82               | mul        | auto                     | 0       |
|    contrib_hi_164_fu_15532_p2                                                   |     |        | contrib_hi_164           | add        | fabric                   | 0       |
|    contrib_hi_165_fu_15538_p3                                                   |     |        | contrib_hi_165           | select     | auto_sel                 | 0       |
|    contrib_lo_82_fu_15549_p2                                                    |     |        | contrib_lo_82            | sub        | fabric                   | 0       |
|    empty_254_fu_15555_p3                                                        |     |        | empty_254                | select     | auto_sel                 | 0       |
|    empty_255_fu_15567_p3                                                        |     |        | empty_255                | select     | auto_sel                 | 0       |
|    mul_24s_8s_32_1_1_U541                                                       | 1   |        | product_83               | mul        | auto                     | 0       |
|    contrib_hi_166_fu_15589_p2                                                   |     |        | contrib_hi_166           | add        | fabric                   | 0       |
|    contrib_hi_167_fu_15595_p3                                                   |     |        | contrib_hi_167           | select     | auto_sel                 | 0       |
|    contrib_lo_83_fu_15606_p2                                                    |     |        | contrib_lo_83            | sub        | fabric                   | 0       |
|    empty_256_fu_15612_p3                                                        |     |        | empty_256                | select     | auto_sel                 | 0       |
|    empty_257_fu_15624_p3                                                        |     |        | empty_257                | select     | auto_sel                 | 0       |
|    mul_24s_8s_32_1_1_U542                                                       | 1   |        | product_84               | mul        | auto                     | 0       |
|    contrib_hi_168_fu_15646_p2                                                   |     |        | contrib_hi_168           | add        | fabric                   | 0       |
|    contrib_hi_169_fu_15652_p3                                                   |     |        | contrib_hi_169           | select     | auto_sel                 | 0       |
|    contrib_lo_84_fu_15663_p2                                                    |     |        | contrib_lo_84            | sub        | fabric                   | 0       |
|    empty_258_fu_15669_p3                                                        |     |        | empty_258                | select     | auto_sel                 | 0       |
|    empty_259_fu_15681_p3                                                        |     |        | empty_259                | select     | auto_sel                 | 0       |
|    mul_24s_8s_32_1_1_U543                                                       | 1   |        | product_85               | mul        | auto                     | 0       |
|    contrib_hi_170_fu_15703_p2                                                   |     |        | contrib_hi_170           | add        | fabric                   | 0       |
|    contrib_hi_171_fu_15709_p3                                                   |     |        | contrib_hi_171           | select     | auto_sel                 | 0       |
|    contrib_lo_85_fu_15720_p2                                                    |     |        | contrib_lo_85            | sub        | fabric                   | 0       |
|    empty_260_fu_15726_p3                                                        |     |        | empty_260                | select     | auto_sel                 | 0       |
|    empty_261_fu_15738_p3                                                        |     |        | empty_261                | select     | auto_sel                 | 0       |
|    mul_24s_8s_32_1_1_U544                                                       | 1   |        | product_86               | mul        | auto                     | 0       |
|    contrib_hi_172_fu_15760_p2                                                   |     |        | contrib_hi_172           | add        | fabric                   | 0       |
|    contrib_hi_173_fu_15766_p3                                                   |     |        | contrib_hi_173           | select     | auto_sel                 | 0       |
|    contrib_lo_86_fu_15777_p2                                                    |     |        | contrib_lo_86            | sub        | fabric                   | 0       |
|    empty_262_fu_15783_p3                                                        |     |        | empty_262                | select     | auto_sel                 | 0       |
|    empty_263_fu_15795_p3                                                        |     |        | empty_263                | select     | auto_sel                 | 0       |
|    mul_24s_8s_32_1_1_U545                                                       | 1   |        | product_87               | mul        | auto                     | 0       |
|    contrib_hi_174_fu_15817_p2                                                   |     |        | contrib_hi_174           | add        | fabric                   | 0       |
|    contrib_hi_175_fu_15823_p3                                                   |     |        | contrib_hi_175           | select     | auto_sel                 | 0       |
|    contrib_lo_87_fu_15834_p2                                                    |     |        | contrib_lo_87            | sub        | fabric                   | 0       |
|    empty_264_fu_15840_p3                                                        |     |        | empty_264                | select     | auto_sel                 | 0       |
|    empty_265_fu_15852_p3                                                        |     |        | empty_265                | select     | auto_sel                 | 0       |
|    mul_24s_8s_32_1_1_U546                                                       | 1   |        | product_88               | mul        | auto                     | 0       |
|    contrib_hi_176_fu_15874_p2                                                   |     |        | contrib_hi_176           | add        | fabric                   | 0       |
|    contrib_hi_177_fu_15880_p3                                                   |     |        | contrib_hi_177           | select     | auto_sel                 | 0       |
|    contrib_lo_88_fu_15891_p2                                                    |     |        | contrib_lo_88            | sub        | fabric                   | 0       |
|    empty_266_fu_15897_p3                                                        |     |        | empty_266                | select     | auto_sel                 | 0       |
|    empty_267_fu_15909_p3                                                        |     |        | empty_267                | select     | auto_sel                 | 0       |
|    mul_24s_8s_32_1_1_U547                                                       | 1   |        | product_89               | mul        | auto                     | 0       |
|    contrib_hi_178_fu_15931_p2                                                   |     |        | contrib_hi_178           | add        | fabric                   | 0       |
|    contrib_hi_179_fu_15937_p3                                                   |     |        | contrib_hi_179           | select     | auto_sel                 | 0       |
|    contrib_lo_89_fu_15948_p2                                                    |     |        | contrib_lo_89            | sub        | fabric                   | 0       |
|    empty_268_fu_15954_p3                                                        |     |        | empty_268                | select     | auto_sel                 | 0       |
|    empty_269_fu_15966_p3                                                        |     |        | empty_269                | select     | auto_sel                 | 0       |
|    mul_24s_8s_32_1_1_U548                                                       | 1   |        | product_90               | mul        | auto                     | 0       |
|    contrib_hi_180_fu_15988_p2                                                   |     |        | contrib_hi_180           | add        | fabric                   | 0       |
|    contrib_hi_181_fu_15994_p3                                                   |     |        | contrib_hi_181           | select     | auto_sel                 | 0       |
|    contrib_lo_90_fu_16005_p2                                                    |     |        | contrib_lo_90            | sub        | fabric                   | 0       |
|    empty_270_fu_16011_p3                                                        |     |        | empty_270                | select     | auto_sel                 | 0       |
|    empty_271_fu_16023_p3                                                        |     |        | empty_271                | select     | auto_sel                 | 0       |
|    mul_24s_8s_32_1_1_U549                                                       | 1   |        | product_91               | mul        | auto                     | 0       |
|    contrib_hi_182_fu_16045_p2                                                   |     |        | contrib_hi_182           | add        | fabric                   | 0       |
|    contrib_hi_183_fu_16051_p3                                                   |     |        | contrib_hi_183           | select     | auto_sel                 | 0       |
|    contrib_lo_91_fu_16062_p2                                                    |     |        | contrib_lo_91            | sub        | fabric                   | 0       |
|    empty_272_fu_16068_p3                                                        |     |        | empty_272                | select     | auto_sel                 | 0       |
|    empty_273_fu_16080_p3                                                        |     |        | empty_273                | select     | auto_sel                 | 0       |
|    mul_24s_8s_32_1_1_U550                                                       | 1   |        | product_92               | mul        | auto                     | 0       |
|    contrib_hi_184_fu_16102_p2                                                   |     |        | contrib_hi_184           | add        | fabric                   | 0       |
|    contrib_hi_185_fu_16108_p3                                                   |     |        | contrib_hi_185           | select     | auto_sel                 | 0       |
|    contrib_lo_92_fu_16119_p2                                                    |     |        | contrib_lo_92            | sub        | fabric                   | 0       |
|    empty_274_fu_16125_p3                                                        |     |        | empty_274                | select     | auto_sel                 | 0       |
|    empty_275_fu_16137_p3                                                        |     |        | empty_275                | select     | auto_sel                 | 0       |
|    mul_24s_8s_32_1_1_U551                                                       | 1   |        | product_93               | mul        | auto                     | 0       |
|    contrib_hi_186_fu_16159_p2                                                   |     |        | contrib_hi_186           | add        | fabric                   | 0       |
|    contrib_hi_187_fu_16165_p3                                                   |     |        | contrib_hi_187           | select     | auto_sel                 | 0       |
|    contrib_lo_93_fu_16176_p2                                                    |     |        | contrib_lo_93            | sub        | fabric                   | 0       |
|    empty_276_fu_16182_p3                                                        |     |        | empty_276                | select     | auto_sel                 | 0       |
|    empty_277_fu_16194_p3                                                        |     |        | empty_277                | select     | auto_sel                 | 0       |
|    mul_24s_8s_32_1_1_U552                                                       | 1   |        | product_94               | mul        | auto                     | 0       |
|    contrib_hi_188_fu_16216_p2                                                   |     |        | contrib_hi_188           | add        | fabric                   | 0       |
|    contrib_hi_189_fu_16222_p3                                                   |     |        | contrib_hi_189           | select     | auto_sel                 | 0       |
|    contrib_lo_94_fu_16233_p2                                                    |     |        | contrib_lo_94            | sub        | fabric                   | 0       |
|    empty_278_fu_16239_p3                                                        |     |        | empty_278                | select     | auto_sel                 | 0       |
|    empty_279_fu_16251_p3                                                        |     |        | empty_279                | select     | auto_sel                 | 0       |
|    mul_24s_8s_32_1_1_U553                                                       | 1   |        | product_95               | mul        | auto                     | 0       |
|    contrib_hi_190_fu_16273_p2                                                   |     |        | contrib_hi_190           | add        | fabric                   | 0       |
|    contrib_hi_191_fu_16279_p3                                                   |     |        | contrib_hi_191           | select     | auto_sel                 | 0       |
|    contrib_lo_95_fu_16290_p2                                                    |     |        | contrib_lo_95            | sub        | fabric                   | 0       |
|    storemerge996_fu_16296_p3                                                    |     |        | storemerge996            | select     | auto_sel                 | 0       |
|    storemerge803_fu_16308_p3                                                    |     |        | storemerge803            | select     | auto_sel                 | 0       |
|    add_ln952_84_fu_16320_p2                                                     |     |        | add_ln952_84             | add        | fabric                   | 0       |
|    add_ln952_85_fu_16330_p2                                                     |     |        | add_ln952_85             | add        | fabric                   | 0       |
|    add_ln952_86_fu_16340_p2                                                     |     |        | add_ln952_86             | add        | fabric                   | 0       |
|    add_ln952_87_fu_16350_p2                                                     |     |        | add_ln952_87             | add        | fabric                   | 0       |
|    add_ln952_88_fu_16360_p2                                                     |     |        | add_ln952_88             | add        | fabric                   | 0       |
|    add_ln952_89_fu_16370_p2                                                     |     |        | add_ln952_89             | add        | fabric                   | 0       |
|    add_ln952_10_fu_16380_p2                                                     |     |        | add_ln952_10             | add        | fabric                   | 0       |
|    add_ln953_70_fu_16386_p2                                                     |     |        | add_ln953_70             | add        | fabric                   | 0       |
|    add_ln953_71_fu_16396_p2                                                     |     |        | add_ln953_71             | add        | fabric                   | 0       |
|    add_ln953_72_fu_16406_p2                                                     |     |        | add_ln953_72             | add        | fabric                   | 0       |
|    add_ln953_73_fu_16412_p2                                                     |     |        | add_ln953_73             | add        | fabric                   | 0       |
|    add_ln953_74_fu_16422_p2                                                     |     |        | add_ln953_74             | add        | fabric                   | 0       |
|    add_ln953_75_fu_16432_p2                                                     |     |        | add_ln953_75             | add        | fabric                   | 0       |
|    add_ln953_76_fu_24640_p2                                                     |     |        | add_ln953_76             | add        | fabric                   | 0       |
|    add_ln952_90_fu_16438_p2                                                     |     |        | add_ln952_90             | add        | fabric                   | 0       |
|    add_ln952_91_fu_16448_p2                                                     |     |        | add_ln952_91             | add        | fabric                   | 0       |
|    add_ln952_92_fu_16458_p2                                                     |     |        | add_ln952_92             | add        | fabric                   | 0       |
|    add_ln952_93_fu_16468_p2                                                     |     |        | add_ln952_93             | add        | fabric                   | 0       |
|    add_ln952_94_fu_16478_p2                                                     |     |        | add_ln952_94             | add        | fabric                   | 0       |
|    add_ln952_95_fu_16488_p2                                                     |     |        | add_ln952_95             | add        | fabric                   | 0       |
|    add_ln952_11_fu_16498_p2                                                     |     |        | add_ln952_11             | add        | fabric                   | 0       |
|    add_ln953_77_fu_16504_p2                                                     |     |        | add_ln953_77             | add        | fabric                   | 0       |
|    add_ln953_78_fu_16514_p2                                                     |     |        | add_ln953_78             | add        | fabric                   | 0       |
|    add_ln953_79_fu_16524_p2                                                     |     |        | add_ln953_79             | add        | fabric                   | 0       |
|    add_ln953_80_fu_16530_p2                                                     |     |        | add_ln953_80             | add        | fabric                   | 0       |
|    add_ln953_81_fu_16540_p2                                                     |     |        | add_ln953_81             | add        | fabric                   | 0       |
|    add_ln953_82_fu_16550_p2                                                     |     |        | add_ln953_82             | add        | fabric                   | 0       |
|    add_ln953_83_fu_24652_p2                                                     |     |        | add_ln953_83             | add        | fabric                   | 0       |
|    add_ln956_10_fu_24664_p2                                                     |     |        | add_ln956_10             | add        | fabric                   | 0       |
|    add_ln956_11_fu_24674_p2                                                     |     |        | add_ln956_11             | add        | fabric                   | 0       |
|    add_ln957_10_fu_24688_p2                                                     |     |        | add_ln957_10             | add        | fabric                   | 0       |
|    add_ln957_11_fu_24698_p2                                                     |     |        | add_ln957_11             | add        | fabric                   | 0       |
|    mul_24s_8s_32_1_1_U554                                                       | 1   |        | product_96               | mul        | auto                     | 0       |
|    contrib_hi_192_fu_16566_p2                                                   |     |        | contrib_hi_192           | add        | fabric                   | 0       |
|    contrib_hi_193_fu_16572_p3                                                   |     |        | contrib_hi_193           | select     | auto_sel                 | 0       |
|    contrib_lo_96_fu_16583_p2                                                    |     |        | contrib_lo_96            | sub        | fabric                   | 0       |
|    empty_280_fu_16589_p3                                                        |     |        | empty_280                | select     | auto_sel                 | 0       |
|    empty_281_fu_16601_p3                                                        |     |        | empty_281                | select     | auto_sel                 | 0       |
|    mul_24s_8s_32_1_1_U555                                                       | 1   |        | product_97               | mul        | auto                     | 0       |
|    contrib_hi_194_fu_16623_p2                                                   |     |        | contrib_hi_194           | add        | fabric                   | 0       |
|    contrib_hi_195_fu_16629_p3                                                   |     |        | contrib_hi_195           | select     | auto_sel                 | 0       |
|    contrib_lo_97_fu_16640_p2                                                    |     |        | contrib_lo_97            | sub        | fabric                   | 0       |
|    empty_282_fu_16646_p3                                                        |     |        | empty_282                | select     | auto_sel                 | 0       |
|    empty_283_fu_16658_p3                                                        |     |        | empty_283                | select     | auto_sel                 | 0       |
|    mul_24s_8s_32_1_1_U556                                                       | 1   |        | product_98               | mul        | auto                     | 0       |
|    contrib_hi_196_fu_16680_p2                                                   |     |        | contrib_hi_196           | add        | fabric                   | 0       |
|    contrib_hi_197_fu_16686_p3                                                   |     |        | contrib_hi_197           | select     | auto_sel                 | 0       |
|    contrib_lo_98_fu_16697_p2                                                    |     |        | contrib_lo_98            | sub        | fabric                   | 0       |
|    empty_284_fu_16703_p3                                                        |     |        | empty_284                | select     | auto_sel                 | 0       |
|    empty_285_fu_16715_p3                                                        |     |        | empty_285                | select     | auto_sel                 | 0       |
|    mul_24s_8s_32_1_1_U557                                                       | 1   |        | product_99               | mul        | auto                     | 0       |
|    contrib_hi_198_fu_16737_p2                                                   |     |        | contrib_hi_198           | add        | fabric                   | 0       |
|    contrib_hi_199_fu_16743_p3                                                   |     |        | contrib_hi_199           | select     | auto_sel                 | 0       |
|    contrib_lo_99_fu_16754_p2                                                    |     |        | contrib_lo_99            | sub        | fabric                   | 0       |
|    empty_286_fu_16760_p3                                                        |     |        | empty_286                | select     | auto_sel                 | 0       |
|    empty_287_fu_16772_p3                                                        |     |        | empty_287                | select     | auto_sel                 | 0       |
|    mul_24s_8s_32_1_1_U558                                                       | 1   |        | product_100              | mul        | auto                     | 0       |
|    contrib_hi_200_fu_16794_p2                                                   |     |        | contrib_hi_200           | add        | fabric                   | 0       |
|    contrib_hi_201_fu_16800_p3                                                   |     |        | contrib_hi_201           | select     | auto_sel                 | 0       |
|    contrib_lo_100_fu_16811_p2                                                   |     |        | contrib_lo_100           | sub        | fabric                   | 0       |
|    empty_288_fu_16817_p3                                                        |     |        | empty_288                | select     | auto_sel                 | 0       |
|    empty_289_fu_16829_p3                                                        |     |        | empty_289                | select     | auto_sel                 | 0       |
|    mul_24s_8s_32_1_1_U559                                                       | 1   |        | product_101              | mul        | auto                     | 0       |
|    contrib_hi_202_fu_16851_p2                                                   |     |        | contrib_hi_202           | add        | fabric                   | 0       |
|    contrib_hi_203_fu_16857_p3                                                   |     |        | contrib_hi_203           | select     | auto_sel                 | 0       |
|    contrib_lo_101_fu_16868_p2                                                   |     |        | contrib_lo_101           | sub        | fabric                   | 0       |
|    empty_290_fu_16874_p3                                                        |     |        | empty_290                | select     | auto_sel                 | 0       |
|    empty_291_fu_16886_p3                                                        |     |        | empty_291                | select     | auto_sel                 | 0       |
|    mul_24s_8s_32_1_1_U560                                                       | 1   |        | product_102              | mul        | auto                     | 0       |
|    contrib_hi_204_fu_16908_p2                                                   |     |        | contrib_hi_204           | add        | fabric                   | 0       |
|    contrib_hi_205_fu_16914_p3                                                   |     |        | contrib_hi_205           | select     | auto_sel                 | 0       |
|    contrib_lo_102_fu_16925_p2                                                   |     |        | contrib_lo_102           | sub        | fabric                   | 0       |
|    empty_292_fu_16931_p3                                                        |     |        | empty_292                | select     | auto_sel                 | 0       |
|    empty_293_fu_16943_p3                                                        |     |        | empty_293                | select     | auto_sel                 | 0       |
|    mul_24s_8s_32_1_1_U561                                                       | 1   |        | product_103              | mul        | auto                     | 0       |
|    contrib_hi_206_fu_16965_p2                                                   |     |        | contrib_hi_206           | add        | fabric                   | 0       |
|    contrib_hi_207_fu_16971_p3                                                   |     |        | contrib_hi_207           | select     | auto_sel                 | 0       |
|    contrib_lo_103_fu_16982_p2                                                   |     |        | contrib_lo_103           | sub        | fabric                   | 0       |
|    empty_294_fu_16988_p3                                                        |     |        | empty_294                | select     | auto_sel                 | 0       |
|    empty_295_fu_17000_p3                                                        |     |        | empty_295                | select     | auto_sel                 | 0       |
|    mul_24s_8s_32_1_1_U562                                                       | 1   |        | product_104              | mul        | auto                     | 0       |
|    contrib_hi_208_fu_17022_p2                                                   |     |        | contrib_hi_208           | add        | fabric                   | 0       |
|    contrib_hi_209_fu_17028_p3                                                   |     |        | contrib_hi_209           | select     | auto_sel                 | 0       |
|    contrib_lo_104_fu_17039_p2                                                   |     |        | contrib_lo_104           | sub        | fabric                   | 0       |
|    empty_296_fu_17045_p3                                                        |     |        | empty_296                | select     | auto_sel                 | 0       |
|    empty_297_fu_17057_p3                                                        |     |        | empty_297                | select     | auto_sel                 | 0       |
|    mul_24s_8s_32_1_1_U563                                                       | 1   |        | product_105              | mul        | auto                     | 0       |
|    contrib_hi_210_fu_17079_p2                                                   |     |        | contrib_hi_210           | add        | fabric                   | 0       |
|    contrib_hi_211_fu_17085_p3                                                   |     |        | contrib_hi_211           | select     | auto_sel                 | 0       |
|    contrib_lo_105_fu_17096_p2                                                   |     |        | contrib_lo_105           | sub        | fabric                   | 0       |
|    empty_298_fu_17102_p3                                                        |     |        | empty_298                | select     | auto_sel                 | 0       |
|    empty_299_fu_17114_p3                                                        |     |        | empty_299                | select     | auto_sel                 | 0       |
|    mul_24s_8s_32_1_1_U564                                                       | 1   |        | product_106              | mul        | auto                     | 0       |
|    contrib_hi_212_fu_17136_p2                                                   |     |        | contrib_hi_212           | add        | fabric                   | 0       |
|    contrib_hi_213_fu_17142_p3                                                   |     |        | contrib_hi_213           | select     | auto_sel                 | 0       |
|    contrib_lo_106_fu_17153_p2                                                   |     |        | contrib_lo_106           | sub        | fabric                   | 0       |
|    empty_300_fu_17159_p3                                                        |     |        | empty_300                | select     | auto_sel                 | 0       |
|    empty_301_fu_17171_p3                                                        |     |        | empty_301                | select     | auto_sel                 | 0       |
|    mul_24s_8s_32_1_1_U565                                                       | 1   |        | product_107              | mul        | auto                     | 0       |
|    contrib_hi_214_fu_17193_p2                                                   |     |        | contrib_hi_214           | add        | fabric                   | 0       |
|    contrib_hi_215_fu_17199_p3                                                   |     |        | contrib_hi_215           | select     | auto_sel                 | 0       |
|    contrib_lo_107_fu_17210_p2                                                   |     |        | contrib_lo_107           | sub        | fabric                   | 0       |
|    empty_302_fu_17216_p3                                                        |     |        | empty_302                | select     | auto_sel                 | 0       |
|    empty_303_fu_17228_p3                                                        |     |        | empty_303                | select     | auto_sel                 | 0       |
|    mul_24s_8s_32_1_1_U566                                                       | 1   |        | product_108              | mul        | auto                     | 0       |
|    contrib_hi_216_fu_17250_p2                                                   |     |        | contrib_hi_216           | add        | fabric                   | 0       |
|    contrib_hi_217_fu_17256_p3                                                   |     |        | contrib_hi_217           | select     | auto_sel                 | 0       |
|    contrib_lo_108_fu_17267_p2                                                   |     |        | contrib_lo_108           | sub        | fabric                   | 0       |
|    empty_304_fu_17273_p3                                                        |     |        | empty_304                | select     | auto_sel                 | 0       |
|    empty_305_fu_17285_p3                                                        |     |        | empty_305                | select     | auto_sel                 | 0       |
|    mul_24s_8s_32_1_1_U567                                                       | 1   |        | product_109              | mul        | auto                     | 0       |
|    contrib_hi_218_fu_17307_p2                                                   |     |        | contrib_hi_218           | add        | fabric                   | 0       |
|    contrib_hi_219_fu_17313_p3                                                   |     |        | contrib_hi_219           | select     | auto_sel                 | 0       |
|    contrib_lo_109_fu_17324_p2                                                   |     |        | contrib_lo_109           | sub        | fabric                   | 0       |
|    empty_306_fu_17330_p3                                                        |     |        | empty_306                | select     | auto_sel                 | 0       |
|    empty_307_fu_17342_p3                                                        |     |        | empty_307                | select     | auto_sel                 | 0       |
|    mul_24s_8s_32_1_1_U568                                                       | 1   |        | product_110              | mul        | auto                     | 0       |
|    contrib_hi_220_fu_17364_p2                                                   |     |        | contrib_hi_220           | add        | fabric                   | 0       |
|    contrib_hi_221_fu_17370_p3                                                   |     |        | contrib_hi_221           | select     | auto_sel                 | 0       |
|    contrib_lo_110_fu_17381_p2                                                   |     |        | contrib_lo_110           | sub        | fabric                   | 0       |
|    empty_308_fu_17387_p3                                                        |     |        | empty_308                | select     | auto_sel                 | 0       |
|    empty_309_fu_17399_p3                                                        |     |        | empty_309                | select     | auto_sel                 | 0       |
|    mul_24s_8s_32_1_1_U569                                                       | 1   |        | product_111              | mul        | auto                     | 0       |
|    contrib_hi_222_fu_17421_p2                                                   |     |        | contrib_hi_222           | add        | fabric                   | 0       |
|    contrib_hi_223_fu_17427_p3                                                   |     |        | contrib_hi_223           | select     | auto_sel                 | 0       |
|    contrib_lo_111_fu_17438_p2                                                   |     |        | contrib_lo_111           | sub        | fabric                   | 0       |
|    storemerge980_fu_17444_p3                                                    |     |        | storemerge980            | select     | auto_sel                 | 0       |
|    storemerge819_fu_17456_p3                                                    |     |        | storemerge819            | select     | auto_sel                 | 0       |
|    add_ln952_96_fu_17468_p2                                                     |     |        | add_ln952_96             | add        | fabric                   | 0       |
|    add_ln952_97_fu_17478_p2                                                     |     |        | add_ln952_97             | add        | fabric                   | 0       |
|    add_ln952_98_fu_17488_p2                                                     |     |        | add_ln952_98             | add        | fabric                   | 0       |
|    add_ln952_99_fu_17498_p2                                                     |     |        | add_ln952_99             | add        | fabric                   | 0       |
|    add_ln952_100_fu_17508_p2                                                    |     |        | add_ln952_100            | add        | fabric                   | 0       |
|    add_ln952_101_fu_17518_p2                                                    |     |        | add_ln952_101            | add        | fabric                   | 0       |
|    add_ln952_12_fu_17528_p2                                                     |     |        | add_ln952_12             | add        | fabric                   | 0       |
|    add_ln953_84_fu_17534_p2                                                     |     |        | add_ln953_84             | add        | fabric                   | 0       |
|    add_ln953_85_fu_17544_p2                                                     |     |        | add_ln953_85             | add        | fabric                   | 0       |
|    add_ln953_86_fu_17554_p2                                                     |     |        | add_ln953_86             | add        | fabric                   | 0       |
|    add_ln953_87_fu_17560_p2                                                     |     |        | add_ln953_87             | add        | fabric                   | 0       |
|    add_ln953_88_fu_17570_p2                                                     |     |        | add_ln953_88             | add        | fabric                   | 0       |
|    add_ln953_89_fu_17580_p2                                                     |     |        | add_ln953_89             | add        | fabric                   | 0       |
|    add_ln953_90_fu_24710_p2                                                     |     |        | add_ln953_90             | add        | fabric                   | 0       |
|    add_ln952_102_fu_17586_p2                                                    |     |        | add_ln952_102            | add        | fabric                   | 0       |
|    add_ln952_103_fu_17596_p2                                                    |     |        | add_ln952_103            | add        | fabric                   | 0       |
|    add_ln952_104_fu_17606_p2                                                    |     |        | add_ln952_104            | add        | fabric                   | 0       |
|    add_ln952_105_fu_17616_p2                                                    |     |        | add_ln952_105            | add        | fabric                   | 0       |
|    add_ln952_106_fu_17626_p2                                                    |     |        | add_ln952_106            | add        | fabric                   | 0       |
|    add_ln952_107_fu_17636_p2                                                    |     |        | add_ln952_107            | add        | fabric                   | 0       |
|    add_ln952_13_fu_17646_p2                                                     |     |        | add_ln952_13             | add        | fabric                   | 0       |
|    add_ln953_91_fu_17652_p2                                                     |     |        | add_ln953_91             | add        | fabric                   | 0       |
|    add_ln953_92_fu_17662_p2                                                     |     |        | add_ln953_92             | add        | fabric                   | 0       |
|    add_ln953_93_fu_17672_p2                                                     |     |        | add_ln953_93             | add        | fabric                   | 0       |
|    add_ln953_94_fu_17678_p2                                                     |     |        | add_ln953_94             | add        | fabric                   | 0       |
|    add_ln953_95_fu_17688_p2                                                     |     |        | add_ln953_95             | add        | fabric                   | 0       |
|    add_ln953_96_fu_17698_p2                                                     |     |        | add_ln953_96             | add        | fabric                   | 0       |
|    add_ln953_97_fu_24722_p2                                                     |     |        | add_ln953_97             | add        | fabric                   | 0       |
|    add_ln956_12_fu_24734_p2                                                     |     |        | add_ln956_12             | add        | fabric                   | 0       |
|    add_ln956_13_fu_24744_p2                                                     |     |        | add_ln956_13             | add        | fabric                   | 0       |
|    add_ln957_12_fu_24758_p2                                                     |     |        | add_ln957_12             | add        | fabric                   | 0       |
|    add_ln957_13_fu_24768_p2                                                     |     |        | add_ln957_13             | add        | fabric                   | 0       |
|    mul_24s_8s_32_1_1_U570                                                       | 1   |        | product_112              | mul        | auto                     | 0       |
|    contrib_hi_224_fu_17714_p2                                                   |     |        | contrib_hi_224           | add        | fabric                   | 0       |
|    contrib_hi_225_fu_17720_p3                                                   |     |        | contrib_hi_225           | select     | auto_sel                 | 0       |
|    contrib_lo_112_fu_17731_p2                                                   |     |        | contrib_lo_112           | sub        | fabric                   | 0       |
|    empty_310_fu_17737_p3                                                        |     |        | empty_310                | select     | auto_sel                 | 0       |
|    empty_311_fu_17749_p3                                                        |     |        | empty_311                | select     | auto_sel                 | 0       |
|    mul_24s_8s_32_1_1_U571                                                       | 1   |        | product_113              | mul        | auto                     | 0       |
|    contrib_hi_226_fu_17771_p2                                                   |     |        | contrib_hi_226           | add        | fabric                   | 0       |
|    contrib_hi_227_fu_17777_p3                                                   |     |        | contrib_hi_227           | select     | auto_sel                 | 0       |
|    contrib_lo_113_fu_17788_p2                                                   |     |        | contrib_lo_113           | sub        | fabric                   | 0       |
|    empty_312_fu_17794_p3                                                        |     |        | empty_312                | select     | auto_sel                 | 0       |
|    empty_313_fu_17806_p3                                                        |     |        | empty_313                | select     | auto_sel                 | 0       |
|    mul_24s_8s_32_1_1_U572                                                       | 1   |        | product_114              | mul        | auto                     | 0       |
|    contrib_hi_228_fu_17828_p2                                                   |     |        | contrib_hi_228           | add        | fabric                   | 0       |
|    contrib_hi_229_fu_17834_p3                                                   |     |        | contrib_hi_229           | select     | auto_sel                 | 0       |
|    contrib_lo_114_fu_17845_p2                                                   |     |        | contrib_lo_114           | sub        | fabric                   | 0       |
|    empty_314_fu_17851_p3                                                        |     |        | empty_314                | select     | auto_sel                 | 0       |
|    empty_315_fu_17863_p3                                                        |     |        | empty_315                | select     | auto_sel                 | 0       |
|    mul_24s_8s_32_1_1_U573                                                       | 1   |        | product_115              | mul        | auto                     | 0       |
|    contrib_hi_230_fu_17885_p2                                                   |     |        | contrib_hi_230           | add        | fabric                   | 0       |
|    contrib_hi_231_fu_17891_p3                                                   |     |        | contrib_hi_231           | select     | auto_sel                 | 0       |
|    contrib_lo_115_fu_17902_p2                                                   |     |        | contrib_lo_115           | sub        | fabric                   | 0       |
|    empty_316_fu_17908_p3                                                        |     |        | empty_316                | select     | auto_sel                 | 0       |
|    empty_317_fu_17920_p3                                                        |     |        | empty_317                | select     | auto_sel                 | 0       |
|    mul_24s_8s_32_1_1_U574                                                       | 1   |        | product_116              | mul        | auto                     | 0       |
|    contrib_hi_232_fu_17942_p2                                                   |     |        | contrib_hi_232           | add        | fabric                   | 0       |
|    contrib_hi_233_fu_17948_p3                                                   |     |        | contrib_hi_233           | select     | auto_sel                 | 0       |
|    contrib_lo_116_fu_17959_p2                                                   |     |        | contrib_lo_116           | sub        | fabric                   | 0       |
|    empty_318_fu_17965_p3                                                        |     |        | empty_318                | select     | auto_sel                 | 0       |
|    empty_319_fu_17977_p3                                                        |     |        | empty_319                | select     | auto_sel                 | 0       |
|    mul_24s_8s_32_1_1_U575                                                       | 1   |        | product_117              | mul        | auto                     | 0       |
|    contrib_hi_234_fu_17999_p2                                                   |     |        | contrib_hi_234           | add        | fabric                   | 0       |
|    contrib_hi_235_fu_18005_p3                                                   |     |        | contrib_hi_235           | select     | auto_sel                 | 0       |
|    contrib_lo_117_fu_18016_p2                                                   |     |        | contrib_lo_117           | sub        | fabric                   | 0       |
|    empty_320_fu_18022_p3                                                        |     |        | empty_320                | select     | auto_sel                 | 0       |
|    empty_321_fu_18034_p3                                                        |     |        | empty_321                | select     | auto_sel                 | 0       |
|    mul_24s_8s_32_1_1_U576                                                       | 1   |        | product_118              | mul        | auto                     | 0       |
|    contrib_hi_236_fu_18056_p2                                                   |     |        | contrib_hi_236           | add        | fabric                   | 0       |
|    contrib_hi_237_fu_18062_p3                                                   |     |        | contrib_hi_237           | select     | auto_sel                 | 0       |
|    contrib_lo_118_fu_18073_p2                                                   |     |        | contrib_lo_118           | sub        | fabric                   | 0       |
|    empty_322_fu_18079_p3                                                        |     |        | empty_322                | select     | auto_sel                 | 0       |
|    empty_323_fu_18091_p3                                                        |     |        | empty_323                | select     | auto_sel                 | 0       |
|    mul_24s_8s_32_1_1_U577                                                       | 1   |        | product_119              | mul        | auto                     | 0       |
|    contrib_hi_238_fu_18113_p2                                                   |     |        | contrib_hi_238           | add        | fabric                   | 0       |
|    contrib_hi_239_fu_18119_p3                                                   |     |        | contrib_hi_239           | select     | auto_sel                 | 0       |
|    contrib_lo_119_fu_18130_p2                                                   |     |        | contrib_lo_119           | sub        | fabric                   | 0       |
|    empty_324_fu_18136_p3                                                        |     |        | empty_324                | select     | auto_sel                 | 0       |
|    empty_325_fu_18148_p3                                                        |     |        | empty_325                | select     | auto_sel                 | 0       |
|    mul_24s_8s_32_1_1_U578                                                       | 1   |        | product_120              | mul        | auto                     | 0       |
|    contrib_hi_240_fu_18170_p2                                                   |     |        | contrib_hi_240           | add        | fabric                   | 0       |
|    contrib_hi_241_fu_18176_p3                                                   |     |        | contrib_hi_241           | select     | auto_sel                 | 0       |
|    contrib_lo_120_fu_18187_p2                                                   |     |        | contrib_lo_120           | sub        | fabric                   | 0       |
|    empty_326_fu_18193_p3                                                        |     |        | empty_326                | select     | auto_sel                 | 0       |
|    empty_327_fu_18205_p3                                                        |     |        | empty_327                | select     | auto_sel                 | 0       |
|    mul_24s_8s_32_1_1_U579                                                       | 1   |        | product_121              | mul        | auto                     | 0       |
|    contrib_hi_242_fu_18227_p2                                                   |     |        | contrib_hi_242           | add        | fabric                   | 0       |
|    contrib_hi_243_fu_18233_p3                                                   |     |        | contrib_hi_243           | select     | auto_sel                 | 0       |
|    contrib_lo_121_fu_18244_p2                                                   |     |        | contrib_lo_121           | sub        | fabric                   | 0       |
|    empty_328_fu_18250_p3                                                        |     |        | empty_328                | select     | auto_sel                 | 0       |
|    empty_329_fu_18262_p3                                                        |     |        | empty_329                | select     | auto_sel                 | 0       |
|    mul_24s_8s_32_1_1_U580                                                       | 1   |        | product_122              | mul        | auto                     | 0       |
|    contrib_hi_244_fu_18284_p2                                                   |     |        | contrib_hi_244           | add        | fabric                   | 0       |
|    contrib_hi_245_fu_18290_p3                                                   |     |        | contrib_hi_245           | select     | auto_sel                 | 0       |
|    contrib_lo_122_fu_18301_p2                                                   |     |        | contrib_lo_122           | sub        | fabric                   | 0       |
|    empty_330_fu_18307_p3                                                        |     |        | empty_330                | select     | auto_sel                 | 0       |
|    empty_331_fu_18319_p3                                                        |     |        | empty_331                | select     | auto_sel                 | 0       |
|    mul_24s_8s_32_1_1_U581                                                       | 1   |        | product_123              | mul        | auto                     | 0       |
|    contrib_hi_246_fu_18341_p2                                                   |     |        | contrib_hi_246           | add        | fabric                   | 0       |
|    contrib_hi_247_fu_18347_p3                                                   |     |        | contrib_hi_247           | select     | auto_sel                 | 0       |
|    contrib_lo_123_fu_18358_p2                                                   |     |        | contrib_lo_123           | sub        | fabric                   | 0       |
|    empty_332_fu_18364_p3                                                        |     |        | empty_332                | select     | auto_sel                 | 0       |
|    empty_333_fu_18376_p3                                                        |     |        | empty_333                | select     | auto_sel                 | 0       |
|    mul_24s_8s_32_1_1_U582                                                       | 1   |        | product_124              | mul        | auto                     | 0       |
|    contrib_hi_248_fu_18398_p2                                                   |     |        | contrib_hi_248           | add        | fabric                   | 0       |
|    contrib_hi_249_fu_18404_p3                                                   |     |        | contrib_hi_249           | select     | auto_sel                 | 0       |
|    contrib_lo_124_fu_18415_p2                                                   |     |        | contrib_lo_124           | sub        | fabric                   | 0       |
|    empty_334_fu_18421_p3                                                        |     |        | empty_334                | select     | auto_sel                 | 0       |
|    empty_335_fu_18433_p3                                                        |     |        | empty_335                | select     | auto_sel                 | 0       |
|    mul_24s_8s_32_1_1_U583                                                       | 1   |        | product_125              | mul        | auto                     | 0       |
|    contrib_hi_250_fu_18455_p2                                                   |     |        | contrib_hi_250           | add        | fabric                   | 0       |
|    contrib_hi_251_fu_18461_p3                                                   |     |        | contrib_hi_251           | select     | auto_sel                 | 0       |
|    contrib_lo_125_fu_18472_p2                                                   |     |        | contrib_lo_125           | sub        | fabric                   | 0       |
|    empty_336_fu_18478_p3                                                        |     |        | empty_336                | select     | auto_sel                 | 0       |
|    empty_337_fu_18490_p3                                                        |     |        | empty_337                | select     | auto_sel                 | 0       |
|    mul_24s_8s_32_1_1_U584                                                       | 1   |        | product_126              | mul        | auto                     | 0       |
|    contrib_hi_252_fu_18512_p2                                                   |     |        | contrib_hi_252           | add        | fabric                   | 0       |
|    contrib_hi_253_fu_18518_p3                                                   |     |        | contrib_hi_253           | select     | auto_sel                 | 0       |
|    contrib_lo_126_fu_18529_p2                                                   |     |        | contrib_lo_126           | sub        | fabric                   | 0       |
|    empty_338_fu_18535_p3                                                        |     |        | empty_338                | select     | auto_sel                 | 0       |
|    empty_339_fu_18547_p3                                                        |     |        | empty_339                | select     | auto_sel                 | 0       |
|    mul_24s_8s_32_1_1_U585                                                       | 1   |        | product_127              | mul        | auto                     | 0       |
|    contrib_hi_254_fu_18569_p2                                                   |     |        | contrib_hi_254           | add        | fabric                   | 0       |
|    contrib_hi_255_fu_18575_p3                                                   |     |        | contrib_hi_255           | select     | auto_sel                 | 0       |
|    contrib_lo_127_fu_18586_p2                                                   |     |        | contrib_lo_127           | sub        | fabric                   | 0       |
|    storemerge964_fu_18592_p3                                                    |     |        | storemerge964            | select     | auto_sel                 | 0       |
|    storemerge835_fu_18604_p3                                                    |     |        | storemerge835            | select     | auto_sel                 | 0       |
|    add_ln952_108_fu_18616_p2                                                    |     |        | add_ln952_108            | add        | fabric                   | 0       |
|    add_ln952_109_fu_18626_p2                                                    |     |        | add_ln952_109            | add        | fabric                   | 0       |
|    add_ln952_110_fu_18636_p2                                                    |     |        | add_ln952_110            | add        | fabric                   | 0       |
|    add_ln952_111_fu_18646_p2                                                    |     |        | add_ln952_111            | add        | fabric                   | 0       |
|    add_ln952_112_fu_18656_p2                                                    |     |        | add_ln952_112            | add        | fabric                   | 0       |
|    add_ln952_113_fu_18666_p2                                                    |     |        | add_ln952_113            | add        | fabric                   | 0       |
|    add_ln952_14_fu_18676_p2                                                     |     |        | add_ln952_14             | add        | fabric                   | 0       |
|    add_ln953_98_fu_18682_p2                                                     |     |        | add_ln953_98             | add        | fabric                   | 0       |
|    add_ln953_99_fu_18692_p2                                                     |     |        | add_ln953_99             | add        | fabric                   | 0       |
|    add_ln953_100_fu_18702_p2                                                    |     |        | add_ln953_100            | add        | fabric                   | 0       |
|    add_ln953_101_fu_18708_p2                                                    |     |        | add_ln953_101            | add        | fabric                   | 0       |
|    add_ln953_102_fu_18718_p2                                                    |     |        | add_ln953_102            | add        | fabric                   | 0       |
|    add_ln953_103_fu_18728_p2                                                    |     |        | add_ln953_103            | add        | fabric                   | 0       |
|    add_ln953_104_fu_24780_p2                                                    |     |        | add_ln953_104            | add        | fabric                   | 0       |
|    add_ln952_114_fu_18734_p2                                                    |     |        | add_ln952_114            | add        | fabric                   | 0       |
|    add_ln952_115_fu_18744_p2                                                    |     |        | add_ln952_115            | add        | fabric                   | 0       |
|    add_ln952_116_fu_18754_p2                                                    |     |        | add_ln952_116            | add        | fabric                   | 0       |
|    add_ln952_117_fu_18764_p2                                                    |     |        | add_ln952_117            | add        | fabric                   | 0       |
|    add_ln952_118_fu_18774_p2                                                    |     |        | add_ln952_118            | add        | fabric                   | 0       |
|    add_ln952_119_fu_18784_p2                                                    |     |        | add_ln952_119            | add        | fabric                   | 0       |
|    add_ln952_15_fu_18794_p2                                                     |     |        | add_ln952_15             | add        | fabric                   | 0       |
|    add_ln953_105_fu_18800_p2                                                    |     |        | add_ln953_105            | add        | fabric                   | 0       |
|    add_ln953_106_fu_18810_p2                                                    |     |        | add_ln953_106            | add        | fabric                   | 0       |
|    add_ln953_107_fu_18820_p2                                                    |     |        | add_ln953_107            | add        | fabric                   | 0       |
|    add_ln953_108_fu_18826_p2                                                    |     |        | add_ln953_108            | add        | fabric                   | 0       |
|    add_ln953_109_fu_18836_p2                                                    |     |        | add_ln953_109            | add        | fabric                   | 0       |
|    add_ln953_110_fu_18846_p2                                                    |     |        | add_ln953_110            | add        | fabric                   | 0       |
|    add_ln953_111_fu_24792_p2                                                    |     |        | add_ln953_111            | add        | fabric                   | 0       |
|    add_ln956_14_fu_24804_p2                                                     |     |        | add_ln956_14             | add        | fabric                   | 0       |
|    add_ln956_15_fu_24814_p2                                                     |     |        | add_ln956_15             | add        | fabric                   | 0       |
|    add_ln957_14_fu_24828_p2                                                     |     |        | add_ln957_14             | add        | fabric                   | 0       |
|    add_ln957_15_fu_24838_p2                                                     |     |        | add_ln957_15             | add        | fabric                   | 0       |
|    mul_24s_8s_32_1_1_U586                                                       | 1   |        | product_128              | mul        | auto                     | 0       |
|    contrib_hi_256_fu_18862_p2                                                   |     |        | contrib_hi_256           | add        | fabric                   | 0       |
|    contrib_hi_257_fu_18868_p3                                                   |     |        | contrib_hi_257           | select     | auto_sel                 | 0       |
|    contrib_lo_128_fu_18879_p2                                                   |     |        | contrib_lo_128           | sub        | fabric                   | 0       |
|    empty_340_fu_18885_p3                                                        |     |        | empty_340                | select     | auto_sel                 | 0       |
|    empty_341_fu_18897_p3                                                        |     |        | empty_341                | select     | auto_sel                 | 0       |
|    mul_24s_8s_32_1_1_U587                                                       | 1   |        | product_129              | mul        | auto                     | 0       |
|    contrib_hi_258_fu_18919_p2                                                   |     |        | contrib_hi_258           | add        | fabric                   | 0       |
|    contrib_hi_259_fu_18925_p3                                                   |     |        | contrib_hi_259           | select     | auto_sel                 | 0       |
|    contrib_lo_129_fu_18936_p2                                                   |     |        | contrib_lo_129           | sub        | fabric                   | 0       |
|    empty_342_fu_18942_p3                                                        |     |        | empty_342                | select     | auto_sel                 | 0       |
|    empty_343_fu_18954_p3                                                        |     |        | empty_343                | select     | auto_sel                 | 0       |
|    mul_24s_8s_32_1_1_U588                                                       | 1   |        | product_130              | mul        | auto                     | 0       |
|    contrib_hi_260_fu_18976_p2                                                   |     |        | contrib_hi_260           | add        | fabric                   | 0       |
|    contrib_hi_261_fu_18982_p3                                                   |     |        | contrib_hi_261           | select     | auto_sel                 | 0       |
|    contrib_lo_130_fu_18993_p2                                                   |     |        | contrib_lo_130           | sub        | fabric                   | 0       |
|    empty_344_fu_18999_p3                                                        |     |        | empty_344                | select     | auto_sel                 | 0       |
|    empty_345_fu_19011_p3                                                        |     |        | empty_345                | select     | auto_sel                 | 0       |
|    mul_24s_8s_32_1_1_U589                                                       | 1   |        | product_131              | mul        | auto                     | 0       |
|    contrib_hi_262_fu_19033_p2                                                   |     |        | contrib_hi_262           | add        | fabric                   | 0       |
|    contrib_hi_263_fu_19039_p3                                                   |     |        | contrib_hi_263           | select     | auto_sel                 | 0       |
|    contrib_lo_131_fu_19050_p2                                                   |     |        | contrib_lo_131           | sub        | fabric                   | 0       |
|    empty_346_fu_19056_p3                                                        |     |        | empty_346                | select     | auto_sel                 | 0       |
|    empty_347_fu_19068_p3                                                        |     |        | empty_347                | select     | auto_sel                 | 0       |
|    mul_24s_8s_32_1_1_U590                                                       | 1   |        | product_132              | mul        | auto                     | 0       |
|    contrib_hi_264_fu_19090_p2                                                   |     |        | contrib_hi_264           | add        | fabric                   | 0       |
|    contrib_hi_265_fu_19096_p3                                                   |     |        | contrib_hi_265           | select     | auto_sel                 | 0       |
|    contrib_lo_132_fu_19107_p2                                                   |     |        | contrib_lo_132           | sub        | fabric                   | 0       |
|    empty_348_fu_19113_p3                                                        |     |        | empty_348                | select     | auto_sel                 | 0       |
|    empty_349_fu_19125_p3                                                        |     |        | empty_349                | select     | auto_sel                 | 0       |
|    mul_24s_8s_32_1_1_U591                                                       | 1   |        | product_133              | mul        | auto                     | 0       |
|    contrib_hi_266_fu_19147_p2                                                   |     |        | contrib_hi_266           | add        | fabric                   | 0       |
|    contrib_hi_267_fu_19153_p3                                                   |     |        | contrib_hi_267           | select     | auto_sel                 | 0       |
|    contrib_lo_133_fu_19164_p2                                                   |     |        | contrib_lo_133           | sub        | fabric                   | 0       |
|    empty_350_fu_19170_p3                                                        |     |        | empty_350                | select     | auto_sel                 | 0       |
|    empty_351_fu_19182_p3                                                        |     |        | empty_351                | select     | auto_sel                 | 0       |
|    mul_24s_8s_32_1_1_U592                                                       | 1   |        | product_134              | mul        | auto                     | 0       |
|    contrib_hi_268_fu_19204_p2                                                   |     |        | contrib_hi_268           | add        | fabric                   | 0       |
|    contrib_hi_269_fu_19210_p3                                                   |     |        | contrib_hi_269           | select     | auto_sel                 | 0       |
|    contrib_lo_134_fu_19221_p2                                                   |     |        | contrib_lo_134           | sub        | fabric                   | 0       |
|    empty_352_fu_19227_p3                                                        |     |        | empty_352                | select     | auto_sel                 | 0       |
|    empty_353_fu_19239_p3                                                        |     |        | empty_353                | select     | auto_sel                 | 0       |
|    mul_24s_8s_32_1_1_U593                                                       | 1   |        | product_135              | mul        | auto                     | 0       |
|    contrib_hi_270_fu_19261_p2                                                   |     |        | contrib_hi_270           | add        | fabric                   | 0       |
|    contrib_hi_271_fu_19267_p3                                                   |     |        | contrib_hi_271           | select     | auto_sel                 | 0       |
|    contrib_lo_135_fu_19278_p2                                                   |     |        | contrib_lo_135           | sub        | fabric                   | 0       |
|    empty_354_fu_19284_p3                                                        |     |        | empty_354                | select     | auto_sel                 | 0       |
|    empty_355_fu_19296_p3                                                        |     |        | empty_355                | select     | auto_sel                 | 0       |
|    mul_24s_8s_32_1_1_U594                                                       | 1   |        | product_136              | mul        | auto                     | 0       |
|    contrib_hi_272_fu_19318_p2                                                   |     |        | contrib_hi_272           | add        | fabric                   | 0       |
|    contrib_hi_273_fu_19324_p3                                                   |     |        | contrib_hi_273           | select     | auto_sel                 | 0       |
|    contrib_lo_136_fu_19335_p2                                                   |     |        | contrib_lo_136           | sub        | fabric                   | 0       |
|    empty_356_fu_19341_p3                                                        |     |        | empty_356                | select     | auto_sel                 | 0       |
|    empty_357_fu_19353_p3                                                        |     |        | empty_357                | select     | auto_sel                 | 0       |
|    mul_24s_8s_32_1_1_U595                                                       | 1   |        | product_137              | mul        | auto                     | 0       |
|    contrib_hi_274_fu_19375_p2                                                   |     |        | contrib_hi_274           | add        | fabric                   | 0       |
|    contrib_hi_275_fu_19381_p3                                                   |     |        | contrib_hi_275           | select     | auto_sel                 | 0       |
|    contrib_lo_137_fu_19392_p2                                                   |     |        | contrib_lo_137           | sub        | fabric                   | 0       |
|    empty_358_fu_19398_p3                                                        |     |        | empty_358                | select     | auto_sel                 | 0       |
|    empty_359_fu_19410_p3                                                        |     |        | empty_359                | select     | auto_sel                 | 0       |
|    mul_24s_8s_32_1_1_U596                                                       | 1   |        | product_138              | mul        | auto                     | 0       |
|    contrib_hi_276_fu_19432_p2                                                   |     |        | contrib_hi_276           | add        | fabric                   | 0       |
|    contrib_hi_277_fu_19438_p3                                                   |     |        | contrib_hi_277           | select     | auto_sel                 | 0       |
|    contrib_lo_138_fu_19449_p2                                                   |     |        | contrib_lo_138           | sub        | fabric                   | 0       |
|    empty_360_fu_19455_p3                                                        |     |        | empty_360                | select     | auto_sel                 | 0       |
|    empty_361_fu_19467_p3                                                        |     |        | empty_361                | select     | auto_sel                 | 0       |
|    mul_24s_8s_32_1_1_U597                                                       | 1   |        | product_139              | mul        | auto                     | 0       |
|    contrib_hi_278_fu_19489_p2                                                   |     |        | contrib_hi_278           | add        | fabric                   | 0       |
|    contrib_hi_279_fu_19495_p3                                                   |     |        | contrib_hi_279           | select     | auto_sel                 | 0       |
|    contrib_lo_139_fu_19506_p2                                                   |     |        | contrib_lo_139           | sub        | fabric                   | 0       |
|    empty_362_fu_19512_p3                                                        |     |        | empty_362                | select     | auto_sel                 | 0       |
|    empty_363_fu_19524_p3                                                        |     |        | empty_363                | select     | auto_sel                 | 0       |
|    mul_24s_8s_32_1_1_U598                                                       | 1   |        | product_140              | mul        | auto                     | 0       |
|    contrib_hi_280_fu_19546_p2                                                   |     |        | contrib_hi_280           | add        | fabric                   | 0       |
|    contrib_hi_281_fu_19552_p3                                                   |     |        | contrib_hi_281           | select     | auto_sel                 | 0       |
|    contrib_lo_140_fu_19563_p2                                                   |     |        | contrib_lo_140           | sub        | fabric                   | 0       |
|    empty_364_fu_19569_p3                                                        |     |        | empty_364                | select     | auto_sel                 | 0       |
|    empty_365_fu_19581_p3                                                        |     |        | empty_365                | select     | auto_sel                 | 0       |
|    mul_24s_8s_32_1_1_U599                                                       | 1   |        | product_141              | mul        | auto                     | 0       |
|    contrib_hi_282_fu_19603_p2                                                   |     |        | contrib_hi_282           | add        | fabric                   | 0       |
|    contrib_hi_283_fu_19609_p3                                                   |     |        | contrib_hi_283           | select     | auto_sel                 | 0       |
|    contrib_lo_141_fu_19620_p2                                                   |     |        | contrib_lo_141           | sub        | fabric                   | 0       |
|    empty_366_fu_19626_p3                                                        |     |        | empty_366                | select     | auto_sel                 | 0       |
|    empty_367_fu_19638_p3                                                        |     |        | empty_367                | select     | auto_sel                 | 0       |
|    mul_24s_8s_32_1_1_U600                                                       | 1   |        | product_142              | mul        | auto                     | 0       |
|    contrib_hi_284_fu_19660_p2                                                   |     |        | contrib_hi_284           | add        | fabric                   | 0       |
|    contrib_hi_285_fu_19666_p3                                                   |     |        | contrib_hi_285           | select     | auto_sel                 | 0       |
|    contrib_lo_142_fu_19677_p2                                                   |     |        | contrib_lo_142           | sub        | fabric                   | 0       |
|    empty_368_fu_19683_p3                                                        |     |        | empty_368                | select     | auto_sel                 | 0       |
|    empty_369_fu_19695_p3                                                        |     |        | empty_369                | select     | auto_sel                 | 0       |
|    mul_24s_8s_32_1_1_U601                                                       | 1   |        | product_143              | mul        | auto                     | 0       |
|    contrib_hi_286_fu_19717_p2                                                   |     |        | contrib_hi_286           | add        | fabric                   | 0       |
|    contrib_hi_287_fu_19723_p3                                                   |     |        | contrib_hi_287           | select     | auto_sel                 | 0       |
|    contrib_lo_143_fu_19734_p2                                                   |     |        | contrib_lo_143           | sub        | fabric                   | 0       |
|    storemerge948_fu_19740_p3                                                    |     |        | storemerge948            | select     | auto_sel                 | 0       |
|    storemerge851_fu_19752_p3                                                    |     |        | storemerge851            | select     | auto_sel                 | 0       |
|    add_ln952_120_fu_19764_p2                                                    |     |        | add_ln952_120            | add        | fabric                   | 0       |
|    add_ln952_121_fu_19774_p2                                                    |     |        | add_ln952_121            | add        | fabric                   | 0       |
|    add_ln952_122_fu_19784_p2                                                    |     |        | add_ln952_122            | add        | fabric                   | 0       |
|    add_ln952_123_fu_19794_p2                                                    |     |        | add_ln952_123            | add        | fabric                   | 0       |
|    add_ln952_124_fu_19804_p2                                                    |     |        | add_ln952_124            | add        | fabric                   | 0       |
|    add_ln952_125_fu_19814_p2                                                    |     |        | add_ln952_125            | add        | fabric                   | 0       |
|    add_ln952_16_fu_19824_p2                                                     |     |        | add_ln952_16             | add        | fabric                   | 0       |
|    add_ln953_112_fu_19830_p2                                                    |     |        | add_ln953_112            | add        | fabric                   | 0       |
|    add_ln953_113_fu_19840_p2                                                    |     |        | add_ln953_113            | add        | fabric                   | 0       |
|    add_ln953_114_fu_19850_p2                                                    |     |        | add_ln953_114            | add        | fabric                   | 0       |
|    add_ln953_115_fu_19856_p2                                                    |     |        | add_ln953_115            | add        | fabric                   | 0       |
|    add_ln953_116_fu_19866_p2                                                    |     |        | add_ln953_116            | add        | fabric                   | 0       |
|    add_ln953_117_fu_19876_p2                                                    |     |        | add_ln953_117            | add        | fabric                   | 0       |
|    add_ln953_118_fu_24850_p2                                                    |     |        | add_ln953_118            | add        | fabric                   | 0       |
|    add_ln952_126_fu_19882_p2                                                    |     |        | add_ln952_126            | add        | fabric                   | 0       |
|    add_ln952_127_fu_19892_p2                                                    |     |        | add_ln952_127            | add        | fabric                   | 0       |
|    add_ln952_128_fu_19902_p2                                                    |     |        | add_ln952_128            | add        | fabric                   | 0       |
|    add_ln952_129_fu_19912_p2                                                    |     |        | add_ln952_129            | add        | fabric                   | 0       |
|    add_ln952_130_fu_19922_p2                                                    |     |        | add_ln952_130            | add        | fabric                   | 0       |
|    add_ln952_131_fu_19932_p2                                                    |     |        | add_ln952_131            | add        | fabric                   | 0       |
|    add_ln952_17_fu_19942_p2                                                     |     |        | add_ln952_17             | add        | fabric                   | 0       |
|    add_ln953_119_fu_19948_p2                                                    |     |        | add_ln953_119            | add        | fabric                   | 0       |
|    add_ln953_120_fu_19958_p2                                                    |     |        | add_ln953_120            | add        | fabric                   | 0       |
|    add_ln953_121_fu_19968_p2                                                    |     |        | add_ln953_121            | add        | fabric                   | 0       |
|    add_ln953_122_fu_19974_p2                                                    |     |        | add_ln953_122            | add        | fabric                   | 0       |
|    add_ln953_123_fu_19984_p2                                                    |     |        | add_ln953_123            | add        | fabric                   | 0       |
|    add_ln953_124_fu_19994_p2                                                    |     |        | add_ln953_124            | add        | fabric                   | 0       |
|    add_ln953_125_fu_24862_p2                                                    |     |        | add_ln953_125            | add        | fabric                   | 0       |
|    add_ln956_16_fu_24874_p2                                                     |     |        | add_ln956_16             | add        | fabric                   | 0       |
|    add_ln956_17_fu_24884_p2                                                     |     |        | add_ln956_17             | add        | fabric                   | 0       |
|    add_ln957_16_fu_24898_p2                                                     |     |        | add_ln957_16             | add        | fabric                   | 0       |
|    add_ln957_17_fu_24908_p2                                                     |     |        | add_ln957_17             | add        | fabric                   | 0       |
|    mul_24s_8s_32_1_1_U602                                                       | 1   |        | product_144              | mul        | auto                     | 0       |
|    contrib_hi_288_fu_20010_p2                                                   |     |        | contrib_hi_288           | add        | fabric                   | 0       |
|    contrib_hi_289_fu_20016_p3                                                   |     |        | contrib_hi_289           | select     | auto_sel                 | 0       |
|    contrib_lo_144_fu_20027_p2                                                   |     |        | contrib_lo_144           | sub        | fabric                   | 0       |
|    empty_370_fu_20033_p3                                                        |     |        | empty_370                | select     | auto_sel                 | 0       |
|    empty_371_fu_20045_p3                                                        |     |        | empty_371                | select     | auto_sel                 | 0       |
|    mul_24s_8s_32_1_1_U603                                                       | 1   |        | product_145              | mul        | auto                     | 0       |
|    contrib_hi_290_fu_20067_p2                                                   |     |        | contrib_hi_290           | add        | fabric                   | 0       |
|    contrib_hi_291_fu_20073_p3                                                   |     |        | contrib_hi_291           | select     | auto_sel                 | 0       |
|    contrib_lo_145_fu_20084_p2                                                   |     |        | contrib_lo_145           | sub        | fabric                   | 0       |
|    empty_372_fu_20090_p3                                                        |     |        | empty_372                | select     | auto_sel                 | 0       |
|    empty_373_fu_20102_p3                                                        |     |        | empty_373                | select     | auto_sel                 | 0       |
|    mul_24s_8s_32_1_1_U604                                                       | 1   |        | product_146              | mul        | auto                     | 0       |
|    contrib_hi_292_fu_20124_p2                                                   |     |        | contrib_hi_292           | add        | fabric                   | 0       |
|    contrib_hi_293_fu_20130_p3                                                   |     |        | contrib_hi_293           | select     | auto_sel                 | 0       |
|    contrib_lo_146_fu_20141_p2                                                   |     |        | contrib_lo_146           | sub        | fabric                   | 0       |
|    empty_374_fu_20147_p3                                                        |     |        | empty_374                | select     | auto_sel                 | 0       |
|    empty_375_fu_20159_p3                                                        |     |        | empty_375                | select     | auto_sel                 | 0       |
|    mul_24s_8s_32_1_1_U605                                                       | 1   |        | product_147              | mul        | auto                     | 0       |
|    contrib_hi_294_fu_20181_p2                                                   |     |        | contrib_hi_294           | add        | fabric                   | 0       |
|    contrib_hi_295_fu_20187_p3                                                   |     |        | contrib_hi_295           | select     | auto_sel                 | 0       |
|    contrib_lo_147_fu_20198_p2                                                   |     |        | contrib_lo_147           | sub        | fabric                   | 0       |
|    empty_376_fu_20204_p3                                                        |     |        | empty_376                | select     | auto_sel                 | 0       |
|    empty_377_fu_20216_p3                                                        |     |        | empty_377                | select     | auto_sel                 | 0       |
|    mul_24s_8s_32_1_1_U606                                                       | 1   |        | product_148              | mul        | auto                     | 0       |
|    contrib_hi_296_fu_20238_p2                                                   |     |        | contrib_hi_296           | add        | fabric                   | 0       |
|    contrib_hi_297_fu_20244_p3                                                   |     |        | contrib_hi_297           | select     | auto_sel                 | 0       |
|    contrib_lo_148_fu_20255_p2                                                   |     |        | contrib_lo_148           | sub        | fabric                   | 0       |
|    empty_378_fu_20261_p3                                                        |     |        | empty_378                | select     | auto_sel                 | 0       |
|    empty_379_fu_20273_p3                                                        |     |        | empty_379                | select     | auto_sel                 | 0       |
|    mul_24s_8s_32_1_1_U607                                                       | 1   |        | product_149              | mul        | auto                     | 0       |
|    contrib_hi_298_fu_20295_p2                                                   |     |        | contrib_hi_298           | add        | fabric                   | 0       |
|    contrib_hi_299_fu_20301_p3                                                   |     |        | contrib_hi_299           | select     | auto_sel                 | 0       |
|    contrib_lo_149_fu_20312_p2                                                   |     |        | contrib_lo_149           | sub        | fabric                   | 0       |
|    empty_380_fu_20318_p3                                                        |     |        | empty_380                | select     | auto_sel                 | 0       |
|    empty_381_fu_20330_p3                                                        |     |        | empty_381                | select     | auto_sel                 | 0       |
|    mul_24s_8s_32_1_1_U608                                                       | 1   |        | product_150              | mul        | auto                     | 0       |
|    contrib_hi_300_fu_20352_p2                                                   |     |        | contrib_hi_300           | add        | fabric                   | 0       |
|    contrib_hi_301_fu_20358_p3                                                   |     |        | contrib_hi_301           | select     | auto_sel                 | 0       |
|    contrib_lo_150_fu_20369_p2                                                   |     |        | contrib_lo_150           | sub        | fabric                   | 0       |
|    empty_382_fu_20375_p3                                                        |     |        | empty_382                | select     | auto_sel                 | 0       |
|    empty_383_fu_20387_p3                                                        |     |        | empty_383                | select     | auto_sel                 | 0       |
|    mul_24s_8s_32_1_1_U609                                                       | 1   |        | product_151              | mul        | auto                     | 0       |
|    contrib_hi_302_fu_20409_p2                                                   |     |        | contrib_hi_302           | add        | fabric                   | 0       |
|    contrib_hi_303_fu_20415_p3                                                   |     |        | contrib_hi_303           | select     | auto_sel                 | 0       |
|    contrib_lo_151_fu_20426_p2                                                   |     |        | contrib_lo_151           | sub        | fabric                   | 0       |
|    empty_384_fu_20432_p3                                                        |     |        | empty_384                | select     | auto_sel                 | 0       |
|    empty_385_fu_20444_p3                                                        |     |        | empty_385                | select     | auto_sel                 | 0       |
|    mul_24s_8s_32_1_1_U610                                                       | 1   |        | product_152              | mul        | auto                     | 0       |
|    contrib_hi_304_fu_20466_p2                                                   |     |        | contrib_hi_304           | add        | fabric                   | 0       |
|    contrib_hi_305_fu_20472_p3                                                   |     |        | contrib_hi_305           | select     | auto_sel                 | 0       |
|    contrib_lo_152_fu_20483_p2                                                   |     |        | contrib_lo_152           | sub        | fabric                   | 0       |
|    empty_386_fu_20489_p3                                                        |     |        | empty_386                | select     | auto_sel                 | 0       |
|    empty_387_fu_20501_p3                                                        |     |        | empty_387                | select     | auto_sel                 | 0       |
|    mul_24s_8s_32_1_1_U611                                                       | 1   |        | product_153              | mul        | auto                     | 0       |
|    contrib_hi_306_fu_20523_p2                                                   |     |        | contrib_hi_306           | add        | fabric                   | 0       |
|    contrib_hi_307_fu_20529_p3                                                   |     |        | contrib_hi_307           | select     | auto_sel                 | 0       |
|    contrib_lo_153_fu_20540_p2                                                   |     |        | contrib_lo_153           | sub        | fabric                   | 0       |
|    empty_388_fu_20546_p3                                                        |     |        | empty_388                | select     | auto_sel                 | 0       |
|    empty_389_fu_20558_p3                                                        |     |        | empty_389                | select     | auto_sel                 | 0       |
|    mul_24s_8s_32_1_1_U612                                                       | 1   |        | product_154              | mul        | auto                     | 0       |
|    contrib_hi_308_fu_20580_p2                                                   |     |        | contrib_hi_308           | add        | fabric                   | 0       |
|    contrib_hi_309_fu_20586_p3                                                   |     |        | contrib_hi_309           | select     | auto_sel                 | 0       |
|    contrib_lo_154_fu_20597_p2                                                   |     |        | contrib_lo_154           | sub        | fabric                   | 0       |
|    empty_390_fu_20603_p3                                                        |     |        | empty_390                | select     | auto_sel                 | 0       |
|    empty_391_fu_20615_p3                                                        |     |        | empty_391                | select     | auto_sel                 | 0       |
|    mul_24s_8s_32_1_1_U613                                                       | 1   |        | product_155              | mul        | auto                     | 0       |
|    contrib_hi_310_fu_20637_p2                                                   |     |        | contrib_hi_310           | add        | fabric                   | 0       |
|    contrib_hi_311_fu_20643_p3                                                   |     |        | contrib_hi_311           | select     | auto_sel                 | 0       |
|    contrib_lo_155_fu_20654_p2                                                   |     |        | contrib_lo_155           | sub        | fabric                   | 0       |
|    empty_392_fu_20660_p3                                                        |     |        | empty_392                | select     | auto_sel                 | 0       |
|    empty_393_fu_20672_p3                                                        |     |        | empty_393                | select     | auto_sel                 | 0       |
|    mul_24s_8s_32_1_1_U614                                                       | 1   |        | product_156              | mul        | auto                     | 0       |
|    contrib_hi_312_fu_20694_p2                                                   |     |        | contrib_hi_312           | add        | fabric                   | 0       |
|    contrib_hi_313_fu_20700_p3                                                   |     |        | contrib_hi_313           | select     | auto_sel                 | 0       |
|    contrib_lo_156_fu_20711_p2                                                   |     |        | contrib_lo_156           | sub        | fabric                   | 0       |
|    empty_394_fu_20717_p3                                                        |     |        | empty_394                | select     | auto_sel                 | 0       |
|    empty_395_fu_20729_p3                                                        |     |        | empty_395                | select     | auto_sel                 | 0       |
|    mul_24s_8s_32_1_1_U615                                                       | 1   |        | product_157              | mul        | auto                     | 0       |
|    contrib_hi_314_fu_20751_p2                                                   |     |        | contrib_hi_314           | add        | fabric                   | 0       |
|    contrib_hi_315_fu_20757_p3                                                   |     |        | contrib_hi_315           | select     | auto_sel                 | 0       |
|    contrib_lo_157_fu_20768_p2                                                   |     |        | contrib_lo_157           | sub        | fabric                   | 0       |
|    empty_396_fu_20774_p3                                                        |     |        | empty_396                | select     | auto_sel                 | 0       |
|    empty_397_fu_20786_p3                                                        |     |        | empty_397                | select     | auto_sel                 | 0       |
|    mul_24s_8s_32_1_1_U616                                                       | 1   |        | product_158              | mul        | auto                     | 0       |
|    contrib_hi_316_fu_20808_p2                                                   |     |        | contrib_hi_316           | add        | fabric                   | 0       |
|    contrib_hi_317_fu_20814_p3                                                   |     |        | contrib_hi_317           | select     | auto_sel                 | 0       |
|    contrib_lo_158_fu_20825_p2                                                   |     |        | contrib_lo_158           | sub        | fabric                   | 0       |
|    empty_398_fu_20831_p3                                                        |     |        | empty_398                | select     | auto_sel                 | 0       |
|    empty_399_fu_20843_p3                                                        |     |        | empty_399                | select     | auto_sel                 | 0       |
|    mul_24s_8s_32_1_1_U617                                                       | 1   |        | product_159              | mul        | auto                     | 0       |
|    contrib_hi_318_fu_20865_p2                                                   |     |        | contrib_hi_318           | add        | fabric                   | 0       |
|    contrib_hi_319_fu_20871_p3                                                   |     |        | contrib_hi_319           | select     | auto_sel                 | 0       |
|    contrib_lo_159_fu_20882_p2                                                   |     |        | contrib_lo_159           | sub        | fabric                   | 0       |
|    storemerge932_fu_20888_p3                                                    |     |        | storemerge932            | select     | auto_sel                 | 0       |
|    storemerge867_fu_20900_p3                                                    |     |        | storemerge867            | select     | auto_sel                 | 0       |
|    add_ln952_132_fu_20912_p2                                                    |     |        | add_ln952_132            | add        | fabric                   | 0       |
|    add_ln952_133_fu_20922_p2                                                    |     |        | add_ln952_133            | add        | fabric                   | 0       |
|    add_ln952_134_fu_20932_p2                                                    |     |        | add_ln952_134            | add        | fabric                   | 0       |
|    add_ln952_135_fu_20942_p2                                                    |     |        | add_ln952_135            | add        | fabric                   | 0       |
|    add_ln952_136_fu_20952_p2                                                    |     |        | add_ln952_136            | add        | fabric                   | 0       |
|    add_ln952_137_fu_20962_p2                                                    |     |        | add_ln952_137            | add        | fabric                   | 0       |
|    add_ln952_18_fu_20972_p2                                                     |     |        | add_ln952_18             | add        | fabric                   | 0       |
|    add_ln953_126_fu_20978_p2                                                    |     |        | add_ln953_126            | add        | fabric                   | 0       |
|    add_ln953_127_fu_20988_p2                                                    |     |        | add_ln953_127            | add        | fabric                   | 0       |
|    add_ln953_128_fu_20998_p2                                                    |     |        | add_ln953_128            | add        | fabric                   | 0       |
|    add_ln953_129_fu_21004_p2                                                    |     |        | add_ln953_129            | add        | fabric                   | 0       |
|    add_ln953_130_fu_21014_p2                                                    |     |        | add_ln953_130            | add        | fabric                   | 0       |
|    add_ln953_131_fu_21024_p2                                                    |     |        | add_ln953_131            | add        | fabric                   | 0       |
|    add_ln953_132_fu_24920_p2                                                    |     |        | add_ln953_132            | add        | fabric                   | 0       |
|    add_ln952_138_fu_21030_p2                                                    |     |        | add_ln952_138            | add        | fabric                   | 0       |
|    add_ln952_139_fu_21040_p2                                                    |     |        | add_ln952_139            | add        | fabric                   | 0       |
|    add_ln952_140_fu_21050_p2                                                    |     |        | add_ln952_140            | add        | fabric                   | 0       |
|    add_ln952_141_fu_21060_p2                                                    |     |        | add_ln952_141            | add        | fabric                   | 0       |
|    add_ln952_142_fu_21070_p2                                                    |     |        | add_ln952_142            | add        | fabric                   | 0       |
|    add_ln952_143_fu_21080_p2                                                    |     |        | add_ln952_143            | add        | fabric                   | 0       |
|    add_ln952_19_fu_21090_p2                                                     |     |        | add_ln952_19             | add        | fabric                   | 0       |
|    add_ln953_133_fu_21096_p2                                                    |     |        | add_ln953_133            | add        | fabric                   | 0       |
|    add_ln953_134_fu_21106_p2                                                    |     |        | add_ln953_134            | add        | fabric                   | 0       |
|    add_ln953_135_fu_21116_p2                                                    |     |        | add_ln953_135            | add        | fabric                   | 0       |
|    add_ln953_136_fu_21122_p2                                                    |     |        | add_ln953_136            | add        | fabric                   | 0       |
|    add_ln953_137_fu_21132_p2                                                    |     |        | add_ln953_137            | add        | fabric                   | 0       |
|    add_ln953_138_fu_21142_p2                                                    |     |        | add_ln953_138            | add        | fabric                   | 0       |
|    add_ln953_139_fu_24932_p2                                                    |     |        | add_ln953_139            | add        | fabric                   | 0       |
|    add_ln956_18_fu_24944_p2                                                     |     |        | add_ln956_18             | add        | fabric                   | 0       |
|    add_ln956_19_fu_24954_p2                                                     |     |        | add_ln956_19             | add        | fabric                   | 0       |
|    add_ln957_18_fu_24968_p2                                                     |     |        | add_ln957_18             | add        | fabric                   | 0       |
|    add_ln957_19_fu_24978_p2                                                     |     |        | add_ln957_19             | add        | fabric                   | 0       |
|    mul_24s_8s_32_1_1_U618                                                       | 1   |        | product_160              | mul        | auto                     | 0       |
|    contrib_hi_320_fu_21158_p2                                                   |     |        | contrib_hi_320           | add        | fabric                   | 0       |
|    contrib_hi_321_fu_21164_p3                                                   |     |        | contrib_hi_321           | select     | auto_sel                 | 0       |
|    contrib_lo_160_fu_21175_p2                                                   |     |        | contrib_lo_160           | sub        | fabric                   | 0       |
|    empty_400_fu_21181_p3                                                        |     |        | empty_400                | select     | auto_sel                 | 0       |
|    empty_401_fu_21193_p3                                                        |     |        | empty_401                | select     | auto_sel                 | 0       |
|    mul_24s_8s_32_1_1_U619                                                       | 1   |        | product_161              | mul        | auto                     | 0       |
|    contrib_hi_322_fu_21215_p2                                                   |     |        | contrib_hi_322           | add        | fabric                   | 0       |
|    contrib_hi_323_fu_21221_p3                                                   |     |        | contrib_hi_323           | select     | auto_sel                 | 0       |
|    contrib_lo_161_fu_21232_p2                                                   |     |        | contrib_lo_161           | sub        | fabric                   | 0       |
|    empty_402_fu_21238_p3                                                        |     |        | empty_402                | select     | auto_sel                 | 0       |
|    empty_403_fu_21250_p3                                                        |     |        | empty_403                | select     | auto_sel                 | 0       |
|    mul_24s_8s_32_1_1_U620                                                       | 1   |        | product_162              | mul        | auto                     | 0       |
|    contrib_hi_324_fu_21272_p2                                                   |     |        | contrib_hi_324           | add        | fabric                   | 0       |
|    contrib_hi_325_fu_21278_p3                                                   |     |        | contrib_hi_325           | select     | auto_sel                 | 0       |
|    contrib_lo_162_fu_21289_p2                                                   |     |        | contrib_lo_162           | sub        | fabric                   | 0       |
|    empty_404_fu_21295_p3                                                        |     |        | empty_404                | select     | auto_sel                 | 0       |
|    empty_405_fu_21307_p3                                                        |     |        | empty_405                | select     | auto_sel                 | 0       |
|    mul_24s_8s_32_1_1_U621                                                       | 1   |        | product_163              | mul        | auto                     | 0       |
|    contrib_hi_326_fu_21329_p2                                                   |     |        | contrib_hi_326           | add        | fabric                   | 0       |
|    contrib_hi_327_fu_21335_p3                                                   |     |        | contrib_hi_327           | select     | auto_sel                 | 0       |
|    contrib_lo_163_fu_21346_p2                                                   |     |        | contrib_lo_163           | sub        | fabric                   | 0       |
|    empty_406_fu_21352_p3                                                        |     |        | empty_406                | select     | auto_sel                 | 0       |
|    empty_407_fu_21364_p3                                                        |     |        | empty_407                | select     | auto_sel                 | 0       |
|    mul_24s_8s_32_1_1_U622                                                       | 1   |        | product_164              | mul        | auto                     | 0       |
|    contrib_hi_328_fu_21386_p2                                                   |     |        | contrib_hi_328           | add        | fabric                   | 0       |
|    contrib_hi_329_fu_21392_p3                                                   |     |        | contrib_hi_329           | select     | auto_sel                 | 0       |
|    contrib_lo_164_fu_21403_p2                                                   |     |        | contrib_lo_164           | sub        | fabric                   | 0       |
|    empty_408_fu_21409_p3                                                        |     |        | empty_408                | select     | auto_sel                 | 0       |
|    empty_409_fu_21421_p3                                                        |     |        | empty_409                | select     | auto_sel                 | 0       |
|    mul_24s_8s_32_1_1_U623                                                       | 1   |        | product_165              | mul        | auto                     | 0       |
|    contrib_hi_330_fu_21443_p2                                                   |     |        | contrib_hi_330           | add        | fabric                   | 0       |
|    contrib_hi_331_fu_21449_p3                                                   |     |        | contrib_hi_331           | select     | auto_sel                 | 0       |
|    contrib_lo_165_fu_21460_p2                                                   |     |        | contrib_lo_165           | sub        | fabric                   | 0       |
|    empty_410_fu_21466_p3                                                        |     |        | empty_410                | select     | auto_sel                 | 0       |
|    empty_411_fu_21478_p3                                                        |     |        | empty_411                | select     | auto_sel                 | 0       |
|    mul_24s_8s_32_1_1_U624                                                       | 1   |        | product_166              | mul        | auto                     | 0       |
|    contrib_hi_332_fu_21500_p2                                                   |     |        | contrib_hi_332           | add        | fabric                   | 0       |
|    contrib_hi_333_fu_21506_p3                                                   |     |        | contrib_hi_333           | select     | auto_sel                 | 0       |
|    contrib_lo_166_fu_21517_p2                                                   |     |        | contrib_lo_166           | sub        | fabric                   | 0       |
|    empty_412_fu_21523_p3                                                        |     |        | empty_412                | select     | auto_sel                 | 0       |
|    empty_413_fu_21535_p3                                                        |     |        | empty_413                | select     | auto_sel                 | 0       |
|    mul_24s_8s_32_1_1_U625                                                       | 1   |        | product_167              | mul        | auto                     | 0       |
|    contrib_hi_334_fu_21557_p2                                                   |     |        | contrib_hi_334           | add        | fabric                   | 0       |
|    contrib_hi_335_fu_21563_p3                                                   |     |        | contrib_hi_335           | select     | auto_sel                 | 0       |
|    contrib_lo_167_fu_21574_p2                                                   |     |        | contrib_lo_167           | sub        | fabric                   | 0       |
|    empty_414_fu_21580_p3                                                        |     |        | empty_414                | select     | auto_sel                 | 0       |
|    empty_415_fu_21592_p3                                                        |     |        | empty_415                | select     | auto_sel                 | 0       |
|    mul_24s_8s_32_1_1_U626                                                       | 1   |        | product_168              | mul        | auto                     | 0       |
|    contrib_hi_336_fu_21614_p2                                                   |     |        | contrib_hi_336           | add        | fabric                   | 0       |
|    contrib_hi_337_fu_21620_p3                                                   |     |        | contrib_hi_337           | select     | auto_sel                 | 0       |
|    contrib_lo_168_fu_21631_p2                                                   |     |        | contrib_lo_168           | sub        | fabric                   | 0       |
|    empty_416_fu_21637_p3                                                        |     |        | empty_416                | select     | auto_sel                 | 0       |
|    empty_417_fu_21649_p3                                                        |     |        | empty_417                | select     | auto_sel                 | 0       |
|    mul_24s_8s_32_1_1_U627                                                       | 1   |        | product_169              | mul        | auto                     | 0       |
|    contrib_hi_338_fu_21671_p2                                                   |     |        | contrib_hi_338           | add        | fabric                   | 0       |
|    contrib_hi_339_fu_21677_p3                                                   |     |        | contrib_hi_339           | select     | auto_sel                 | 0       |
|    contrib_lo_169_fu_21688_p2                                                   |     |        | contrib_lo_169           | sub        | fabric                   | 0       |
|    empty_418_fu_21694_p3                                                        |     |        | empty_418                | select     | auto_sel                 | 0       |
|    empty_419_fu_21706_p3                                                        |     |        | empty_419                | select     | auto_sel                 | 0       |
|    mul_24s_8s_32_1_1_U628                                                       | 1   |        | product_170              | mul        | auto                     | 0       |
|    contrib_hi_340_fu_21728_p2                                                   |     |        | contrib_hi_340           | add        | fabric                   | 0       |
|    contrib_hi_341_fu_21734_p3                                                   |     |        | contrib_hi_341           | select     | auto_sel                 | 0       |
|    contrib_lo_170_fu_21745_p2                                                   |     |        | contrib_lo_170           | sub        | fabric                   | 0       |
|    empty_420_fu_21751_p3                                                        |     |        | empty_420                | select     | auto_sel                 | 0       |
|    empty_421_fu_21763_p3                                                        |     |        | empty_421                | select     | auto_sel                 | 0       |
|    mul_24s_8s_32_1_1_U629                                                       | 1   |        | product_171              | mul        | auto                     | 0       |
|    contrib_hi_342_fu_21785_p2                                                   |     |        | contrib_hi_342           | add        | fabric                   | 0       |
|    contrib_hi_343_fu_21791_p3                                                   |     |        | contrib_hi_343           | select     | auto_sel                 | 0       |
|    contrib_lo_171_fu_21802_p2                                                   |     |        | contrib_lo_171           | sub        | fabric                   | 0       |
|    empty_422_fu_21808_p3                                                        |     |        | empty_422                | select     | auto_sel                 | 0       |
|    empty_423_fu_21820_p3                                                        |     |        | empty_423                | select     | auto_sel                 | 0       |
|    mul_24s_8s_32_1_1_U630                                                       | 1   |        | product_172              | mul        | auto                     | 0       |
|    contrib_hi_344_fu_21842_p2                                                   |     |        | contrib_hi_344           | add        | fabric                   | 0       |
|    contrib_hi_345_fu_21848_p3                                                   |     |        | contrib_hi_345           | select     | auto_sel                 | 0       |
|    contrib_lo_172_fu_21859_p2                                                   |     |        | contrib_lo_172           | sub        | fabric                   | 0       |
|    empty_424_fu_21865_p3                                                        |     |        | empty_424                | select     | auto_sel                 | 0       |
|    empty_425_fu_21877_p3                                                        |     |        | empty_425                | select     | auto_sel                 | 0       |
|    mul_24s_8s_32_1_1_U631                                                       | 1   |        | product_173              | mul        | auto                     | 0       |
|    contrib_hi_346_fu_21899_p2                                                   |     |        | contrib_hi_346           | add        | fabric                   | 0       |
|    contrib_hi_347_fu_21905_p3                                                   |     |        | contrib_hi_347           | select     | auto_sel                 | 0       |
|    contrib_lo_173_fu_21916_p2                                                   |     |        | contrib_lo_173           | sub        | fabric                   | 0       |
|    empty_426_fu_21922_p3                                                        |     |        | empty_426                | select     | auto_sel                 | 0       |
|    empty_427_fu_21934_p3                                                        |     |        | empty_427                | select     | auto_sel                 | 0       |
|    mul_24s_8s_32_1_1_U632                                                       | 1   |        | product_174              | mul        | auto                     | 0       |
|    contrib_hi_348_fu_21956_p2                                                   |     |        | contrib_hi_348           | add        | fabric                   | 0       |
|    contrib_hi_349_fu_21962_p3                                                   |     |        | contrib_hi_349           | select     | auto_sel                 | 0       |
|    contrib_lo_174_fu_21973_p2                                                   |     |        | contrib_lo_174           | sub        | fabric                   | 0       |
|    empty_428_fu_21979_p3                                                        |     |        | empty_428                | select     | auto_sel                 | 0       |
|    empty_429_fu_21991_p3                                                        |     |        | empty_429                | select     | auto_sel                 | 0       |
|    mul_24s_8s_32_1_1_U633                                                       | 1   |        | product_175              | mul        | auto                     | 0       |
|    contrib_hi_350_fu_22013_p2                                                   |     |        | contrib_hi_350           | add        | fabric                   | 0       |
|    contrib_hi_351_fu_22019_p3                                                   |     |        | contrib_hi_351           | select     | auto_sel                 | 0       |
|    contrib_lo_175_fu_22030_p2                                                   |     |        | contrib_lo_175           | sub        | fabric                   | 0       |
|    storemerge916_fu_22036_p3                                                    |     |        | storemerge916            | select     | auto_sel                 | 0       |
|    storemerge883_fu_22048_p3                                                    |     |        | storemerge883            | select     | auto_sel                 | 0       |
|    add_ln952_144_fu_22060_p2                                                    |     |        | add_ln952_144            | add        | fabric                   | 0       |
|    add_ln952_145_fu_22070_p2                                                    |     |        | add_ln952_145            | add        | fabric                   | 0       |
|    add_ln952_146_fu_22080_p2                                                    |     |        | add_ln952_146            | add        | fabric                   | 0       |
|    add_ln952_147_fu_22090_p2                                                    |     |        | add_ln952_147            | add        | fabric                   | 0       |
|    add_ln952_148_fu_22100_p2                                                    |     |        | add_ln952_148            | add        | fabric                   | 0       |
|    add_ln952_149_fu_22110_p2                                                    |     |        | add_ln952_149            | add        | fabric                   | 0       |
|    add_ln952_20_fu_22120_p2                                                     |     |        | add_ln952_20             | add        | fabric                   | 0       |
|    add_ln953_140_fu_22126_p2                                                    |     |        | add_ln953_140            | add        | fabric                   | 0       |
|    add_ln953_141_fu_22136_p2                                                    |     |        | add_ln953_141            | add        | fabric                   | 0       |
|    add_ln953_142_fu_22146_p2                                                    |     |        | add_ln953_142            | add        | fabric                   | 0       |
|    add_ln953_143_fu_22152_p2                                                    |     |        | add_ln953_143            | add        | fabric                   | 0       |
|    add_ln953_144_fu_22162_p2                                                    |     |        | add_ln953_144            | add        | fabric                   | 0       |
|    add_ln953_145_fu_22172_p2                                                    |     |        | add_ln953_145            | add        | fabric                   | 0       |
|    add_ln953_146_fu_24990_p2                                                    |     |        | add_ln953_146            | add        | fabric                   | 0       |
|    add_ln952_150_fu_22178_p2                                                    |     |        | add_ln952_150            | add        | fabric                   | 0       |
|    add_ln952_151_fu_22188_p2                                                    |     |        | add_ln952_151            | add        | fabric                   | 0       |
|    add_ln952_152_fu_22198_p2                                                    |     |        | add_ln952_152            | add        | fabric                   | 0       |
|    add_ln952_153_fu_22208_p2                                                    |     |        | add_ln952_153            | add        | fabric                   | 0       |
|    add_ln952_154_fu_22218_p2                                                    |     |        | add_ln952_154            | add        | fabric                   | 0       |
|    add_ln952_155_fu_22228_p2                                                    |     |        | add_ln952_155            | add        | fabric                   | 0       |
|    add_ln952_21_fu_22238_p2                                                     |     |        | add_ln952_21             | add        | fabric                   | 0       |
|    add_ln953_147_fu_22244_p2                                                    |     |        | add_ln953_147            | add        | fabric                   | 0       |
|    add_ln953_148_fu_22254_p2                                                    |     |        | add_ln953_148            | add        | fabric                   | 0       |
|    add_ln953_149_fu_22264_p2                                                    |     |        | add_ln953_149            | add        | fabric                   | 0       |
|    add_ln953_150_fu_22270_p2                                                    |     |        | add_ln953_150            | add        | fabric                   | 0       |
|    add_ln953_151_fu_22280_p2                                                    |     |        | add_ln953_151            | add        | fabric                   | 0       |
|    add_ln953_152_fu_22290_p2                                                    |     |        | add_ln953_152            | add        | fabric                   | 0       |
|    add_ln953_153_fu_25002_p2                                                    |     |        | add_ln953_153            | add        | fabric                   | 0       |
|    add_ln956_20_fu_25014_p2                                                     |     |        | add_ln956_20             | add        | fabric                   | 0       |
|    add_ln956_21_fu_25024_p2                                                     |     |        | add_ln956_21             | add        | fabric                   | 0       |
|    add_ln957_20_fu_25038_p2                                                     |     |        | add_ln957_20             | add        | fabric                   | 0       |
|    add_ln957_21_fu_25048_p2                                                     |     |        | add_ln957_21             | add        | fabric                   | 0       |
|    mul_24s_8s_32_1_1_U634                                                       | 1   |        | product_176              | mul        | auto                     | 0       |
|    contrib_hi_352_fu_22306_p2                                                   |     |        | contrib_hi_352           | add        | fabric                   | 0       |
|    contrib_hi_353_fu_22312_p3                                                   |     |        | contrib_hi_353           | select     | auto_sel                 | 0       |
|    contrib_lo_176_fu_22323_p2                                                   |     |        | contrib_lo_176           | sub        | fabric                   | 0       |
|    empty_430_fu_22329_p3                                                        |     |        | empty_430                | select     | auto_sel                 | 0       |
|    empty_431_fu_22341_p3                                                        |     |        | empty_431                | select     | auto_sel                 | 0       |
|    mul_24s_8s_32_1_1_U635                                                       | 1   |        | product_177              | mul        | auto                     | 0       |
|    contrib_hi_354_fu_22363_p2                                                   |     |        | contrib_hi_354           | add        | fabric                   | 0       |
|    contrib_hi_355_fu_22369_p3                                                   |     |        | contrib_hi_355           | select     | auto_sel                 | 0       |
|    contrib_lo_177_fu_22380_p2                                                   |     |        | contrib_lo_177           | sub        | fabric                   | 0       |
|    empty_432_fu_22386_p3                                                        |     |        | empty_432                | select     | auto_sel                 | 0       |
|    empty_433_fu_22398_p3                                                        |     |        | empty_433                | select     | auto_sel                 | 0       |
|    mul_24s_8s_32_1_1_U636                                                       | 1   |        | product_178              | mul        | auto                     | 0       |
|    contrib_hi_356_fu_22420_p2                                                   |     |        | contrib_hi_356           | add        | fabric                   | 0       |
|    contrib_hi_357_fu_22426_p3                                                   |     |        | contrib_hi_357           | select     | auto_sel                 | 0       |
|    contrib_lo_178_fu_22437_p2                                                   |     |        | contrib_lo_178           | sub        | fabric                   | 0       |
|    empty_434_fu_22443_p3                                                        |     |        | empty_434                | select     | auto_sel                 | 0       |
|    empty_435_fu_22455_p3                                                        |     |        | empty_435                | select     | auto_sel                 | 0       |
|    mul_24s_8s_32_1_1_U637                                                       | 1   |        | product_179              | mul        | auto                     | 0       |
|    contrib_hi_358_fu_22477_p2                                                   |     |        | contrib_hi_358           | add        | fabric                   | 0       |
|    contrib_hi_359_fu_22483_p3                                                   |     |        | contrib_hi_359           | select     | auto_sel                 | 0       |
|    contrib_lo_179_fu_22494_p2                                                   |     |        | contrib_lo_179           | sub        | fabric                   | 0       |
|    empty_436_fu_22500_p3                                                        |     |        | empty_436                | select     | auto_sel                 | 0       |
|    empty_437_fu_22512_p3                                                        |     |        | empty_437                | select     | auto_sel                 | 0       |
|    mul_24s_8s_32_1_1_U638                                                       | 1   |        | product_180              | mul        | auto                     | 0       |
|    contrib_hi_360_fu_22534_p2                                                   |     |        | contrib_hi_360           | add        | fabric                   | 0       |
|    contrib_hi_361_fu_22540_p3                                                   |     |        | contrib_hi_361           | select     | auto_sel                 | 0       |
|    contrib_lo_180_fu_22551_p2                                                   |     |        | contrib_lo_180           | sub        | fabric                   | 0       |
|    empty_438_fu_22557_p3                                                        |     |        | empty_438                | select     | auto_sel                 | 0       |
|    empty_439_fu_22569_p3                                                        |     |        | empty_439                | select     | auto_sel                 | 0       |
|    mul_24s_8s_32_1_1_U639                                                       | 1   |        | product_181              | mul        | auto                     | 0       |
|    contrib_hi_362_fu_22591_p2                                                   |     |        | contrib_hi_362           | add        | fabric                   | 0       |
|    contrib_hi_363_fu_22597_p3                                                   |     |        | contrib_hi_363           | select     | auto_sel                 | 0       |
|    contrib_lo_181_fu_22608_p2                                                   |     |        | contrib_lo_181           | sub        | fabric                   | 0       |
|    empty_440_fu_22614_p3                                                        |     |        | empty_440                | select     | auto_sel                 | 0       |
|    empty_441_fu_22626_p3                                                        |     |        | empty_441                | select     | auto_sel                 | 0       |
|    mul_24s_8s_32_1_1_U640                                                       | 1   |        | product_182              | mul        | auto                     | 0       |
|    contrib_hi_364_fu_22648_p2                                                   |     |        | contrib_hi_364           | add        | fabric                   | 0       |
|    contrib_hi_365_fu_22654_p3                                                   |     |        | contrib_hi_365           | select     | auto_sel                 | 0       |
|    contrib_lo_182_fu_22665_p2                                                   |     |        | contrib_lo_182           | sub        | fabric                   | 0       |
|    empty_442_fu_22671_p3                                                        |     |        | empty_442                | select     | auto_sel                 | 0       |
|    empty_443_fu_22683_p3                                                        |     |        | empty_443                | select     | auto_sel                 | 0       |
|    mul_24s_8s_32_1_1_U641                                                       | 1   |        | product_183              | mul        | auto                     | 0       |
|    contrib_hi_366_fu_22705_p2                                                   |     |        | contrib_hi_366           | add        | fabric                   | 0       |
|    contrib_hi_367_fu_22711_p3                                                   |     |        | contrib_hi_367           | select     | auto_sel                 | 0       |
|    contrib_lo_183_fu_22722_p2                                                   |     |        | contrib_lo_183           | sub        | fabric                   | 0       |
|    empty_444_fu_22728_p3                                                        |     |        | empty_444                | select     | auto_sel                 | 0       |
|    empty_445_fu_22740_p3                                                        |     |        | empty_445                | select     | auto_sel                 | 0       |
|    mul_24s_8s_32_1_1_U642                                                       | 1   |        | product_184              | mul        | auto                     | 0       |
|    contrib_hi_368_fu_22762_p2                                                   |     |        | contrib_hi_368           | add        | fabric                   | 0       |
|    contrib_hi_369_fu_22768_p3                                                   |     |        | contrib_hi_369           | select     | auto_sel                 | 0       |
|    contrib_lo_184_fu_22779_p2                                                   |     |        | contrib_lo_184           | sub        | fabric                   | 0       |
|    empty_446_fu_22785_p3                                                        |     |        | empty_446                | select     | auto_sel                 | 0       |
|    empty_447_fu_22797_p3                                                        |     |        | empty_447                | select     | auto_sel                 | 0       |
|    mul_24s_8s_32_1_1_U643                                                       | 1   |        | product_185              | mul        | auto                     | 0       |
|    contrib_hi_370_fu_22819_p2                                                   |     |        | contrib_hi_370           | add        | fabric                   | 0       |
|    contrib_hi_371_fu_22825_p3                                                   |     |        | contrib_hi_371           | select     | auto_sel                 | 0       |
|    contrib_lo_185_fu_22836_p2                                                   |     |        | contrib_lo_185           | sub        | fabric                   | 0       |
|    empty_448_fu_22842_p3                                                        |     |        | empty_448                | select     | auto_sel                 | 0       |
|    empty_449_fu_22854_p3                                                        |     |        | empty_449                | select     | auto_sel                 | 0       |
|    mul_24s_8s_32_1_1_U644                                                       | 1   |        | product_186              | mul        | auto                     | 0       |
|    contrib_hi_372_fu_22876_p2                                                   |     |        | contrib_hi_372           | add        | fabric                   | 0       |
|    contrib_hi_373_fu_22882_p3                                                   |     |        | contrib_hi_373           | select     | auto_sel                 | 0       |
|    contrib_lo_186_fu_22893_p2                                                   |     |        | contrib_lo_186           | sub        | fabric                   | 0       |
|    empty_450_fu_22899_p3                                                        |     |        | empty_450                | select     | auto_sel                 | 0       |
|    empty_451_fu_22911_p3                                                        |     |        | empty_451                | select     | auto_sel                 | 0       |
|    mul_24s_8s_32_1_1_U645                                                       | 1   |        | product_187              | mul        | auto                     | 0       |
|    contrib_hi_374_fu_22933_p2                                                   |     |        | contrib_hi_374           | add        | fabric                   | 0       |
|    contrib_hi_375_fu_22939_p3                                                   |     |        | contrib_hi_375           | select     | auto_sel                 | 0       |
|    contrib_lo_187_fu_22950_p2                                                   |     |        | contrib_lo_187           | sub        | fabric                   | 0       |
|    empty_452_fu_22956_p3                                                        |     |        | empty_452                | select     | auto_sel                 | 0       |
|    empty_453_fu_22968_p3                                                        |     |        | empty_453                | select     | auto_sel                 | 0       |
|    mul_24s_8s_32_1_1_U646                                                       | 1   |        | product_188              | mul        | auto                     | 0       |
|    contrib_hi_376_fu_22990_p2                                                   |     |        | contrib_hi_376           | add        | fabric                   | 0       |
|    contrib_hi_377_fu_22996_p3                                                   |     |        | contrib_hi_377           | select     | auto_sel                 | 0       |
|    contrib_lo_188_fu_23007_p2                                                   |     |        | contrib_lo_188           | sub        | fabric                   | 0       |
|    empty_454_fu_23013_p3                                                        |     |        | empty_454                | select     | auto_sel                 | 0       |
|    empty_455_fu_23025_p3                                                        |     |        | empty_455                | select     | auto_sel                 | 0       |
|    mul_24s_8s_32_1_1_U647                                                       | 1   |        | product_189              | mul        | auto                     | 0       |
|    contrib_hi_378_fu_23047_p2                                                   |     |        | contrib_hi_378           | add        | fabric                   | 0       |
|    contrib_hi_379_fu_23053_p3                                                   |     |        | contrib_hi_379           | select     | auto_sel                 | 0       |
|    contrib_lo_189_fu_23064_p2                                                   |     |        | contrib_lo_189           | sub        | fabric                   | 0       |
|    empty_456_fu_23070_p3                                                        |     |        | empty_456                | select     | auto_sel                 | 0       |
|    empty_457_fu_23082_p3                                                        |     |        | empty_457                | select     | auto_sel                 | 0       |
|    mul_24s_8s_32_1_1_U648                                                       | 1   |        | product_190              | mul        | auto                     | 0       |
|    contrib_hi_380_fu_23104_p2                                                   |     |        | contrib_hi_380           | add        | fabric                   | 0       |
|    contrib_hi_381_fu_23110_p3                                                   |     |        | contrib_hi_381           | select     | auto_sel                 | 0       |
|    contrib_lo_190_fu_23121_p2                                                   |     |        | contrib_lo_190           | sub        | fabric                   | 0       |
|    empty_458_fu_23127_p3                                                        |     |        | empty_458                | select     | auto_sel                 | 0       |
|    empty_459_fu_23139_p3                                                        |     |        | empty_459                | select     | auto_sel                 | 0       |
|    mul_24s_8s_32_1_1_U649                                                       | 1   |        | product_191              | mul        | auto                     | 0       |
|    contrib_hi_382_fu_23161_p2                                                   |     |        | contrib_hi_382           | add        | fabric                   | 0       |
|    contrib_hi_383_fu_23167_p3                                                   |     |        | contrib_hi_383           | select     | auto_sel                 | 0       |
|    contrib_lo_191_fu_23178_p2                                                   |     |        | contrib_lo_191           | sub        | fabric                   | 0       |
|    storemerge900_fu_23184_p3                                                    |     |        | storemerge900            | select     | auto_sel                 | 0       |
|    storemerge899_fu_23196_p3                                                    |     |        | storemerge899            | select     | auto_sel                 | 0       |
|    add_ln952_156_fu_23208_p2                                                    |     |        | add_ln952_156            | add        | fabric                   | 0       |
|    add_ln952_157_fu_23218_p2                                                    |     |        | add_ln952_157            | add        | fabric                   | 0       |
|    add_ln952_158_fu_23228_p2                                                    |     |        | add_ln952_158            | add        | fabric                   | 0       |
|    add_ln952_159_fu_23238_p2                                                    |     |        | add_ln952_159            | add        | fabric                   | 0       |
|    add_ln952_160_fu_23248_p2                                                    |     |        | add_ln952_160            | add        | fabric                   | 0       |
|    add_ln952_161_fu_23258_p2                                                    |     |        | add_ln952_161            | add        | fabric                   | 0       |
|    add_ln952_22_fu_23268_p2                                                     |     |        | add_ln952_22             | add        | fabric                   | 0       |
|    add_ln953_154_fu_23274_p2                                                    |     |        | add_ln953_154            | add        | fabric                   | 0       |
|    add_ln953_155_fu_23284_p2                                                    |     |        | add_ln953_155            | add        | fabric                   | 0       |
|    add_ln953_156_fu_23294_p2                                                    |     |        | add_ln953_156            | add        | fabric                   | 0       |
|    add_ln953_157_fu_23300_p2                                                    |     |        | add_ln953_157            | add        | fabric                   | 0       |
|    add_ln953_158_fu_23310_p2                                                    |     |        | add_ln953_158            | add        | fabric                   | 0       |
|    add_ln953_159_fu_23320_p2                                                    |     |        | add_ln953_159            | add        | fabric                   | 0       |
|    add_ln953_160_fu_25060_p2                                                    |     |        | add_ln953_160            | add        | fabric                   | 0       |
|    add_ln952_162_fu_23326_p2                                                    |     |        | add_ln952_162            | add        | fabric                   | 0       |
|    add_ln952_163_fu_23336_p2                                                    |     |        | add_ln952_163            | add        | fabric                   | 0       |
|    add_ln952_164_fu_23346_p2                                                    |     |        | add_ln952_164            | add        | fabric                   | 0       |
|    add_ln952_165_fu_23356_p2                                                    |     |        | add_ln952_165            | add        | fabric                   | 0       |
|    add_ln952_166_fu_23366_p2                                                    |     |        | add_ln952_166            | add        | fabric                   | 0       |
|    add_ln952_167_fu_23376_p2                                                    |     |        | add_ln952_167            | add        | fabric                   | 0       |
|    add_ln952_23_fu_23386_p2                                                     |     |        | add_ln952_23             | add        | fabric                   | 0       |
|    add_ln953_161_fu_23392_p2                                                    |     |        | add_ln953_161            | add        | fabric                   | 0       |
|    add_ln953_162_fu_23402_p2                                                    |     |        | add_ln953_162            | add        | fabric                   | 0       |
|    add_ln953_163_fu_23412_p2                                                    |     |        | add_ln953_163            | add        | fabric                   | 0       |
|    add_ln953_164_fu_23418_p2                                                    |     |        | add_ln953_164            | add        | fabric                   | 0       |
|    add_ln953_165_fu_23428_p2                                                    |     |        | add_ln953_165            | add        | fabric                   | 0       |
|    add_ln953_166_fu_23438_p2                                                    |     |        | add_ln953_166            | add        | fabric                   | 0       |
|    add_ln953_167_fu_25072_p2                                                    |     |        | add_ln953_167            | add        | fabric                   | 0       |
|    add_ln956_22_fu_25084_p2                                                     |     |        | add_ln956_22             | add        | fabric                   | 0       |
|    add_ln956_23_fu_25094_p2                                                     |     |        | add_ln956_23             | add        | fabric                   | 0       |
|    add_ln957_22_fu_25108_p2                                                     |     |        | add_ln957_22             | add        | fabric                   | 0       |
|    add_ln957_23_fu_25118_p2                                                     |     |        | add_ln957_23             | add        | fabric                   | 0       |
|    add_ln777_fu_4292_p2                                                         |     |        | add_ln777                | add        | fabric                   | 0       |
|    add_ln774_1_fu_4298_p2                                                       |     |        | add_ln774_1              | add        | fabric                   | 0       |
|    select_ln774_1_fu_4304_p3                                                    |     |        | select_ln774_1           | select     | auto_sel                 | 0       |
|  + conv_engine_Pipeline_ACCUM_RD                                                | 0   |        |                          |            |                          |         |
|    icmp_ln1032_fu_501_p2                                                        |     |        | icmp_ln1032              | seteq      | auto                     | 0       |
|    add_ln1032_fu_507_p2                                                         |     |        | add_ln1032               | add        | fabric                   | 0       |
|    sparsemux_49_5_32_1_1_U911                                                   |     |        | tmp_5                    | sparsemux  | compactencoding_dontcare | 0       |
|    acc_fin_24_fu_627_p2                                                         |     |        | acc_fin_24               | add        | fabric                   | 0       |
|  + conv_engine_Pipeline_ACCUM_WR                                                | 0   |        |                          |            |                          |         |
|    icmp_ln1050_fu_336_p2                                                        |     |        | icmp_ln1050              | seteq      | auto                     | 0       |
|    add_ln1050_fu_342_p2                                                         |     |        | add_ln1050               | add        | fabric                   | 0       |
|    sparsemux_49_5_32_1_1_U940                                                   |     |        | tmp_s                    | sparsemux  | compactencoding_dontcare | 0       |
|  + conv_engine_Pipeline_FINISH_WR                                               | 6   |        |                          |            |                          |         |
|    icmp_ln1041_fu_505_p2                                                        |     |        | icmp_ln1041              | seteq      | auto                     | 0       |
|    add_ln1041_fu_511_p2                                                         |     |        | add_ln1041               | add        | fabric                   | 0       |
|    sparsemux_49_5_32_1_1_U969                                                   |     |        | acc                      | sparsemux  | compactencoding_dontcare | 0       |
|    and_ln81_fu_690_p2                                                           |     |        | and_ln81                 | and        | auto                     | 0       |
|    mul_32s_5s_36_1_1_U970                                                       | 2   |        | mul_ln38                 | mul        | auto                     | 0       |
|    add_ln38_fu_695_p2                                                           |     |        | add_ln38                 | add        | fabric                   | 0       |
|    post_leaky_1_fu_714_p2                                                       |     |        | post_leaky_1             | sub        | fabric                   | 0       |
|    post_leaky_2_fu_724_p3                                                       |     |        | post_leaky_2             | select     | auto_sel                 | 0       |
|    mul_32s_32s_64_1_1_U968                                                      | 4   |        | scaled                   | mul        | auto                     | 0       |
|    half_1_fu_742_p3                                                             |     |        | half_1                   | select     | auto_sel                 | 0       |
|    add_ln36_fu_755_p2                                                           |     |        | add_ln36                 | add        | fabric                   | 0       |
|    ashr_ln36_fu_761_p2                                                          |     |        | ashr_ln36                | ashr       | auto_pipe                | 0       |
|    sub_ln38_fu_774_p2                                                           |     |        | sub_ln38                 | sub        | fabric                   | 0       |
|    ashr_ln38_fu_779_p2                                                          |     |        | ashr_ln38                | ashr       | auto_pipe                | 0       |
|    v_fu_814_p6                                                                  |     |        | sub_ln38_1               | sub        | fabric                   | 0       |
|    or_ln35_fu_796_p2                                                            |     |        | or_ln35                  | or         | auto                     | 0       |
|    xor_ln35_fu_801_p2                                                           |     |        | xor_ln35                 | xor        | auto                     | 0       |
|    sparsemux_7_2_64_1_1_U971                                                    |     |        | v                        | sparsemux  | onehotencoding_realdef   | 0       |
|    icmp_ln11_fu_842_p2                                                          |     |        | icmp_ln11                | setgt      | auto                     | 0       |
|    icmp_ln12_fu_848_p2                                                          |     |        | icmp_ln12                | setlt      | auto                     | 0       |
|    select_ln11_1_fu_858_p3                                                      |     |        | select_ln11_1            | select     | auto_sel                 | 0       |
|    or_ln11_fu_866_p2                                                            |     |        | or_ln11                  | or         | auto                     | 0       |
|    select_ln11_fu_872_p3                                                        |     |        | select_ln11              | select     | auto_sel                 | 0       |
|    add_ln1044_1_fu_629_p2                                                       |     |        | add_ln1044_1             | add        | fabric                   | 0       |
|    add_ln1044_fu_639_p2                                                         |     |        | add_ln1044               | add        | fabric                   | 0       |
|    shl_ln1044_fu_887_p2                                                         |     |        | shl_ln1044               | shl        | auto_pipe                | 0       |
|    shl_ln1044_2_fu_904_p2                                                       |     |        | shl_ln1044_2             | shl        | auto_pipe                | 0       |
+---------------------------------------------------------------------------------+-----+--------+--------------------------+------------+--------------------------+---------+


================================================================
== Storage Report
================================================================
+-------------------------------------------------------------------------------------------+--------------+-----------+------+------+--------+---------------------------------------------------------------------------------------+--------+---------+------------------+
| Name                                                                                      | Usage        | Type      | BRAM | URAM | Pragma | Variable                                                                              | Impl   | Latency | Bitwidth, Depth, |
|                                                                                           |              |           |      |      |        |                                                                                       |        |         | Banks            |
+-------------------------------------------------------------------------------------------+--------------+-----------+------+------+--------+---------------------------------------------------------------------------------------+--------+---------+------------------+
| + conv_engine                                                                             |              |           | 8    | 64   |        |                                                                                       |        |         |                  |
|   CTRL_s_axi_U                                                                            | interface    | s_axilite |      |      |        |                                                                                       |        |         |                  |
|   RD_BUS_m_axi_U                                                                          | interface    | m_axi     | 2    |      |        |                                                                                       |        |         |                  |
|   RD_BUS2_m_axi_U                                                                         | interface    | m_axi     | 2    |      |        |                                                                                       |        |         |                  |
|   WR_BUS_m_axi_U                                                                          | interface    | m_axi     | 4    |      |        |                                                                                       |        |         |                  |
|   px_U                                                                                    | ram_1p array |           |      |      |        | px                                                                                    | auto   | 1       | 8, 8, 1          |
|   px_1_U                                                                                  | ram_1p array |           |      |      |        | px_1                                                                                  | auto   | 1       | 8, 8, 1          |
|   px_2_U                                                                                  | ram_1p array |           |      |      |        | px_2                                                                                  | auto   | 1       | 8, 8, 1          |
|   px_3_U                                                                                  | ram_1p array |           |      |      |        | px_3                                                                                  | auto   | 1       | 8, 8, 1          |
|   px_4_U                                                                                  | ram_1p array |           |      |      |        | px_4                                                                                  | auto   | 1       | 8, 8, 1          |
|   px_5_U                                                                                  | ram_1p array |           |      |      |        | px_5                                                                                  | auto   | 1       | 8, 8, 1          |
|   px_6_U                                                                                  | ram_1p array |           |      |      |        | px_6                                                                                  | auto   | 1       | 8, 8, 1          |
|   px_7_U                                                                                  | ram_1p array |           |      |      |        | px_7                                                                                  | auto   | 1       | 8, 8, 1          |
|   px_8_U                                                                                  | ram_1p array |           |      |      |        | px_8                                                                                  | auto   | 1       | 8, 8, 1          |
|   px_9_U                                                                                  | ram_1p array |           |      |      |        | px_9                                                                                  | auto   | 1       | 8, 8, 1          |
|   px_10_U                                                                                 | ram_1p array |           |      |      |        | px_10                                                                                 | auto   | 1       | 8, 8, 1          |
|   px_11_U                                                                                 | ram_1p array |           |      |      |        | px_11                                                                                 | auto   | 1       | 8, 8, 1          |
|   px_12_U                                                                                 | ram_1p array |           |      |      |        | px_12                                                                                 | auto   | 1       | 8, 8, 1          |
|   px_13_U                                                                                 | ram_1p array |           |      |      |        | px_13                                                                                 | auto   | 1       | 8, 8, 1          |
|   px_14_U                                                                                 | ram_1p array |           |      |      |        | px_14                                                                                 | auto   | 1       | 8, 8, 1          |
|   px_15_U                                                                                 | ram_1p array |           |      |      |        | px_15                                                                                 | auto   | 1       | 8, 8, 1          |
|   p_ZZ11conv_enginePK7ap_uintILi32EEPK6ap_intILi8EES6_PKS3_ILi32EEPS4_PS7_tttthhhih_205_U | ram_1p       |           |      |      | pragma | p_ZZ11conv_enginePK7ap_uintILi32EEPK6ap_intILi8EES6_PKS3_ILi32EEPS4_PS7_tttthhhih_205 | lutram | 1       | 24, 72, 1        |
|   p_ZZ11conv_enginePK7ap_uintILi32EEPK6ap_intILi8EES6_PKS3_ILi32EEPS4_PS7_tttthhhih_206_U | ram_1p       |           |      |      | pragma | p_ZZ11conv_enginePK7ap_uintILi32EEPK6ap_intILi8EES6_PKS3_ILi32EEPS4_PS7_tttthhhih_206 | lutram | 1       | 24, 72, 1        |
|   p_ZZ11conv_enginePK7ap_uintILi32EEPK6ap_intILi8EES6_PKS3_ILi32EEPS4_PS7_tttthhhih_213_U | ram_1p       |           |      |      | pragma | p_ZZ11conv_enginePK7ap_uintILi32EEPK6ap_intILi8EES6_PKS3_ILi32EEPS4_PS7_tttthhhih_213 | lutram | 1       | 24, 72, 1        |
|   p_ZZ11conv_enginePK7ap_uintILi32EEPK6ap_intILi8EES6_PKS3_ILi32EEPS4_PS7_tttthhhih_214_U | ram_1p       |           |      |      | pragma | p_ZZ11conv_enginePK7ap_uintILi32EEPK6ap_intILi8EES6_PKS3_ILi32EEPS4_PS7_tttthhhih_214 | lutram | 1       | 24, 72, 1        |
|   p_ZZ11conv_enginePK7ap_uintILi32EEPK6ap_intILi8EES6_PKS3_ILi32EEPS4_PS7_tttthhhih_215_U | ram_1p       |           |      |      | pragma | p_ZZ11conv_enginePK7ap_uintILi32EEPK6ap_intILi8EES6_PKS3_ILi32EEPS4_PS7_tttthhhih_215 | lutram | 1       | 24, 72, 1        |
|   p_ZZ11conv_enginePK7ap_uintILi32EEPK6ap_intILi8EES6_PKS3_ILi32EEPS4_PS7_tttthhhih_216_U | ram_1p       |           |      |      | pragma | p_ZZ11conv_enginePK7ap_uintILi32EEPK6ap_intILi8EES6_PKS3_ILi32EEPS4_PS7_tttthhhih_216 | lutram | 1       | 24, 72, 1        |
|   p_ZZ11conv_enginePK7ap_uintILi32EEPK6ap_intILi8EES6_PKS3_ILi32EEPS4_PS7_tttthhhih_217_U | ram_1p       |           |      |      | pragma | p_ZZ11conv_enginePK7ap_uintILi32EEPK6ap_intILi8EES6_PKS3_ILi32EEPS4_PS7_tttthhhih_217 | lutram | 1       | 24, 72, 1        |
|   p_ZZ11conv_enginePK7ap_uintILi32EEPK6ap_intILi8EES6_PKS3_ILi32EEPS4_PS7_tttthhhih_218_U | ram_1p       |           |      |      | pragma | p_ZZ11conv_enginePK7ap_uintILi32EEPK6ap_intILi8EES6_PKS3_ILi32EEPS4_PS7_tttthhhih_218 | lutram | 1       | 24, 72, 1        |
|   p_ZZ11conv_enginePK7ap_uintILi32EEPK6ap_intILi8EES6_PKS3_ILi32EEPS4_PS7_tttthhhih_219_U | ram_1p       |           |      |      | pragma | p_ZZ11conv_enginePK7ap_uintILi32EEPK6ap_intILi8EES6_PKS3_ILi32EEPS4_PS7_tttthhhih_219 | lutram | 1       | 24, 72, 1        |
|   p_ZZ11conv_enginePK7ap_uintILi32EEPK6ap_intILi8EES6_PKS3_ILi32EEPS4_PS7_tttthhhih_220_U | ram_1p       |           |      |      | pragma | p_ZZ11conv_enginePK7ap_uintILi32EEPK6ap_intILi8EES6_PKS3_ILi32EEPS4_PS7_tttthhhih_220 | lutram | 1       | 24, 72, 1        |
|   p_ZZ11conv_enginePK7ap_uintILi32EEPK6ap_intILi8EES6_PKS3_ILi32EEPS4_PS7_tttthhhih_207_U | ram_1p       |           |      |      | pragma | p_ZZ11conv_enginePK7ap_uintILi32EEPK6ap_intILi8EES6_PKS3_ILi32EEPS4_PS7_tttthhhih_207 | lutram | 1       | 24, 72, 1        |
|   p_ZZ11conv_enginePK7ap_uintILi32EEPK6ap_intILi8EES6_PKS3_ILi32EEPS4_PS7_tttthhhih_208_U | ram_1p       |           |      |      | pragma | p_ZZ11conv_enginePK7ap_uintILi32EEPK6ap_intILi8EES6_PKS3_ILi32EEPS4_PS7_tttthhhih_208 | lutram | 1       | 24, 72, 1        |
|   p_ZZ11conv_enginePK7ap_uintILi32EEPK6ap_intILi8EES6_PKS3_ILi32EEPS4_PS7_tttthhhih_209_U | ram_1p       |           |      |      | pragma | p_ZZ11conv_enginePK7ap_uintILi32EEPK6ap_intILi8EES6_PKS3_ILi32EEPS4_PS7_tttthhhih_209 | lutram | 1       | 24, 72, 1        |
|   p_ZZ11conv_enginePK7ap_uintILi32EEPK6ap_intILi8EES6_PKS3_ILi32EEPS4_PS7_tttthhhih_210_U | ram_1p       |           |      |      | pragma | p_ZZ11conv_enginePK7ap_uintILi32EEPK6ap_intILi8EES6_PKS3_ILi32EEPS4_PS7_tttthhhih_210 | lutram | 1       | 24, 72, 1        |
|   p_ZZ11conv_enginePK7ap_uintILi32EEPK6ap_intILi8EES6_PKS3_ILi32EEPS4_PS7_tttthhhih_211_U | ram_1p       |           |      |      | pragma | p_ZZ11conv_enginePK7ap_uintILi32EEPK6ap_intILi8EES6_PKS3_ILi32EEPS4_PS7_tttthhhih_211 | lutram | 1       | 24, 72, 1        |
|   p_ZZ11conv_enginePK7ap_uintILi32EEPK6ap_intILi8EES6_PKS3_ILi32EEPS4_PS7_tttthhhih_212_U | ram_1p       |           |      |      | pragma | p_ZZ11conv_enginePK7ap_uintILi32EEPK6ap_intILi8EES6_PKS3_ILi32EEPS4_PS7_tttthhhih_212 | lutram | 1       | 24, 72, 1        |
|   p_ZZ11conv_enginePK7ap_uintILi32EEPK6ap_intILi8EES6_PKS3_ILi32EEPS4_PS7_tttthhhih_253_U | ram_1p       |           |      |      | pragma | p_ZZ11conv_enginePK7ap_uintILi32EEPK6ap_intILi8EES6_PKS3_ILi32EEPS4_PS7_tttthhhih_253 | lutram | 1       | 24, 72, 1        |
|   p_ZZ11conv_enginePK7ap_uintILi32EEPK6ap_intILi8EES6_PKS3_ILi32EEPS4_PS7_tttthhhih_254_U | ram_1p       |           |      |      | pragma | p_ZZ11conv_enginePK7ap_uintILi32EEPK6ap_intILi8EES6_PKS3_ILi32EEPS4_PS7_tttthhhih_254 | lutram | 1       | 24, 72, 1        |
|   p_ZZ11conv_enginePK7ap_uintILi32EEPK6ap_intILi8EES6_PKS3_ILi32EEPS4_PS7_tttthhhih_261_U | ram_1p       |           |      |      | pragma | p_ZZ11conv_enginePK7ap_uintILi32EEPK6ap_intILi8EES6_PKS3_ILi32EEPS4_PS7_tttthhhih_261 | lutram | 1       | 24, 72, 1        |
|   p_ZZ11conv_enginePK7ap_uintILi32EEPK6ap_intILi8EES6_PKS3_ILi32EEPS4_PS7_tttthhhih_262_U | ram_1p       |           |      |      | pragma | p_ZZ11conv_enginePK7ap_uintILi32EEPK6ap_intILi8EES6_PKS3_ILi32EEPS4_PS7_tttthhhih_262 | lutram | 1       | 24, 72, 1        |
|   p_ZZ11conv_enginePK7ap_uintILi32EEPK6ap_intILi8EES6_PKS3_ILi32EEPS4_PS7_tttthhhih_263_U | ram_1p       |           |      |      | pragma | p_ZZ11conv_enginePK7ap_uintILi32EEPK6ap_intILi8EES6_PKS3_ILi32EEPS4_PS7_tttthhhih_263 | lutram | 1       | 24, 72, 1        |
|   p_ZZ11conv_enginePK7ap_uintILi32EEPK6ap_intILi8EES6_PKS3_ILi32EEPS4_PS7_tttthhhih_264_U | ram_1p       |           |      |      | pragma | p_ZZ11conv_enginePK7ap_uintILi32EEPK6ap_intILi8EES6_PKS3_ILi32EEPS4_PS7_tttthhhih_264 | lutram | 1       | 24, 72, 1        |
|   p_ZZ11conv_enginePK7ap_uintILi32EEPK6ap_intILi8EES6_PKS3_ILi32EEPS4_PS7_tttthhhih_265_U | ram_1p       |           |      |      | pragma | p_ZZ11conv_enginePK7ap_uintILi32EEPK6ap_intILi8EES6_PKS3_ILi32EEPS4_PS7_tttthhhih_265 | lutram | 1       | 24, 72, 1        |
|   p_ZZ11conv_enginePK7ap_uintILi32EEPK6ap_intILi8EES6_PKS3_ILi32EEPS4_PS7_tttthhhih_266_U | ram_1p       |           |      |      | pragma | p_ZZ11conv_enginePK7ap_uintILi32EEPK6ap_intILi8EES6_PKS3_ILi32EEPS4_PS7_tttthhhih_266 | lutram | 1       | 24, 72, 1        |
|   p_ZZ11conv_enginePK7ap_uintILi32EEPK6ap_intILi8EES6_PKS3_ILi32EEPS4_PS7_tttthhhih_267_U | ram_1p       |           |      |      | pragma | p_ZZ11conv_enginePK7ap_uintILi32EEPK6ap_intILi8EES6_PKS3_ILi32EEPS4_PS7_tttthhhih_267 | lutram | 1       | 24, 72, 1        |
|   p_ZZ11conv_enginePK7ap_uintILi32EEPK6ap_intILi8EES6_PKS3_ILi32EEPS4_PS7_tttthhhih_268_U | ram_1p       |           |      |      | pragma | p_ZZ11conv_enginePK7ap_uintILi32EEPK6ap_intILi8EES6_PKS3_ILi32EEPS4_PS7_tttthhhih_268 | lutram | 1       | 24, 72, 1        |
|   p_ZZ11conv_enginePK7ap_uintILi32EEPK6ap_intILi8EES6_PKS3_ILi32EEPS4_PS7_tttthhhih_255_U | ram_1p       |           |      |      | pragma | p_ZZ11conv_enginePK7ap_uintILi32EEPK6ap_intILi8EES6_PKS3_ILi32EEPS4_PS7_tttthhhih_255 | lutram | 1       | 24, 72, 1        |
|   p_ZZ11conv_enginePK7ap_uintILi32EEPK6ap_intILi8EES6_PKS3_ILi32EEPS4_PS7_tttthhhih_256_U | ram_1p       |           |      |      | pragma | p_ZZ11conv_enginePK7ap_uintILi32EEPK6ap_intILi8EES6_PKS3_ILi32EEPS4_PS7_tttthhhih_256 | lutram | 1       | 24, 72, 1        |
|   p_ZZ11conv_enginePK7ap_uintILi32EEPK6ap_intILi8EES6_PKS3_ILi32EEPS4_PS7_tttthhhih_257_U | ram_1p       |           |      |      | pragma | p_ZZ11conv_enginePK7ap_uintILi32EEPK6ap_intILi8EES6_PKS3_ILi32EEPS4_PS7_tttthhhih_257 | lutram | 1       | 24, 72, 1        |
|   p_ZZ11conv_enginePK7ap_uintILi32EEPK6ap_intILi8EES6_PKS3_ILi32EEPS4_PS7_tttthhhih_258_U | ram_1p       |           |      |      | pragma | p_ZZ11conv_enginePK7ap_uintILi32EEPK6ap_intILi8EES6_PKS3_ILi32EEPS4_PS7_tttthhhih_258 | lutram | 1       | 24, 72, 1        |
|   p_ZZ11conv_enginePK7ap_uintILi32EEPK6ap_intILi8EES6_PKS3_ILi32EEPS4_PS7_tttthhhih_259_U | ram_1p       |           |      |      | pragma | p_ZZ11conv_enginePK7ap_uintILi32EEPK6ap_intILi8EES6_PKS3_ILi32EEPS4_PS7_tttthhhih_259 | lutram | 1       | 24, 72, 1        |
|   p_ZZ11conv_enginePK7ap_uintILi32EEPK6ap_intILi8EES6_PKS3_ILi32EEPS4_PS7_tttthhhih_260_U | ram_1p       |           |      |      | pragma | p_ZZ11conv_enginePK7ap_uintILi32EEPK6ap_intILi8EES6_PKS3_ILi32EEPS4_PS7_tttthhhih_260 | lutram | 1       | 24, 72, 1        |
|   p_ZZ11conv_enginePK7ap_uintILi32EEPK6ap_intILi8EES6_PKS3_ILi32EEPS4_PS7_tttthhhih_269_U | ram_1p       |           |      |      | pragma | p_ZZ11conv_enginePK7ap_uintILi32EEPK6ap_intILi8EES6_PKS3_ILi32EEPS4_PS7_tttthhhih_269 | lutram | 1       | 24, 72, 1        |
|   p_ZZ11conv_enginePK7ap_uintILi32EEPK6ap_intILi8EES6_PKS3_ILi32EEPS4_PS7_tttthhhih_270_U | ram_1p       |           |      |      | pragma | p_ZZ11conv_enginePK7ap_uintILi32EEPK6ap_intILi8EES6_PKS3_ILi32EEPS4_PS7_tttthhhih_270 | lutram | 1       | 24, 72, 1        |
|   p_ZZ11conv_enginePK7ap_uintILi32EEPK6ap_intILi8EES6_PKS3_ILi32EEPS4_PS7_tttthhhih_277_U | ram_1p       |           |      |      | pragma | p_ZZ11conv_enginePK7ap_uintILi32EEPK6ap_intILi8EES6_PKS3_ILi32EEPS4_PS7_tttthhhih_277 | lutram | 1       | 24, 72, 1        |
|   p_ZZ11conv_enginePK7ap_uintILi32EEPK6ap_intILi8EES6_PKS3_ILi32EEPS4_PS7_tttthhhih_278_U | ram_1p       |           |      |      | pragma | p_ZZ11conv_enginePK7ap_uintILi32EEPK6ap_intILi8EES6_PKS3_ILi32EEPS4_PS7_tttthhhih_278 | lutram | 1       | 24, 72, 1        |
|   p_ZZ11conv_enginePK7ap_uintILi32EEPK6ap_intILi8EES6_PKS3_ILi32EEPS4_PS7_tttthhhih_279_U | ram_1p       |           |      |      | pragma | p_ZZ11conv_enginePK7ap_uintILi32EEPK6ap_intILi8EES6_PKS3_ILi32EEPS4_PS7_tttthhhih_279 | lutram | 1       | 24, 72, 1        |
|   p_ZZ11conv_enginePK7ap_uintILi32EEPK6ap_intILi8EES6_PKS3_ILi32EEPS4_PS7_tttthhhih_280_U | ram_1p       |           |      |      | pragma | p_ZZ11conv_enginePK7ap_uintILi32EEPK6ap_intILi8EES6_PKS3_ILi32EEPS4_PS7_tttthhhih_280 | lutram | 1       | 24, 72, 1        |
|   p_ZZ11conv_enginePK7ap_uintILi32EEPK6ap_intILi8EES6_PKS3_ILi32EEPS4_PS7_tttthhhih_281_U | ram_1p       |           |      |      | pragma | p_ZZ11conv_enginePK7ap_uintILi32EEPK6ap_intILi8EES6_PKS3_ILi32EEPS4_PS7_tttthhhih_281 | lutram | 1       | 24, 72, 1        |
|   p_ZZ11conv_enginePK7ap_uintILi32EEPK6ap_intILi8EES6_PKS3_ILi32EEPS4_PS7_tttthhhih_282_U | ram_1p       |           |      |      | pragma | p_ZZ11conv_enginePK7ap_uintILi32EEPK6ap_intILi8EES6_PKS3_ILi32EEPS4_PS7_tttthhhih_282 | lutram | 1       | 24, 72, 1        |
|   p_ZZ11conv_enginePK7ap_uintILi32EEPK6ap_intILi8EES6_PKS3_ILi32EEPS4_PS7_tttthhhih_283_U | ram_1p       |           |      |      | pragma | p_ZZ11conv_enginePK7ap_uintILi32EEPK6ap_intILi8EES6_PKS3_ILi32EEPS4_PS7_tttthhhih_283 | lutram | 1       | 24, 72, 1        |
|   p_ZZ11conv_enginePK7ap_uintILi32EEPK6ap_intILi8EES6_PKS3_ILi32EEPS4_PS7_tttthhhih_284_U | ram_1p       |           |      |      | pragma | p_ZZ11conv_enginePK7ap_uintILi32EEPK6ap_intILi8EES6_PKS3_ILi32EEPS4_PS7_tttthhhih_284 | lutram | 1       | 24, 72, 1        |
|   p_ZZ11conv_enginePK7ap_uintILi32EEPK6ap_intILi8EES6_PKS3_ILi32EEPS4_PS7_tttthhhih_271_U | ram_1p       |           |      |      | pragma | p_ZZ11conv_enginePK7ap_uintILi32EEPK6ap_intILi8EES6_PKS3_ILi32EEPS4_PS7_tttthhhih_271 | lutram | 1       | 24, 72, 1        |
|   p_ZZ11conv_enginePK7ap_uintILi32EEPK6ap_intILi8EES6_PKS3_ILi32EEPS4_PS7_tttthhhih_272_U | ram_1p       |           |      |      | pragma | p_ZZ11conv_enginePK7ap_uintILi32EEPK6ap_intILi8EES6_PKS3_ILi32EEPS4_PS7_tttthhhih_272 | lutram | 1       | 24, 72, 1        |
|   p_ZZ11conv_enginePK7ap_uintILi32EEPK6ap_intILi8EES6_PKS3_ILi32EEPS4_PS7_tttthhhih_273_U | ram_1p       |           |      |      | pragma | p_ZZ11conv_enginePK7ap_uintILi32EEPK6ap_intILi8EES6_PKS3_ILi32EEPS4_PS7_tttthhhih_273 | lutram | 1       | 24, 72, 1        |
|   p_ZZ11conv_enginePK7ap_uintILi32EEPK6ap_intILi8EES6_PKS3_ILi32EEPS4_PS7_tttthhhih_274_U | ram_1p       |           |      |      | pragma | p_ZZ11conv_enginePK7ap_uintILi32EEPK6ap_intILi8EES6_PKS3_ILi32EEPS4_PS7_tttthhhih_274 | lutram | 1       | 24, 72, 1        |
|   p_ZZ11conv_enginePK7ap_uintILi32EEPK6ap_intILi8EES6_PKS3_ILi32EEPS4_PS7_tttthhhih_275_U | ram_1p       |           |      |      | pragma | p_ZZ11conv_enginePK7ap_uintILi32EEPK6ap_intILi8EES6_PKS3_ILi32EEPS4_PS7_tttthhhih_275 | lutram | 1       | 24, 72, 1        |
|   p_ZZ11conv_enginePK7ap_uintILi32EEPK6ap_intILi8EES6_PKS3_ILi32EEPS4_PS7_tttthhhih_276_U | ram_1p       |           |      |      | pragma | p_ZZ11conv_enginePK7ap_uintILi32EEPK6ap_intILi8EES6_PKS3_ILi32EEPS4_PS7_tttthhhih_276 | lutram | 1       | 24, 72, 1        |
|   p_ZZ11conv_enginePK7ap_uintILi32EEPK6ap_intILi8EES6_PKS3_ILi32EEPS4_PS7_tttthhhih_285_U | ram_1p       |           |      |      | pragma | p_ZZ11conv_enginePK7ap_uintILi32EEPK6ap_intILi8EES6_PKS3_ILi32EEPS4_PS7_tttthhhih_285 | lutram | 1       | 24, 72, 1        |
|   p_ZZ11conv_enginePK7ap_uintILi32EEPK6ap_intILi8EES6_PKS3_ILi32EEPS4_PS7_tttthhhih_286_U | ram_1p       |           |      |      | pragma | p_ZZ11conv_enginePK7ap_uintILi32EEPK6ap_intILi8EES6_PKS3_ILi32EEPS4_PS7_tttthhhih_286 | lutram | 1       | 24, 72, 1        |
|   p_ZZ11conv_enginePK7ap_uintILi32EEPK6ap_intILi8EES6_PKS3_ILi32EEPS4_PS7_tttthhhih_293_U | ram_1p       |           |      |      | pragma | p_ZZ11conv_enginePK7ap_uintILi32EEPK6ap_intILi8EES6_PKS3_ILi32EEPS4_PS7_tttthhhih_293 | lutram | 1       | 24, 72, 1        |
|   p_ZZ11conv_enginePK7ap_uintILi32EEPK6ap_intILi8EES6_PKS3_ILi32EEPS4_PS7_tttthhhih_294_U | ram_1p       |           |      |      | pragma | p_ZZ11conv_enginePK7ap_uintILi32EEPK6ap_intILi8EES6_PKS3_ILi32EEPS4_PS7_tttthhhih_294 | lutram | 1       | 24, 72, 1        |
|   p_ZZ11conv_enginePK7ap_uintILi32EEPK6ap_intILi8EES6_PKS3_ILi32EEPS4_PS7_tttthhhih_295_U | ram_1p       |           |      |      | pragma | p_ZZ11conv_enginePK7ap_uintILi32EEPK6ap_intILi8EES6_PKS3_ILi32EEPS4_PS7_tttthhhih_295 | lutram | 1       | 24, 72, 1        |
|   p_ZZ11conv_enginePK7ap_uintILi32EEPK6ap_intILi8EES6_PKS3_ILi32EEPS4_PS7_tttthhhih_296_U | ram_1p       |           |      |      | pragma | p_ZZ11conv_enginePK7ap_uintILi32EEPK6ap_intILi8EES6_PKS3_ILi32EEPS4_PS7_tttthhhih_296 | lutram | 1       | 24, 72, 1        |
|   p_ZZ11conv_enginePK7ap_uintILi32EEPK6ap_intILi8EES6_PKS3_ILi32EEPS4_PS7_tttthhhih_297_U | ram_1p       |           |      |      | pragma | p_ZZ11conv_enginePK7ap_uintILi32EEPK6ap_intILi8EES6_PKS3_ILi32EEPS4_PS7_tttthhhih_297 | lutram | 1       | 24, 72, 1        |
|   p_ZZ11conv_enginePK7ap_uintILi32EEPK6ap_intILi8EES6_PKS3_ILi32EEPS4_PS7_tttthhhih_298_U | ram_1p       |           |      |      | pragma | p_ZZ11conv_enginePK7ap_uintILi32EEPK6ap_intILi8EES6_PKS3_ILi32EEPS4_PS7_tttthhhih_298 | lutram | 1       | 24, 72, 1        |
|   p_ZZ11conv_enginePK7ap_uintILi32EEPK6ap_intILi8EES6_PKS3_ILi32EEPS4_PS7_tttthhhih_299_U | ram_1p       |           |      |      | pragma | p_ZZ11conv_enginePK7ap_uintILi32EEPK6ap_intILi8EES6_PKS3_ILi32EEPS4_PS7_tttthhhih_299 | lutram | 1       | 24, 72, 1        |
|   p_ZZ11conv_enginePK7ap_uintILi32EEPK6ap_intILi8EES6_PKS3_ILi32EEPS4_PS7_tttthhhih_300_U | ram_1p       |           |      |      | pragma | p_ZZ11conv_enginePK7ap_uintILi32EEPK6ap_intILi8EES6_PKS3_ILi32EEPS4_PS7_tttthhhih_300 | lutram | 1       | 24, 72, 1        |
|   p_ZZ11conv_enginePK7ap_uintILi32EEPK6ap_intILi8EES6_PKS3_ILi32EEPS4_PS7_tttthhhih_287_U | ram_1p       |           |      |      | pragma | p_ZZ11conv_enginePK7ap_uintILi32EEPK6ap_intILi8EES6_PKS3_ILi32EEPS4_PS7_tttthhhih_287 | lutram | 1       | 24, 72, 1        |
|   p_ZZ11conv_enginePK7ap_uintILi32EEPK6ap_intILi8EES6_PKS3_ILi32EEPS4_PS7_tttthhhih_288_U | ram_1p       |           |      |      | pragma | p_ZZ11conv_enginePK7ap_uintILi32EEPK6ap_intILi8EES6_PKS3_ILi32EEPS4_PS7_tttthhhih_288 | lutram | 1       | 24, 72, 1        |
|   p_ZZ11conv_enginePK7ap_uintILi32EEPK6ap_intILi8EES6_PKS3_ILi32EEPS4_PS7_tttthhhih_289_U | ram_1p       |           |      |      | pragma | p_ZZ11conv_enginePK7ap_uintILi32EEPK6ap_intILi8EES6_PKS3_ILi32EEPS4_PS7_tttthhhih_289 | lutram | 1       | 24, 72, 1        |
|   p_ZZ11conv_enginePK7ap_uintILi32EEPK6ap_intILi8EES6_PKS3_ILi32EEPS4_PS7_tttthhhih_290_U | ram_1p       |           |      |      | pragma | p_ZZ11conv_enginePK7ap_uintILi32EEPK6ap_intILi8EES6_PKS3_ILi32EEPS4_PS7_tttthhhih_290 | lutram | 1       | 24, 72, 1        |
|   p_ZZ11conv_enginePK7ap_uintILi32EEPK6ap_intILi8EES6_PKS3_ILi32EEPS4_PS7_tttthhhih_291_U | ram_1p       |           |      |      | pragma | p_ZZ11conv_enginePK7ap_uintILi32EEPK6ap_intILi8EES6_PKS3_ILi32EEPS4_PS7_tttthhhih_291 | lutram | 1       | 24, 72, 1        |
|   p_ZZ11conv_enginePK7ap_uintILi32EEPK6ap_intILi8EES6_PKS3_ILi32EEPS4_PS7_tttthhhih_292_U | ram_1p       |           |      |      | pragma | p_ZZ11conv_enginePK7ap_uintILi32EEPK6ap_intILi8EES6_PKS3_ILi32EEPS4_PS7_tttthhhih_292 | lutram | 1       | 24, 72, 1        |
|   p_ZZ11conv_enginePK7ap_uintILi32EEPK6ap_intILi8EES6_PKS3_ILi32EEPS4_PS7_tttthhhih_301_U | ram_1p       |           |      |      | pragma | p_ZZ11conv_enginePK7ap_uintILi32EEPK6ap_intILi8EES6_PKS3_ILi32EEPS4_PS7_tttthhhih_301 | lutram | 1       | 24, 72, 1        |
|   p_ZZ11conv_enginePK7ap_uintILi32EEPK6ap_intILi8EES6_PKS3_ILi32EEPS4_PS7_tttthhhih_302_U | ram_1p       |           |      |      | pragma | p_ZZ11conv_enginePK7ap_uintILi32EEPK6ap_intILi8EES6_PKS3_ILi32EEPS4_PS7_tttthhhih_302 | lutram | 1       | 24, 72, 1        |
|   p_ZZ11conv_enginePK7ap_uintILi32EEPK6ap_intILi8EES6_PKS3_ILi32EEPS4_PS7_tttthhhih_309_U | ram_1p       |           |      |      | pragma | p_ZZ11conv_enginePK7ap_uintILi32EEPK6ap_intILi8EES6_PKS3_ILi32EEPS4_PS7_tttthhhih_309 | lutram | 1       | 24, 72, 1        |
|   p_ZZ11conv_enginePK7ap_uintILi32EEPK6ap_intILi8EES6_PKS3_ILi32EEPS4_PS7_tttthhhih_310_U | ram_1p       |           |      |      | pragma | p_ZZ11conv_enginePK7ap_uintILi32EEPK6ap_intILi8EES6_PKS3_ILi32EEPS4_PS7_tttthhhih_310 | lutram | 1       | 24, 72, 1        |
|   p_ZZ11conv_enginePK7ap_uintILi32EEPK6ap_intILi8EES6_PKS3_ILi32EEPS4_PS7_tttthhhih_99_U  | ram_1p       |           |      |      | pragma | p_ZZ11conv_enginePK7ap_uintILi32EEPK6ap_intILi8EES6_PKS3_ILi32EEPS4_PS7_tttthhhih_99  | lutram | 1       | 24, 72, 1        |
|   p_ZZ11conv_enginePK7ap_uintILi32EEPK6ap_intILi8EES6_PKS3_ILi32EEPS4_PS7_tttthhhih_98_U  | ram_1p       |           |      |      | pragma | p_ZZ11conv_enginePK7ap_uintILi32EEPK6ap_intILi8EES6_PKS3_ILi32EEPS4_PS7_tttthhhih_98  | lutram | 1       | 24, 72, 1        |
|   p_ZZ11conv_enginePK7ap_uintILi32EEPK6ap_intILi8EES6_PKS3_ILi32EEPS4_PS7_tttthhhih_97_U  | ram_1p       |           |      |      | pragma | p_ZZ11conv_enginePK7ap_uintILi32EEPK6ap_intILi8EES6_PKS3_ILi32EEPS4_PS7_tttthhhih_97  | lutram | 1       | 24, 72, 1        |
|   p_ZZ11conv_enginePK7ap_uintILi32EEPK6ap_intILi8EES6_PKS3_ILi32EEPS4_PS7_tttthhhih_96_U  | ram_1p       |           |      |      | pragma | p_ZZ11conv_enginePK7ap_uintILi32EEPK6ap_intILi8EES6_PKS3_ILi32EEPS4_PS7_tttthhhih_96  | lutram | 1       | 24, 72, 1        |
|   p_ZZ11conv_enginePK7ap_uintILi32EEPK6ap_intILi8EES6_PKS3_ILi32EEPS4_PS7_tttthhhih_95_U  | ram_1p       |           |      |      | pragma | p_ZZ11conv_enginePK7ap_uintILi32EEPK6ap_intILi8EES6_PKS3_ILi32EEPS4_PS7_tttthhhih_95  | lutram | 1       | 24, 72, 1        |
|   p_ZZ11conv_enginePK7ap_uintILi32EEPK6ap_intILi8EES6_PKS3_ILi32EEPS4_PS7_tttthhhih_94_U  | ram_1p       |           |      |      | pragma | p_ZZ11conv_enginePK7ap_uintILi32EEPK6ap_intILi8EES6_PKS3_ILi32EEPS4_PS7_tttthhhih_94  | lutram | 1       | 24, 72, 1        |
|   p_ZZ11conv_enginePK7ap_uintILi32EEPK6ap_intILi8EES6_PKS3_ILi32EEPS4_PS7_tttthhhih_303_U | ram_1p       |           |      |      | pragma | p_ZZ11conv_enginePK7ap_uintILi32EEPK6ap_intILi8EES6_PKS3_ILi32EEPS4_PS7_tttthhhih_303 | lutram | 1       | 24, 72, 1        |
|   p_ZZ11conv_enginePK7ap_uintILi32EEPK6ap_intILi8EES6_PKS3_ILi32EEPS4_PS7_tttthhhih_304_U | ram_1p       |           |      |      | pragma | p_ZZ11conv_enginePK7ap_uintILi32EEPK6ap_intILi8EES6_PKS3_ILi32EEPS4_PS7_tttthhhih_304 | lutram | 1       | 24, 72, 1        |
|   p_ZZ11conv_enginePK7ap_uintILi32EEPK6ap_intILi8EES6_PKS3_ILi32EEPS4_PS7_tttthhhih_305_U | ram_1p       |           |      |      | pragma | p_ZZ11conv_enginePK7ap_uintILi32EEPK6ap_intILi8EES6_PKS3_ILi32EEPS4_PS7_tttthhhih_305 | lutram | 1       | 24, 72, 1        |
|   p_ZZ11conv_enginePK7ap_uintILi32EEPK6ap_intILi8EES6_PKS3_ILi32EEPS4_PS7_tttthhhih_306_U | ram_1p       |           |      |      | pragma | p_ZZ11conv_enginePK7ap_uintILi32EEPK6ap_intILi8EES6_PKS3_ILi32EEPS4_PS7_tttthhhih_306 | lutram | 1       | 24, 72, 1        |
|   p_ZZ11conv_enginePK7ap_uintILi32EEPK6ap_intILi8EES6_PKS3_ILi32EEPS4_PS7_tttthhhih_307_U | ram_1p       |           |      |      | pragma | p_ZZ11conv_enginePK7ap_uintILi32EEPK6ap_intILi8EES6_PKS3_ILi32EEPS4_PS7_tttthhhih_307 | lutram | 1       | 24, 72, 1        |
|   p_ZZ11conv_enginePK7ap_uintILi32EEPK6ap_intILi8EES6_PKS3_ILi32EEPS4_PS7_tttthhhih_308_U | ram_1p       |           |      |      | pragma | p_ZZ11conv_enginePK7ap_uintILi32EEPK6ap_intILi8EES6_PKS3_ILi32EEPS4_PS7_tttthhhih_308 | lutram | 1       | 24, 72, 1        |
|   p_ZZ11conv_enginePK7ap_uintILi32EEPK6ap_intILi8EES6_PKS3_ILi32EEPS4_PS7_tttthhhih_93_U  | ram_1p       |           |      |      | pragma | p_ZZ11conv_enginePK7ap_uintILi32EEPK6ap_intILi8EES6_PKS3_ILi32EEPS4_PS7_tttthhhih_93  | lutram | 1       | 24, 72, 1        |
|   p_ZZ11conv_enginePK7ap_uintILi32EEPK6ap_intILi8EES6_PKS3_ILi32EEPS4_PS7_tttthhhih_92_U  | ram_1p       |           |      |      | pragma | p_ZZ11conv_enginePK7ap_uintILi32EEPK6ap_intILi8EES6_PKS3_ILi32EEPS4_PS7_tttthhhih_92  | lutram | 1       | 24, 72, 1        |
|   p_ZZ11conv_enginePK7ap_uintILi32EEPK6ap_intILi8EES6_PKS3_ILi32EEPS4_PS7_tttthhhih_85_U  | ram_1p       |           |      |      | pragma | p_ZZ11conv_enginePK7ap_uintILi32EEPK6ap_intILi8EES6_PKS3_ILi32EEPS4_PS7_tttthhhih_85  | lutram | 1       | 24, 72, 1        |
|   p_ZZ11conv_enginePK7ap_uintILi32EEPK6ap_intILi8EES6_PKS3_ILi32EEPS4_PS7_tttthhhih_84_U  | ram_1p       |           |      |      | pragma | p_ZZ11conv_enginePK7ap_uintILi32EEPK6ap_intILi8EES6_PKS3_ILi32EEPS4_PS7_tttthhhih_84  | lutram | 1       | 24, 72, 1        |
|   p_ZZ11conv_enginePK7ap_uintILi32EEPK6ap_intILi8EES6_PKS3_ILi32EEPS4_PS7_tttthhhih_83_U  | ram_1p       |           |      |      | pragma | p_ZZ11conv_enginePK7ap_uintILi32EEPK6ap_intILi8EES6_PKS3_ILi32EEPS4_PS7_tttthhhih_83  | lutram | 1       | 24, 72, 1        |
|   p_ZZ11conv_enginePK7ap_uintILi32EEPK6ap_intILi8EES6_PKS3_ILi32EEPS4_PS7_tttthhhih_82_U  | ram_1p       |           |      |      | pragma | p_ZZ11conv_enginePK7ap_uintILi32EEPK6ap_intILi8EES6_PKS3_ILi32EEPS4_PS7_tttthhhih_82  | lutram | 1       | 24, 72, 1        |
|   p_ZZ11conv_enginePK7ap_uintILi32EEPK6ap_intILi8EES6_PKS3_ILi32EEPS4_PS7_tttthhhih_81_U  | ram_1p       |           |      |      | pragma | p_ZZ11conv_enginePK7ap_uintILi32EEPK6ap_intILi8EES6_PKS3_ILi32EEPS4_PS7_tttthhhih_81  | lutram | 1       | 24, 72, 1        |
|   p_ZZ11conv_enginePK7ap_uintILi32EEPK6ap_intILi8EES6_PKS3_ILi32EEPS4_PS7_tttthhhih_80_U  | ram_1p       |           |      |      | pragma | p_ZZ11conv_enginePK7ap_uintILi32EEPK6ap_intILi8EES6_PKS3_ILi32EEPS4_PS7_tttthhhih_80  | lutram | 1       | 24, 72, 1        |
|   p_ZZ11conv_enginePK7ap_uintILi32EEPK6ap_intILi8EES6_PKS3_ILi32EEPS4_PS7_tttthhhih_79_U  | ram_1p       |           |      |      | pragma | p_ZZ11conv_enginePK7ap_uintILi32EEPK6ap_intILi8EES6_PKS3_ILi32EEPS4_PS7_tttthhhih_79  | lutram | 1       | 24, 72, 1        |
|   p_ZZ11conv_enginePK7ap_uintILi32EEPK6ap_intILi8EES6_PKS3_ILi32EEPS4_PS7_tttthhhih_78_U  | ram_1p       |           |      |      | pragma | p_ZZ11conv_enginePK7ap_uintILi32EEPK6ap_intILi8EES6_PKS3_ILi32EEPS4_PS7_tttthhhih_78  | lutram | 1       | 24, 72, 1        |
|   p_ZZ11conv_enginePK7ap_uintILi32EEPK6ap_intILi8EES6_PKS3_ILi32EEPS4_PS7_tttthhhih_91_U  | ram_1p       |           |      |      | pragma | p_ZZ11conv_enginePK7ap_uintILi32EEPK6ap_intILi8EES6_PKS3_ILi32EEPS4_PS7_tttthhhih_91  | lutram | 1       | 24, 72, 1        |
|   p_ZZ11conv_enginePK7ap_uintILi32EEPK6ap_intILi8EES6_PKS3_ILi32EEPS4_PS7_tttthhhih_90_U  | ram_1p       |           |      |      | pragma | p_ZZ11conv_enginePK7ap_uintILi32EEPK6ap_intILi8EES6_PKS3_ILi32EEPS4_PS7_tttthhhih_90  | lutram | 1       | 24, 72, 1        |
|   p_ZZ11conv_enginePK7ap_uintILi32EEPK6ap_intILi8EES6_PKS3_ILi32EEPS4_PS7_tttthhhih_89_U  | ram_1p       |           |      |      | pragma | p_ZZ11conv_enginePK7ap_uintILi32EEPK6ap_intILi8EES6_PKS3_ILi32EEPS4_PS7_tttthhhih_89  | lutram | 1       | 24, 72, 1        |
|   p_ZZ11conv_enginePK7ap_uintILi32EEPK6ap_intILi8EES6_PKS3_ILi32EEPS4_PS7_tttthhhih_88_U  | ram_1p       |           |      |      | pragma | p_ZZ11conv_enginePK7ap_uintILi32EEPK6ap_intILi8EES6_PKS3_ILi32EEPS4_PS7_tttthhhih_88  | lutram | 1       | 24, 72, 1        |
|   p_ZZ11conv_enginePK7ap_uintILi32EEPK6ap_intILi8EES6_PKS3_ILi32EEPS4_PS7_tttthhhih_87_U  | ram_1p       |           |      |      | pragma | p_ZZ11conv_enginePK7ap_uintILi32EEPK6ap_intILi8EES6_PKS3_ILi32EEPS4_PS7_tttthhhih_87  | lutram | 1       | 24, 72, 1        |
|   p_ZZ11conv_enginePK7ap_uintILi32EEPK6ap_intILi8EES6_PKS3_ILi32EEPS4_PS7_tttthhhih_86_U  | ram_1p       |           |      |      | pragma | p_ZZ11conv_enginePK7ap_uintILi32EEPK6ap_intILi8EES6_PKS3_ILi32EEPS4_PS7_tttthhhih_86  | lutram | 1       | 24, 72, 1        |
|   p_ZZ11conv_enginePK7ap_uintILi32EEPK6ap_intILi8EES6_PKS3_ILi32EEPS4_PS7_tttthhhih_77_U  | ram_1p       |           |      |      | pragma | p_ZZ11conv_enginePK7ap_uintILi32EEPK6ap_intILi8EES6_PKS3_ILi32EEPS4_PS7_tttthhhih_77  | lutram | 1       | 24, 72, 1        |
|   p_ZZ11conv_enginePK7ap_uintILi32EEPK6ap_intILi8EES6_PKS3_ILi32EEPS4_PS7_tttthhhih_76_U  | ram_1p       |           |      |      | pragma | p_ZZ11conv_enginePK7ap_uintILi32EEPK6ap_intILi8EES6_PKS3_ILi32EEPS4_PS7_tttthhhih_76  | lutram | 1       | 24, 72, 1        |
|   p_ZZ11conv_enginePK7ap_uintILi32EEPK6ap_intILi8EES6_PKS3_ILi32EEPS4_PS7_tttthhhih_69_U  | ram_1p       |           |      |      | pragma | p_ZZ11conv_enginePK7ap_uintILi32EEPK6ap_intILi8EES6_PKS3_ILi32EEPS4_PS7_tttthhhih_69  | lutram | 1       | 24, 72, 1        |
|   p_ZZ11conv_enginePK7ap_uintILi32EEPK6ap_intILi8EES6_PKS3_ILi32EEPS4_PS7_tttthhhih_68_U  | ram_1p       |           |      |      | pragma | p_ZZ11conv_enginePK7ap_uintILi32EEPK6ap_intILi8EES6_PKS3_ILi32EEPS4_PS7_tttthhhih_68  | lutram | 1       | 24, 72, 1        |
|   p_ZZ11conv_enginePK7ap_uintILi32EEPK6ap_intILi8EES6_PKS3_ILi32EEPS4_PS7_tttthhhih_67_U  | ram_1p       |           |      |      | pragma | p_ZZ11conv_enginePK7ap_uintILi32EEPK6ap_intILi8EES6_PKS3_ILi32EEPS4_PS7_tttthhhih_67  | lutram | 1       | 24, 72, 1        |
|   p_ZZ11conv_enginePK7ap_uintILi32EEPK6ap_intILi8EES6_PKS3_ILi32EEPS4_PS7_tttthhhih_66_U  | ram_1p       |           |      |      | pragma | p_ZZ11conv_enginePK7ap_uintILi32EEPK6ap_intILi8EES6_PKS3_ILi32EEPS4_PS7_tttthhhih_66  | lutram | 1       | 24, 72, 1        |
|   p_ZZ11conv_enginePK7ap_uintILi32EEPK6ap_intILi8EES6_PKS3_ILi32EEPS4_PS7_tttthhhih_65_U  | ram_1p       |           |      |      | pragma | p_ZZ11conv_enginePK7ap_uintILi32EEPK6ap_intILi8EES6_PKS3_ILi32EEPS4_PS7_tttthhhih_65  | lutram | 1       | 24, 72, 1        |
|   p_ZZ11conv_enginePK7ap_uintILi32EEPK6ap_intILi8EES6_PKS3_ILi32EEPS4_PS7_tttthhhih_64_U  | ram_1p       |           |      |      | pragma | p_ZZ11conv_enginePK7ap_uintILi32EEPK6ap_intILi8EES6_PKS3_ILi32EEPS4_PS7_tttthhhih_64  | lutram | 1       | 24, 72, 1        |
|   p_ZZ11conv_enginePK7ap_uintILi32EEPK6ap_intILi8EES6_PKS3_ILi32EEPS4_PS7_tttthhhih_63_U  | ram_1p       |           |      |      | pragma | p_ZZ11conv_enginePK7ap_uintILi32EEPK6ap_intILi8EES6_PKS3_ILi32EEPS4_PS7_tttthhhih_63  | lutram | 1       | 24, 72, 1        |
|   p_ZZ11conv_enginePK7ap_uintILi32EEPK6ap_intILi8EES6_PKS3_ILi32EEPS4_PS7_tttthhhih_62_U  | ram_1p       |           |      |      | pragma | p_ZZ11conv_enginePK7ap_uintILi32EEPK6ap_intILi8EES6_PKS3_ILi32EEPS4_PS7_tttthhhih_62  | lutram | 1       | 24, 72, 1        |
|   p_ZZ11conv_enginePK7ap_uintILi32EEPK6ap_intILi8EES6_PKS3_ILi32EEPS4_PS7_tttthhhih_75_U  | ram_1p       |           |      |      | pragma | p_ZZ11conv_enginePK7ap_uintILi32EEPK6ap_intILi8EES6_PKS3_ILi32EEPS4_PS7_tttthhhih_75  | lutram | 1       | 24, 72, 1        |
|   p_ZZ11conv_enginePK7ap_uintILi32EEPK6ap_intILi8EES6_PKS3_ILi32EEPS4_PS7_tttthhhih_74_U  | ram_1p       |           |      |      | pragma | p_ZZ11conv_enginePK7ap_uintILi32EEPK6ap_intILi8EES6_PKS3_ILi32EEPS4_PS7_tttthhhih_74  | lutram | 1       | 24, 72, 1        |
|   p_ZZ11conv_enginePK7ap_uintILi32EEPK6ap_intILi8EES6_PKS3_ILi32EEPS4_PS7_tttthhhih_73_U  | ram_1p       |           |      |      | pragma | p_ZZ11conv_enginePK7ap_uintILi32EEPK6ap_intILi8EES6_PKS3_ILi32EEPS4_PS7_tttthhhih_73  | lutram | 1       | 24, 72, 1        |
|   p_ZZ11conv_enginePK7ap_uintILi32EEPK6ap_intILi8EES6_PKS3_ILi32EEPS4_PS7_tttthhhih_72_U  | ram_1p       |           |      |      | pragma | p_ZZ11conv_enginePK7ap_uintILi32EEPK6ap_intILi8EES6_PKS3_ILi32EEPS4_PS7_tttthhhih_72  | lutram | 1       | 24, 72, 1        |
|   p_ZZ11conv_enginePK7ap_uintILi32EEPK6ap_intILi8EES6_PKS3_ILi32EEPS4_PS7_tttthhhih_71_U  | ram_1p       |           |      |      | pragma | p_ZZ11conv_enginePK7ap_uintILi32EEPK6ap_intILi8EES6_PKS3_ILi32EEPS4_PS7_tttthhhih_71  | lutram | 1       | 24, 72, 1        |
|   p_ZZ11conv_enginePK7ap_uintILi32EEPK6ap_intILi8EES6_PKS3_ILi32EEPS4_PS7_tttthhhih_70_U  | ram_1p       |           |      |      | pragma | p_ZZ11conv_enginePK7ap_uintILi32EEPK6ap_intILi8EES6_PKS3_ILi32EEPS4_PS7_tttthhhih_70  | lutram | 1       | 24, 72, 1        |
|   p_ZZ11conv_enginePK7ap_uintILi32EEPK6ap_intILi8EES6_PKS3_ILi32EEPS4_PS7_tttthhhih_61_U  | ram_1p       |           |      |      | pragma | p_ZZ11conv_enginePK7ap_uintILi32EEPK6ap_intILi8EES6_PKS3_ILi32EEPS4_PS7_tttthhhih_61  | lutram | 1       | 24, 72, 1        |
|   p_ZZ11conv_enginePK7ap_uintILi32EEPK6ap_intILi8EES6_PKS3_ILi32EEPS4_PS7_tttthhhih_60_U  | ram_1p       |           |      |      | pragma | p_ZZ11conv_enginePK7ap_uintILi32EEPK6ap_intILi8EES6_PKS3_ILi32EEPS4_PS7_tttthhhih_60  | lutram | 1       | 24, 72, 1        |
|   p_ZZ11conv_enginePK7ap_uintILi32EEPK6ap_intILi8EES6_PKS3_ILi32EEPS4_PS7_tttthhhih_53_U  | ram_1p       |           |      |      | pragma | p_ZZ11conv_enginePK7ap_uintILi32EEPK6ap_intILi8EES6_PKS3_ILi32EEPS4_PS7_tttthhhih_53  | lutram | 1       | 24, 72, 1        |
|   p_ZZ11conv_enginePK7ap_uintILi32EEPK6ap_intILi8EES6_PKS3_ILi32EEPS4_PS7_tttthhhih_52_U  | ram_1p       |           |      |      | pragma | p_ZZ11conv_enginePK7ap_uintILi32EEPK6ap_intILi8EES6_PKS3_ILi32EEPS4_PS7_tttthhhih_52  | lutram | 1       | 24, 72, 1        |
|   p_ZZ11conv_enginePK7ap_uintILi32EEPK6ap_intILi8EES6_PKS3_ILi32EEPS4_PS7_tttthhhih_51_U  | ram_1p       |           |      |      | pragma | p_ZZ11conv_enginePK7ap_uintILi32EEPK6ap_intILi8EES6_PKS3_ILi32EEPS4_PS7_tttthhhih_51  | lutram | 1       | 24, 72, 1        |
|   p_ZZ11conv_enginePK7ap_uintILi32EEPK6ap_intILi8EES6_PKS3_ILi32EEPS4_PS7_tttthhhih_50_U  | ram_1p       |           |      |      | pragma | p_ZZ11conv_enginePK7ap_uintILi32EEPK6ap_intILi8EES6_PKS3_ILi32EEPS4_PS7_tttthhhih_50  | lutram | 1       | 24, 72, 1        |
|   p_ZZ11conv_enginePK7ap_uintILi32EEPK6ap_intILi8EES6_PKS3_ILi32EEPS4_PS7_tttthhhih_49_U  | ram_1p       |           |      |      | pragma | p_ZZ11conv_enginePK7ap_uintILi32EEPK6ap_intILi8EES6_PKS3_ILi32EEPS4_PS7_tttthhhih_49  | lutram | 1       | 24, 72, 1        |
|   p_ZZ11conv_enginePK7ap_uintILi32EEPK6ap_intILi8EES6_PKS3_ILi32EEPS4_PS7_tttthhhih_48_U  | ram_1p       |           |      |      | pragma | p_ZZ11conv_enginePK7ap_uintILi32EEPK6ap_intILi8EES6_PKS3_ILi32EEPS4_PS7_tttthhhih_48  | lutram | 1       | 24, 72, 1        |
|   p_ZZ11conv_enginePK7ap_uintILi32EEPK6ap_intILi8EES6_PKS3_ILi32EEPS4_PS7_tttthhhih_47_U  | ram_1p       |           |      |      | pragma | p_ZZ11conv_enginePK7ap_uintILi32EEPK6ap_intILi8EES6_PKS3_ILi32EEPS4_PS7_tttthhhih_47  | lutram | 1       | 24, 72, 1        |
|   p_ZZ11conv_enginePK7ap_uintILi32EEPK6ap_intILi8EES6_PKS3_ILi32EEPS4_PS7_tttthhhih_46_U  | ram_1p       |           |      |      | pragma | p_ZZ11conv_enginePK7ap_uintILi32EEPK6ap_intILi8EES6_PKS3_ILi32EEPS4_PS7_tttthhhih_46  | lutram | 1       | 24, 72, 1        |
|   p_ZZ11conv_enginePK7ap_uintILi32EEPK6ap_intILi8EES6_PKS3_ILi32EEPS4_PS7_tttthhhih_59_U  | ram_1p       |           |      |      | pragma | p_ZZ11conv_enginePK7ap_uintILi32EEPK6ap_intILi8EES6_PKS3_ILi32EEPS4_PS7_tttthhhih_59  | lutram | 1       | 24, 72, 1        |
|   p_ZZ11conv_enginePK7ap_uintILi32EEPK6ap_intILi8EES6_PKS3_ILi32EEPS4_PS7_tttthhhih_58_U  | ram_1p       |           |      |      | pragma | p_ZZ11conv_enginePK7ap_uintILi32EEPK6ap_intILi8EES6_PKS3_ILi32EEPS4_PS7_tttthhhih_58  | lutram | 1       | 24, 72, 1        |
|   p_ZZ11conv_enginePK7ap_uintILi32EEPK6ap_intILi8EES6_PKS3_ILi32EEPS4_PS7_tttthhhih_57_U  | ram_1p       |           |      |      | pragma | p_ZZ11conv_enginePK7ap_uintILi32EEPK6ap_intILi8EES6_PKS3_ILi32EEPS4_PS7_tttthhhih_57  | lutram | 1       | 24, 72, 1        |
|   p_ZZ11conv_enginePK7ap_uintILi32EEPK6ap_intILi8EES6_PKS3_ILi32EEPS4_PS7_tttthhhih_56_U  | ram_1p       |           |      |      | pragma | p_ZZ11conv_enginePK7ap_uintILi32EEPK6ap_intILi8EES6_PKS3_ILi32EEPS4_PS7_tttthhhih_56  | lutram | 1       | 24, 72, 1        |
|   p_ZZ11conv_enginePK7ap_uintILi32EEPK6ap_intILi8EES6_PKS3_ILi32EEPS4_PS7_tttthhhih_55_U  | ram_1p       |           |      |      | pragma | p_ZZ11conv_enginePK7ap_uintILi32EEPK6ap_intILi8EES6_PKS3_ILi32EEPS4_PS7_tttthhhih_55  | lutram | 1       | 24, 72, 1        |
|   p_ZZ11conv_enginePK7ap_uintILi32EEPK6ap_intILi8EES6_PKS3_ILi32EEPS4_PS7_tttthhhih_54_U  | ram_1p       |           |      |      | pragma | p_ZZ11conv_enginePK7ap_uintILi32EEPK6ap_intILi8EES6_PKS3_ILi32EEPS4_PS7_tttthhhih_54  | lutram | 1       | 24, 72, 1        |
|   p_ZZ11conv_enginePK7ap_uintILi32EEPK6ap_intILi8EES6_PKS3_ILi32EEPS4_PS7_tttthhhih_45_U  | ram_1p       |           |      |      | pragma | p_ZZ11conv_enginePK7ap_uintILi32EEPK6ap_intILi8EES6_PKS3_ILi32EEPS4_PS7_tttthhhih_45  | lutram | 1       | 24, 72, 1        |
|   p_ZZ11conv_enginePK7ap_uintILi32EEPK6ap_intILi8EES6_PKS3_ILi32EEPS4_PS7_tttthhhih_44_U  | ram_1p       |           |      |      | pragma | p_ZZ11conv_enginePK7ap_uintILi32EEPK6ap_intILi8EES6_PKS3_ILi32EEPS4_PS7_tttthhhih_44  | lutram | 1       | 24, 72, 1        |
|   p_ZZ11conv_enginePK7ap_uintILi32EEPK6ap_intILi8EES6_PKS3_ILi32EEPS4_PS7_tttthhhih_37_U  | ram_1p       |           |      |      | pragma | p_ZZ11conv_enginePK7ap_uintILi32EEPK6ap_intILi8EES6_PKS3_ILi32EEPS4_PS7_tttthhhih_37  | lutram | 1       | 24, 72, 1        |
|   p_ZZ11conv_enginePK7ap_uintILi32EEPK6ap_intILi8EES6_PKS3_ILi32EEPS4_PS7_tttthhhih_36_U  | ram_1p       |           |      |      | pragma | p_ZZ11conv_enginePK7ap_uintILi32EEPK6ap_intILi8EES6_PKS3_ILi32EEPS4_PS7_tttthhhih_36  | lutram | 1       | 24, 72, 1        |
|   p_ZZ11conv_enginePK7ap_uintILi32EEPK6ap_intILi8EES6_PKS3_ILi32EEPS4_PS7_tttthhhih_35_U  | ram_1p       |           |      |      | pragma | p_ZZ11conv_enginePK7ap_uintILi32EEPK6ap_intILi8EES6_PKS3_ILi32EEPS4_PS7_tttthhhih_35  | lutram | 1       | 24, 72, 1        |
|   p_ZZ11conv_enginePK7ap_uintILi32EEPK6ap_intILi8EES6_PKS3_ILi32EEPS4_PS7_tttthhhih_34_U  | ram_1p       |           |      |      | pragma | p_ZZ11conv_enginePK7ap_uintILi32EEPK6ap_intILi8EES6_PKS3_ILi32EEPS4_PS7_tttthhhih_34  | lutram | 1       | 24, 72, 1        |
|   p_ZZ11conv_enginePK7ap_uintILi32EEPK6ap_intILi8EES6_PKS3_ILi32EEPS4_PS7_tttthhhih_33_U  | ram_1p       |           |      |      | pragma | p_ZZ11conv_enginePK7ap_uintILi32EEPK6ap_intILi8EES6_PKS3_ILi32EEPS4_PS7_tttthhhih_33  | lutram | 1       | 24, 72, 1        |
|   p_ZZ11conv_enginePK7ap_uintILi32EEPK6ap_intILi8EES6_PKS3_ILi32EEPS4_PS7_tttthhhih_32_U  | ram_1p       |           |      |      | pragma | p_ZZ11conv_enginePK7ap_uintILi32EEPK6ap_intILi8EES6_PKS3_ILi32EEPS4_PS7_tttthhhih_32  | lutram | 1       | 24, 72, 1        |
|   p_ZZ11conv_enginePK7ap_uintILi32EEPK6ap_intILi8EES6_PKS3_ILi32EEPS4_PS7_tttthhhih_31_U  | ram_1p       |           |      |      | pragma | p_ZZ11conv_enginePK7ap_uintILi32EEPK6ap_intILi8EES6_PKS3_ILi32EEPS4_PS7_tttthhhih_31  | lutram | 1       | 24, 72, 1        |
|   p_ZZ11conv_enginePK7ap_uintILi32EEPK6ap_intILi8EES6_PKS3_ILi32EEPS4_PS7_tttthhhih_30_U  | ram_1p       |           |      |      | pragma | p_ZZ11conv_enginePK7ap_uintILi32EEPK6ap_intILi8EES6_PKS3_ILi32EEPS4_PS7_tttthhhih_30  | lutram | 1       | 24, 72, 1        |
|   p_ZZ11conv_enginePK7ap_uintILi32EEPK6ap_intILi8EES6_PKS3_ILi32EEPS4_PS7_tttthhhih_43_U  | ram_1p       |           |      |      | pragma | p_ZZ11conv_enginePK7ap_uintILi32EEPK6ap_intILi8EES6_PKS3_ILi32EEPS4_PS7_tttthhhih_43  | lutram | 1       | 24, 72, 1        |
|   p_ZZ11conv_enginePK7ap_uintILi32EEPK6ap_intILi8EES6_PKS3_ILi32EEPS4_PS7_tttthhhih_42_U  | ram_1p       |           |      |      | pragma | p_ZZ11conv_enginePK7ap_uintILi32EEPK6ap_intILi8EES6_PKS3_ILi32EEPS4_PS7_tttthhhih_42  | lutram | 1       | 24, 72, 1        |
|   p_ZZ11conv_enginePK7ap_uintILi32EEPK6ap_intILi8EES6_PKS3_ILi32EEPS4_PS7_tttthhhih_41_U  | ram_1p       |           |      |      | pragma | p_ZZ11conv_enginePK7ap_uintILi32EEPK6ap_intILi8EES6_PKS3_ILi32EEPS4_PS7_tttthhhih_41  | lutram | 1       | 24, 72, 1        |
|   p_ZZ11conv_enginePK7ap_uintILi32EEPK6ap_intILi8EES6_PKS3_ILi32EEPS4_PS7_tttthhhih_40_U  | ram_1p       |           |      |      | pragma | p_ZZ11conv_enginePK7ap_uintILi32EEPK6ap_intILi8EES6_PKS3_ILi32EEPS4_PS7_tttthhhih_40  | lutram | 1       | 24, 72, 1        |
|   p_ZZ11conv_enginePK7ap_uintILi32EEPK6ap_intILi8EES6_PKS3_ILi32EEPS4_PS7_tttthhhih_39_U  | ram_1p       |           |      |      | pragma | p_ZZ11conv_enginePK7ap_uintILi32EEPK6ap_intILi8EES6_PKS3_ILi32EEPS4_PS7_tttthhhih_39  | lutram | 1       | 24, 72, 1        |
|   p_ZZ11conv_enginePK7ap_uintILi32EEPK6ap_intILi8EES6_PKS3_ILi32EEPS4_PS7_tttthhhih_38_U  | ram_1p       |           |      |      | pragma | p_ZZ11conv_enginePK7ap_uintILi32EEPK6ap_intILi8EES6_PKS3_ILi32EEPS4_PS7_tttthhhih_38  | lutram | 1       | 24, 72, 1        |
|   p_ZZ11conv_enginePK7ap_uintILi32EEPK6ap_intILi8EES6_PKS3_ILi32EEPS4_PS7_tttthhhih_29_U  | ram_1p       |           |      |      | pragma | p_ZZ11conv_enginePK7ap_uintILi32EEPK6ap_intILi8EES6_PKS3_ILi32EEPS4_PS7_tttthhhih_29  | lutram | 1       | 24, 72, 1        |
|   p_ZZ11conv_enginePK7ap_uintILi32EEPK6ap_intILi8EES6_PKS3_ILi32EEPS4_PS7_tttthhhih_28_U  | ram_1p       |           |      |      | pragma | p_ZZ11conv_enginePK7ap_uintILi32EEPK6ap_intILi8EES6_PKS3_ILi32EEPS4_PS7_tttthhhih_28  | lutram | 1       | 24, 72, 1        |
|   p_ZZ11conv_enginePK7ap_uintILi32EEPK6ap_intILi8EES6_PKS3_ILi32EEPS4_PS7_tttthhhih_21_U  | ram_1p       |           |      |      | pragma | p_ZZ11conv_enginePK7ap_uintILi32EEPK6ap_intILi8EES6_PKS3_ILi32EEPS4_PS7_tttthhhih_21  | lutram | 1       | 24, 72, 1        |
|   p_ZZ11conv_enginePK7ap_uintILi32EEPK6ap_intILi8EES6_PKS3_ILi32EEPS4_PS7_tttthhhih_20_U  | ram_1p       |           |      |      | pragma | p_ZZ11conv_enginePK7ap_uintILi32EEPK6ap_intILi8EES6_PKS3_ILi32EEPS4_PS7_tttthhhih_20  | lutram | 1       | 24, 72, 1        |
|   p_ZZ11conv_enginePK7ap_uintILi32EEPK6ap_intILi8EES6_PKS3_ILi32EEPS4_PS7_tttthhhih_19_U  | ram_1p       |           |      |      | pragma | p_ZZ11conv_enginePK7ap_uintILi32EEPK6ap_intILi8EES6_PKS3_ILi32EEPS4_PS7_tttthhhih_19  | lutram | 1       | 24, 72, 1        |
|   p_ZZ11conv_enginePK7ap_uintILi32EEPK6ap_intILi8EES6_PKS3_ILi32EEPS4_PS7_tttthhhih_18_U  | ram_1p       |           |      |      | pragma | p_ZZ11conv_enginePK7ap_uintILi32EEPK6ap_intILi8EES6_PKS3_ILi32EEPS4_PS7_tttthhhih_18  | lutram | 1       | 24, 72, 1        |
|   p_ZZ11conv_enginePK7ap_uintILi32EEPK6ap_intILi8EES6_PKS3_ILi32EEPS4_PS7_tttthhhih_17_U  | ram_1p       |           |      |      | pragma | p_ZZ11conv_enginePK7ap_uintILi32EEPK6ap_intILi8EES6_PKS3_ILi32EEPS4_PS7_tttthhhih_17  | lutram | 1       | 24, 72, 1        |
|   p_ZZ11conv_enginePK7ap_uintILi32EEPK6ap_intILi8EES6_PKS3_ILi32EEPS4_PS7_tttthhhih_16_U  | ram_1p       |           |      |      | pragma | p_ZZ11conv_enginePK7ap_uintILi32EEPK6ap_intILi8EES6_PKS3_ILi32EEPS4_PS7_tttthhhih_16  | lutram | 1       | 24, 72, 1        |
|   p_ZZ11conv_enginePK7ap_uintILi32EEPK6ap_intILi8EES6_PKS3_ILi32EEPS4_PS7_tttthhhih_15_U  | ram_1p       |           |      |      | pragma | p_ZZ11conv_enginePK7ap_uintILi32EEPK6ap_intILi8EES6_PKS3_ILi32EEPS4_PS7_tttthhhih_15  | lutram | 1       | 24, 72, 1        |
|   p_ZZ11conv_enginePK7ap_uintILi32EEPK6ap_intILi8EES6_PKS3_ILi32EEPS4_PS7_tttthhhih_14_U  | ram_1p       |           |      |      | pragma | p_ZZ11conv_enginePK7ap_uintILi32EEPK6ap_intILi8EES6_PKS3_ILi32EEPS4_PS7_tttthhhih_14  | lutram | 1       | 24, 72, 1        |
|   p_ZZ11conv_enginePK7ap_uintILi32EEPK6ap_intILi8EES6_PKS3_ILi32EEPS4_PS7_tttthhhih_27_U  | ram_1p       |           |      |      | pragma | p_ZZ11conv_enginePK7ap_uintILi32EEPK6ap_intILi8EES6_PKS3_ILi32EEPS4_PS7_tttthhhih_27  | lutram | 1       | 24, 72, 1        |
|   p_ZZ11conv_enginePK7ap_uintILi32EEPK6ap_intILi8EES6_PKS3_ILi32EEPS4_PS7_tttthhhih_26_U  | ram_1p       |           |      |      | pragma | p_ZZ11conv_enginePK7ap_uintILi32EEPK6ap_intILi8EES6_PKS3_ILi32EEPS4_PS7_tttthhhih_26  | lutram | 1       | 24, 72, 1        |
|   p_ZZ11conv_enginePK7ap_uintILi32EEPK6ap_intILi8EES6_PKS3_ILi32EEPS4_PS7_tttthhhih_25_U  | ram_1p       |           |      |      | pragma | p_ZZ11conv_enginePK7ap_uintILi32EEPK6ap_intILi8EES6_PKS3_ILi32EEPS4_PS7_tttthhhih_25  | lutram | 1       | 24, 72, 1        |
|   p_ZZ11conv_enginePK7ap_uintILi32EEPK6ap_intILi8EES6_PKS3_ILi32EEPS4_PS7_tttthhhih_24_U  | ram_1p       |           |      |      | pragma | p_ZZ11conv_enginePK7ap_uintILi32EEPK6ap_intILi8EES6_PKS3_ILi32EEPS4_PS7_tttthhhih_24  | lutram | 1       | 24, 72, 1        |
|   p_ZZ11conv_enginePK7ap_uintILi32EEPK6ap_intILi8EES6_PKS3_ILi32EEPS4_PS7_tttthhhih_23_U  | ram_1p       |           |      |      | pragma | p_ZZ11conv_enginePK7ap_uintILi32EEPK6ap_intILi8EES6_PKS3_ILi32EEPS4_PS7_tttthhhih_23  | lutram | 1       | 24, 72, 1        |
|   p_ZZ11conv_enginePK7ap_uintILi32EEPK6ap_intILi8EES6_PKS3_ILi32EEPS4_PS7_tttthhhih_22_U  | ram_1p       |           |      |      | pragma | p_ZZ11conv_enginePK7ap_uintILi32EEPK6ap_intILi8EES6_PKS3_ILi32EEPS4_PS7_tttthhhih_22  | lutram | 1       | 24, 72, 1        |
|   p_ZZ11conv_enginePK7ap_uintILi32EEPK6ap_intILi8EES6_PKS3_ILi32EEPS4_PS7_tttthhhih_221_U | ram_1p       |           |      |      | pragma | p_ZZ11conv_enginePK7ap_uintILi32EEPK6ap_intILi8EES6_PKS3_ILi32EEPS4_PS7_tttthhhih_221 | lutram | 1       | 24, 72, 1        |
|   p_ZZ11conv_enginePK7ap_uintILi32EEPK6ap_intILi8EES6_PKS3_ILi32EEPS4_PS7_tttthhhih_222_U | ram_1p       |           |      |      | pragma | p_ZZ11conv_enginePK7ap_uintILi32EEPK6ap_intILi8EES6_PKS3_ILi32EEPS4_PS7_tttthhhih_222 | lutram | 1       | 24, 72, 1        |
|   p_ZZ11conv_enginePK7ap_uintILi32EEPK6ap_intILi8EES6_PKS3_ILi32EEPS4_PS7_tttthhhih_229_U | ram_1p       |           |      |      | pragma | p_ZZ11conv_enginePK7ap_uintILi32EEPK6ap_intILi8EES6_PKS3_ILi32EEPS4_PS7_tttthhhih_229 | lutram | 1       | 24, 72, 1        |
|   p_ZZ11conv_enginePK7ap_uintILi32EEPK6ap_intILi8EES6_PKS3_ILi32EEPS4_PS7_tttthhhih_230_U | ram_1p       |           |      |      | pragma | p_ZZ11conv_enginePK7ap_uintILi32EEPK6ap_intILi8EES6_PKS3_ILi32EEPS4_PS7_tttthhhih_230 | lutram | 1       | 24, 72, 1        |
|   p_ZZ11conv_enginePK7ap_uintILi32EEPK6ap_intILi8EES6_PKS3_ILi32EEPS4_PS7_tttthhhih_231_U | ram_1p       |           |      |      | pragma | p_ZZ11conv_enginePK7ap_uintILi32EEPK6ap_intILi8EES6_PKS3_ILi32EEPS4_PS7_tttthhhih_231 | lutram | 1       | 24, 72, 1        |
|   p_ZZ11conv_enginePK7ap_uintILi32EEPK6ap_intILi8EES6_PKS3_ILi32EEPS4_PS7_tttthhhih_232_U | ram_1p       |           |      |      | pragma | p_ZZ11conv_enginePK7ap_uintILi32EEPK6ap_intILi8EES6_PKS3_ILi32EEPS4_PS7_tttthhhih_232 | lutram | 1       | 24, 72, 1        |
|   p_ZZ11conv_enginePK7ap_uintILi32EEPK6ap_intILi8EES6_PKS3_ILi32EEPS4_PS7_tttthhhih_233_U | ram_1p       |           |      |      | pragma | p_ZZ11conv_enginePK7ap_uintILi32EEPK6ap_intILi8EES6_PKS3_ILi32EEPS4_PS7_tttthhhih_233 | lutram | 1       | 24, 72, 1        |
|   p_ZZ11conv_enginePK7ap_uintILi32EEPK6ap_intILi8EES6_PKS3_ILi32EEPS4_PS7_tttthhhih_234_U | ram_1p       |           |      |      | pragma | p_ZZ11conv_enginePK7ap_uintILi32EEPK6ap_intILi8EES6_PKS3_ILi32EEPS4_PS7_tttthhhih_234 | lutram | 1       | 24, 72, 1        |
|   p_ZZ11conv_enginePK7ap_uintILi32EEPK6ap_intILi8EES6_PKS3_ILi32EEPS4_PS7_tttthhhih_235_U | ram_1p       |           |      |      | pragma | p_ZZ11conv_enginePK7ap_uintILi32EEPK6ap_intILi8EES6_PKS3_ILi32EEPS4_PS7_tttthhhih_235 | lutram | 1       | 24, 72, 1        |
|   p_ZZ11conv_enginePK7ap_uintILi32EEPK6ap_intILi8EES6_PKS3_ILi32EEPS4_PS7_tttthhhih_236_U | ram_1p       |           |      |      | pragma | p_ZZ11conv_enginePK7ap_uintILi32EEPK6ap_intILi8EES6_PKS3_ILi32EEPS4_PS7_tttthhhih_236 | lutram | 1       | 24, 72, 1        |
|   p_ZZ11conv_enginePK7ap_uintILi32EEPK6ap_intILi8EES6_PKS3_ILi32EEPS4_PS7_tttthhhih_223_U | ram_1p       |           |      |      | pragma | p_ZZ11conv_enginePK7ap_uintILi32EEPK6ap_intILi8EES6_PKS3_ILi32EEPS4_PS7_tttthhhih_223 | lutram | 1       | 24, 72, 1        |
|   p_ZZ11conv_enginePK7ap_uintILi32EEPK6ap_intILi8EES6_PKS3_ILi32EEPS4_PS7_tttthhhih_224_U | ram_1p       |           |      |      | pragma | p_ZZ11conv_enginePK7ap_uintILi32EEPK6ap_intILi8EES6_PKS3_ILi32EEPS4_PS7_tttthhhih_224 | lutram | 1       | 24, 72, 1        |
|   p_ZZ11conv_enginePK7ap_uintILi32EEPK6ap_intILi8EES6_PKS3_ILi32EEPS4_PS7_tttthhhih_225_U | ram_1p       |           |      |      | pragma | p_ZZ11conv_enginePK7ap_uintILi32EEPK6ap_intILi8EES6_PKS3_ILi32EEPS4_PS7_tttthhhih_225 | lutram | 1       | 24, 72, 1        |
|   p_ZZ11conv_enginePK7ap_uintILi32EEPK6ap_intILi8EES6_PKS3_ILi32EEPS4_PS7_tttthhhih_226_U | ram_1p       |           |      |      | pragma | p_ZZ11conv_enginePK7ap_uintILi32EEPK6ap_intILi8EES6_PKS3_ILi32EEPS4_PS7_tttthhhih_226 | lutram | 1       | 24, 72, 1        |
|   p_ZZ11conv_enginePK7ap_uintILi32EEPK6ap_intILi8EES6_PKS3_ILi32EEPS4_PS7_tttthhhih_227_U | ram_1p       |           |      |      | pragma | p_ZZ11conv_enginePK7ap_uintILi32EEPK6ap_intILi8EES6_PKS3_ILi32EEPS4_PS7_tttthhhih_227 | lutram | 1       | 24, 72, 1        |
|   p_ZZ11conv_enginePK7ap_uintILi32EEPK6ap_intILi8EES6_PKS3_ILi32EEPS4_PS7_tttthhhih_228_U | ram_1p       |           |      |      | pragma | p_ZZ11conv_enginePK7ap_uintILi32EEPK6ap_intILi8EES6_PKS3_ILi32EEPS4_PS7_tttthhhih_228 | lutram | 1       | 24, 72, 1        |
|   p_ZZ11conv_enginePK7ap_uintILi32EEPK6ap_intILi8EES6_PKS3_ILi32EEPS4_PS7_tttthhhih_237_U | ram_1p       |           |      |      | pragma | p_ZZ11conv_enginePK7ap_uintILi32EEPK6ap_intILi8EES6_PKS3_ILi32EEPS4_PS7_tttthhhih_237 | lutram | 1       | 24, 72, 1        |
|   p_ZZ11conv_enginePK7ap_uintILi32EEPK6ap_intILi8EES6_PKS3_ILi32EEPS4_PS7_tttthhhih_238_U | ram_1p       |           |      |      | pragma | p_ZZ11conv_enginePK7ap_uintILi32EEPK6ap_intILi8EES6_PKS3_ILi32EEPS4_PS7_tttthhhih_238 | lutram | 1       | 24, 72, 1        |
|   p_ZZ11conv_enginePK7ap_uintILi32EEPK6ap_intILi8EES6_PKS3_ILi32EEPS4_PS7_tttthhhih_245_U | ram_1p       |           |      |      | pragma | p_ZZ11conv_enginePK7ap_uintILi32EEPK6ap_intILi8EES6_PKS3_ILi32EEPS4_PS7_tttthhhih_245 | lutram | 1       | 24, 72, 1        |
|   p_ZZ11conv_enginePK7ap_uintILi32EEPK6ap_intILi8EES6_PKS3_ILi32EEPS4_PS7_tttthhhih_246_U | ram_1p       |           |      |      | pragma | p_ZZ11conv_enginePK7ap_uintILi32EEPK6ap_intILi8EES6_PKS3_ILi32EEPS4_PS7_tttthhhih_246 | lutram | 1       | 24, 72, 1        |
|   p_ZZ11conv_enginePK7ap_uintILi32EEPK6ap_intILi8EES6_PKS3_ILi32EEPS4_PS7_tttthhhih_247_U | ram_1p       |           |      |      | pragma | p_ZZ11conv_enginePK7ap_uintILi32EEPK6ap_intILi8EES6_PKS3_ILi32EEPS4_PS7_tttthhhih_247 | lutram | 1       | 24, 72, 1        |
|   p_ZZ11conv_enginePK7ap_uintILi32EEPK6ap_intILi8EES6_PKS3_ILi32EEPS4_PS7_tttthhhih_248_U | ram_1p       |           |      |      | pragma | p_ZZ11conv_enginePK7ap_uintILi32EEPK6ap_intILi8EES6_PKS3_ILi32EEPS4_PS7_tttthhhih_248 | lutram | 1       | 24, 72, 1        |
|   p_ZZ11conv_enginePK7ap_uintILi32EEPK6ap_intILi8EES6_PKS3_ILi32EEPS4_PS7_tttthhhih_249_U | ram_1p       |           |      |      | pragma | p_ZZ11conv_enginePK7ap_uintILi32EEPK6ap_intILi8EES6_PKS3_ILi32EEPS4_PS7_tttthhhih_249 | lutram | 1       | 24, 72, 1        |
|   p_ZZ11conv_enginePK7ap_uintILi32EEPK6ap_intILi8EES6_PKS3_ILi32EEPS4_PS7_tttthhhih_250_U | ram_1p       |           |      |      | pragma | p_ZZ11conv_enginePK7ap_uintILi32EEPK6ap_intILi8EES6_PKS3_ILi32EEPS4_PS7_tttthhhih_250 | lutram | 1       | 24, 72, 1        |
|   p_ZZ11conv_enginePK7ap_uintILi32EEPK6ap_intILi8EES6_PKS3_ILi32EEPS4_PS7_tttthhhih_251_U | ram_1p       |           |      |      | pragma | p_ZZ11conv_enginePK7ap_uintILi32EEPK6ap_intILi8EES6_PKS3_ILi32EEPS4_PS7_tttthhhih_251 | lutram | 1       | 24, 72, 1        |
|   p_ZZ11conv_enginePK7ap_uintILi32EEPK6ap_intILi8EES6_PKS3_ILi32EEPS4_PS7_tttthhhih_252_U | ram_1p       |           |      |      | pragma | p_ZZ11conv_enginePK7ap_uintILi32EEPK6ap_intILi8EES6_PKS3_ILi32EEPS4_PS7_tttthhhih_252 | lutram | 1       | 24, 72, 1        |
|   p_ZZ11conv_enginePK7ap_uintILi32EEPK6ap_intILi8EES6_PKS3_ILi32EEPS4_PS7_tttthhhih_239_U | ram_1p       |           |      |      | pragma | p_ZZ11conv_enginePK7ap_uintILi32EEPK6ap_intILi8EES6_PKS3_ILi32EEPS4_PS7_tttthhhih_239 | lutram | 1       | 24, 72, 1        |
|   p_ZZ11conv_enginePK7ap_uintILi32EEPK6ap_intILi8EES6_PKS3_ILi32EEPS4_PS7_tttthhhih_240_U | ram_1p       |           |      |      | pragma | p_ZZ11conv_enginePK7ap_uintILi32EEPK6ap_intILi8EES6_PKS3_ILi32EEPS4_PS7_tttthhhih_240 | lutram | 1       | 24, 72, 1        |
|   p_ZZ11conv_enginePK7ap_uintILi32EEPK6ap_intILi8EES6_PKS3_ILi32EEPS4_PS7_tttthhhih_241_U | ram_1p       |           |      |      | pragma | p_ZZ11conv_enginePK7ap_uintILi32EEPK6ap_intILi8EES6_PKS3_ILi32EEPS4_PS7_tttthhhih_241 | lutram | 1       | 24, 72, 1        |
|   p_ZZ11conv_enginePK7ap_uintILi32EEPK6ap_intILi8EES6_PKS3_ILi32EEPS4_PS7_tttthhhih_242_U | ram_1p       |           |      |      | pragma | p_ZZ11conv_enginePK7ap_uintILi32EEPK6ap_intILi8EES6_PKS3_ILi32EEPS4_PS7_tttthhhih_242 | lutram | 1       | 24, 72, 1        |
|   p_ZZ11conv_enginePK7ap_uintILi32EEPK6ap_intILi8EES6_PKS3_ILi32EEPS4_PS7_tttthhhih_243_U | ram_1p       |           |      |      | pragma | p_ZZ11conv_enginePK7ap_uintILi32EEPK6ap_intILi8EES6_PKS3_ILi32EEPS4_PS7_tttthhhih_243 | lutram | 1       | 24, 72, 1        |
|   p_ZZ11conv_enginePK7ap_uintILi32EEPK6ap_intILi8EES6_PKS3_ILi32EEPS4_PS7_tttthhhih_244_U | ram_1p       |           |      |      | pragma | p_ZZ11conv_enginePK7ap_uintILi32EEPK6ap_intILi8EES6_PKS3_ILi32EEPS4_PS7_tttthhhih_244 | lutram | 1       | 24, 72, 1        |
|   scan_and_compute_ap_uint_const_ap_int_ap_int_unsigned_int_unsigned_int_unsign_9_U       | ram_2p       |           |      |      |        | scan_and_compute_ap_uint_const_ap_int_ap_int_unsigned_int_unsigned_int_unsign_9       | auto   | 1       | 8, 72, 1         |
|   scan_and_compute_ap_uint_const_ap_int_ap_int_unsigned_int_unsigned_int_unsign_8_U       | ram_2p       |           |      |      |        | scan_and_compute_ap_uint_const_ap_int_ap_int_unsigned_int_unsigned_int_unsign_8       | auto   | 1       | 8, 72, 1         |
|   scan_and_compute_ap_uint_const_ap_int_ap_int_unsigned_int_unsigned_int_unsign_7_U       | ram_2p       |           |      |      |        | scan_and_compute_ap_uint_const_ap_int_ap_int_unsigned_int_unsigned_int_unsign_7       | auto   | 1       | 8, 72, 1         |
|   scan_and_compute_ap_uint_const_ap_int_ap_int_unsigned_int_unsigned_int_unsign_6_U       | ram_2p       |           |      |      |        | scan_and_compute_ap_uint_const_ap_int_ap_int_unsigned_int_unsigned_int_unsign_6       | auto   | 1       | 8, 72, 1         |
|   scan_and_compute_ap_uint_const_ap_int_ap_int_unsigned_int_unsigned_int_unsign_5_U       | ram_2p       |           |      |      |        | scan_and_compute_ap_uint_const_ap_int_ap_int_unsigned_int_unsigned_int_unsign_5       | auto   | 1       | 8, 72, 1         |
|   scan_and_compute_ap_uint_const_ap_int_ap_int_unsigned_int_unsigned_int_unsign_4_U       | ram_2p       |           |      |      |        | scan_and_compute_ap_uint_const_ap_int_ap_int_unsigned_int_unsigned_int_unsign_4       | auto   | 1       | 8, 72, 1         |
|   scan_and_compute_ap_uint_const_ap_int_ap_int_unsigned_int_unsigned_int_unsign_3_U       | ram_2p       |           |      |      |        | scan_and_compute_ap_uint_const_ap_int_ap_int_unsigned_int_unsigned_int_unsign_3       | auto   | 1       | 8, 72, 1         |
|   scan_and_compute_ap_uint_const_ap_int_ap_int_unsigned_int_unsigned_int_unsign_2_U       | ram_2p       |           |      |      |        | scan_and_compute_ap_uint_const_ap_int_ap_int_unsigned_int_unsigned_int_unsign_2       | auto   | 1       | 8, 72, 1         |
|   scan_and_compute_ap_uint_const_ap_int_ap_int_unsigned_int_unsigned_int_unsign_1_U       | ram_2p       |           |      |      |        | scan_and_compute_ap_uint_const_ap_int_ap_int_unsigned_int_unsigned_int_unsign_1       | auto   | 1       | 8, 72, 1         |
|   scan_and_compute_ap_uint_const_ap_int_ap_int_unsigned_int_unsigned_int_unsign_U         | ram_2p       |           |      |      |        | scan_and_compute_ap_uint_const_ap_int_ap_int_unsigned_int_unsigned_int_unsign         | auto   | 1       | 8, 72, 1         |
|   p_ZZL16scan_and_computePK7ap_uintILi32EEP6ap_intILi32EEPS3_ILi8EEjjjjjjjjjjjPA128_35_U  | ram_2p       |           |      |      |        | p_ZZL16scan_and_computePK7ap_uintILi32EEP6ap_intILi32EEPS3_ILi8EEjjjjjjjjjjjPA128_35  | auto   | 1       | 8, 72, 1         |
|   p_ZZL16scan_and_computePK7ap_uintILi32EEP6ap_intILi32EEPS3_ILi8EEjjjjjjjjjjjPA128_34_U  | ram_2p       |           |      |      |        | p_ZZL16scan_and_computePK7ap_uintILi32EEP6ap_intILi32EEPS3_ILi8EEjjjjjjjjjjjPA128_34  | auto   | 1       | 8, 72, 1         |
|   p_ZZL16scan_and_computePK7ap_uintILi32EEP6ap_intILi32EEPS3_ILi8EEjjjjjjjjjjjPA128_33_U  | ram_2p       |           |      |      |        | p_ZZL16scan_and_computePK7ap_uintILi32EEP6ap_intILi32EEPS3_ILi8EEjjjjjjjjjjjPA128_33  | auto   | 1       | 8, 72, 1         |
|   p_ZZL16scan_and_computePK7ap_uintILi32EEP6ap_intILi32EEPS3_ILi8EEjjjjjjjjjjjPA128_32_U  | ram_2p       |           |      |      |        | p_ZZL16scan_and_computePK7ap_uintILi32EEP6ap_intILi32EEPS3_ILi8EEjjjjjjjjjjjPA128_32  | auto   | 1       | 8, 72, 1         |
|   p_ZZL16scan_and_computePK7ap_uintILi32EEP6ap_intILi32EEPS3_ILi8EEjjjjjjjjjjjPA128_31_U  | ram_2p       |           |      |      |        | p_ZZL16scan_and_computePK7ap_uintILi32EEP6ap_intILi32EEPS3_ILi8EEjjjjjjjjjjjPA128_31  | auto   | 1       | 8, 72, 1         |
|   p_ZZL16scan_and_computePK7ap_uintILi32EEP6ap_intILi32EEPS3_ILi8EEjjjjjjjjjjjPA128_30_U  | ram_2p       |           |      |      |        | p_ZZL16scan_and_computePK7ap_uintILi32EEP6ap_intILi32EEPS3_ILi8EEjjjjjjjjjjjPA128_30  | auto   | 1       | 8, 72, 1         |
|   p_ZZL16scan_and_computePK7ap_uintILi32EEP6ap_intILi32EEPS3_ILi8EEjjjjjjjjjjjPA128_29_U  | ram_1p       |           |      | 2    | pragma | p_ZZL16scan_and_computePK7ap_uintILi32EEP6ap_intILi32EEPS3_ILi8EEjjjjjjjjjjjPA128_29  | uram   | 1       | 8, 4112, 1       |
|   p_ZZL16scan_and_computePK7ap_uintILi32EEP6ap_intILi32EEPS3_ILi8EEjjjjjjjjjjjPA128_28_U  | ram_1p       |           |      | 2    | pragma | p_ZZL16scan_and_computePK7ap_uintILi32EEP6ap_intILi32EEPS3_ILi8EEjjjjjjjjjjjPA128_28  | uram   | 1       | 8, 4112, 1       |
|   p_ZZL16scan_and_computePK7ap_uintILi32EEP6ap_intILi32EEPS3_ILi8EEjjjjjjjjjjjPA128_17_U  | ram_1p       |           |      | 2    | pragma | p_ZZL16scan_and_computePK7ap_uintILi32EEP6ap_intILi32EEPS3_ILi8EEjjjjjjjjjjjPA128_17  | uram   | 1       | 8, 4112, 1       |
|   p_ZZL16scan_and_computePK7ap_uintILi32EEP6ap_intILi32EEPS3_ILi8EEjjjjjjjjjjjPA128_16_U  | ram_1p       |           |      | 2    | pragma | p_ZZL16scan_and_computePK7ap_uintILi32EEP6ap_intILi32EEPS3_ILi8EEjjjjjjjjjjjPA128_16  | uram   | 1       | 8, 4112, 1       |
|   p_ZZL16scan_and_computePK7ap_uintILi32EEP6ap_intILi32EEPS3_ILi8EEjjjjjjjjjjjPA128_15_U  | ram_1p       |           |      | 2    | pragma | p_ZZL16scan_and_computePK7ap_uintILi32EEP6ap_intILi32EEPS3_ILi8EEjjjjjjjjjjjPA128_15  | uram   | 1       | 8, 4112, 1       |
|   p_ZZL16scan_and_computePK7ap_uintILi32EEP6ap_intILi32EEPS3_ILi8EEjjjjjjjjjjjPA128_14_U  | ram_1p       |           |      | 2    | pragma | p_ZZL16scan_and_computePK7ap_uintILi32EEP6ap_intILi32EEPS3_ILi8EEjjjjjjjjjjjPA128_14  | uram   | 1       | 8, 4112, 1       |
|   p_ZZL16scan_and_computePK7ap_uintILi32EEP6ap_intILi32EEPS3_ILi8EEjjjjjjjjjjjPA128_13_U  | ram_1p       |           |      | 2    | pragma | p_ZZL16scan_and_computePK7ap_uintILi32EEP6ap_intILi32EEPS3_ILi8EEjjjjjjjjjjjPA128_13  | uram   | 1       | 8, 4112, 1       |
|   p_ZZL16scan_and_computePK7ap_uintILi32EEP6ap_intILi32EEPS3_ILi8EEjjjjjjjjjjjPA128_12_U  | ram_1p       |           |      | 2    | pragma | p_ZZL16scan_and_computePK7ap_uintILi32EEP6ap_intILi32EEPS3_ILi8EEjjjjjjjjjjjPA128_12  | uram   | 1       | 8, 4112, 1       |
|   p_ZZL16scan_and_computePK7ap_uintILi32EEP6ap_intILi32EEPS3_ILi8EEjjjjjjjjjjjPA128_11_U  | ram_1p       |           |      | 2    | pragma | p_ZZL16scan_and_computePK7ap_uintILi32EEP6ap_intILi32EEPS3_ILi8EEjjjjjjjjjjjPA128_11  | uram   | 1       | 8, 4112, 1       |
|   p_ZZL16scan_and_computePK7ap_uintILi32EEP6ap_intILi32EEPS3_ILi8EEjjjjjjjjjjjPA128_10_U  | ram_1p       |           |      | 2    | pragma | p_ZZL16scan_and_computePK7ap_uintILi32EEP6ap_intILi32EEPS3_ILi8EEjjjjjjjjjjjPA128_10  | uram   | 1       | 8, 4112, 1       |
|   p_ZZL16scan_and_computePK7ap_uintILi32EEP6ap_intILi32EEPS3_ILi8EEjjjjjjjjjjjPA128_9_U   | ram_1p       |           |      | 2    | pragma | p_ZZL16scan_and_computePK7ap_uintILi32EEP6ap_intILi32EEPS3_ILi8EEjjjjjjjjjjjPA128_9   | uram   | 1       | 8, 4112, 1       |
|   p_ZZL16scan_and_computePK7ap_uintILi32EEP6ap_intILi32EEPS3_ILi8EEjjjjjjjjjjjPA128_8_U   | ram_1p       |           |      | 2    | pragma | p_ZZL16scan_and_computePK7ap_uintILi32EEP6ap_intILi32EEPS3_ILi8EEjjjjjjjjjjjPA128_8   | uram   | 1       | 8, 4112, 1       |
|   p_ZZL16scan_and_computePK7ap_uintILi32EEP6ap_intILi32EEPS3_ILi8EEjjjjjjjjjjjPA128_7_U   | ram_1p       |           |      | 2    | pragma | p_ZZL16scan_and_computePK7ap_uintILi32EEP6ap_intILi32EEPS3_ILi8EEjjjjjjjjjjjPA128_7   | uram   | 1       | 8, 4112, 1       |
|   p_ZZL16scan_and_computePK7ap_uintILi32EEP6ap_intILi32EEPS3_ILi8EEjjjjjjjjjjjPA128_6_U   | ram_1p       |           |      | 2    | pragma | p_ZZL16scan_and_computePK7ap_uintILi32EEP6ap_intILi32EEPS3_ILi8EEjjjjjjjjjjjPA128_6   | uram   | 1       | 8, 4112, 1       |
|   p_ZZL16scan_and_computePK7ap_uintILi32EEP6ap_intILi32EEPS3_ILi8EEjjjjjjjjjjjPA128_5_U   | ram_1p       |           |      | 2    | pragma | p_ZZL16scan_and_computePK7ap_uintILi32EEP6ap_intILi32EEPS3_ILi8EEjjjjjjjjjjjPA128_5   | uram   | 1       | 8, 4112, 1       |
|   p_ZZL16scan_and_computePK7ap_uintILi32EEP6ap_intILi32EEPS3_ILi8EEjjjjjjjjjjjPA128_4_U   | ram_1p       |           |      | 2    | pragma | p_ZZL16scan_and_computePK7ap_uintILi32EEP6ap_intILi32EEPS3_ILi8EEjjjjjjjjjjjPA128_4   | uram   | 1       | 8, 4112, 1       |
|   p_ZZL16scan_and_computePK7ap_uintILi32EEP6ap_intILi32EEPS3_ILi8EEjjjjjjjjjjjPA128_3_U   | ram_1p       |           |      | 2    | pragma | p_ZZL16scan_and_computePK7ap_uintILi32EEP6ap_intILi32EEPS3_ILi8EEjjjjjjjjjjjPA128_3   | uram   | 1       | 8, 4112, 1       |
|   p_ZZL16scan_and_computePK7ap_uintILi32EEP6ap_intILi32EEPS3_ILi8EEjjjjjjjjjjjPA128_2_U   | ram_1p       |           |      | 2    | pragma | p_ZZL16scan_and_computePK7ap_uintILi32EEP6ap_intILi32EEPS3_ILi8EEjjjjjjjjjjjPA128_2   | uram   | 1       | 8, 4112, 1       |
|   p_ZZL16scan_and_computePK7ap_uintILi32EEP6ap_intILi32EEPS3_ILi8EEjjjjjjjjjjjPA128_1_U   | ram_1p       |           |      | 2    | pragma | p_ZZL16scan_and_computePK7ap_uintILi32EEP6ap_intILi32EEPS3_ILi8EEjjjjjjjjjjjPA128_1   | uram   | 1       | 8, 4112, 1       |
|   p_ZZL16scan_and_computePK7ap_uintILi32EEP6ap_intILi32EEPS3_ILi8EEjjjjjjjjjjjPA128_U     | ram_1p       |           |      | 2    | pragma | p_ZZL16scan_and_computePK7ap_uintILi32EEP6ap_intILi32EEPS3_ILi8EEjjjjjjjjjjjPA128     | uram   | 1       | 8, 4112, 1       |
|   p_ZZL16scan_and_computePK7ap_uintILi32EEP6ap_intILi32EEPS3_ILi8EEjjjjjjjjjjjPA128_27_U  | ram_1p       |           |      | 2    | pragma | p_ZZL16scan_and_computePK7ap_uintILi32EEP6ap_intILi32EEPS3_ILi8EEjjjjjjjjjjjPA128_27  | uram   | 1       | 8, 4112, 1       |
|   p_ZZL16scan_and_computePK7ap_uintILi32EEP6ap_intILi32EEPS3_ILi8EEjjjjjjjjjjjPA128_26_U  | ram_1p       |           |      | 2    | pragma | p_ZZL16scan_and_computePK7ap_uintILi32EEP6ap_intILi32EEPS3_ILi8EEjjjjjjjjjjjPA128_26  | uram   | 1       | 8, 4112, 1       |
|   p_ZZL16scan_and_computePK7ap_uintILi32EEP6ap_intILi32EEPS3_ILi8EEjjjjjjjjjjjPA128_25_U  | ram_1p       |           |      | 2    | pragma | p_ZZL16scan_and_computePK7ap_uintILi32EEP6ap_intILi32EEPS3_ILi8EEjjjjjjjjjjjPA128_25  | uram   | 1       | 8, 4112, 1       |
|   p_ZZL16scan_and_computePK7ap_uintILi32EEP6ap_intILi32EEPS3_ILi8EEjjjjjjjjjjjPA128_24_U  | ram_1p       |           |      | 2    | pragma | p_ZZL16scan_and_computePK7ap_uintILi32EEP6ap_intILi32EEPS3_ILi8EEjjjjjjjjjjjPA128_24  | uram   | 1       | 8, 4112, 1       |
|   scan_and_compute_ap_uint_const_ap_int_ap_int_unsigned_int_unsigned_int_unsign_11_U      | ram_1p       |           |      | 2    | pragma | scan_and_compute_ap_uint_const_ap_int_ap_int_unsigned_int_unsigned_int_unsign_11      | uram   | 1       | 8, 4112, 1       |
|   scan_and_compute_ap_uint_const_ap_int_ap_int_unsigned_int_unsigned_int_unsign_10_U      | ram_1p       |           |      | 2    | pragma | scan_and_compute_ap_uint_const_ap_int_ap_int_unsigned_int_unsigned_int_unsign_10      | uram   | 1       | 8, 4112, 1       |
|   p_ZZL16scan_and_computePK7ap_uintILi32EEP6ap_intILi32EEPS3_ILi8EEjjjjjjjjjjjPA128_23_U  | ram_1p       |           |      | 2    | pragma | p_ZZL16scan_and_computePK7ap_uintILi32EEP6ap_intILi32EEPS3_ILi8EEjjjjjjjjjjjPA128_23  | uram   | 1       | 8, 4112, 1       |
|   p_ZZL16scan_and_computePK7ap_uintILi32EEP6ap_intILi32EEPS3_ILi8EEjjjjjjjjjjjPA128_22_U  | ram_1p       |           |      | 2    | pragma | p_ZZL16scan_and_computePK7ap_uintILi32EEP6ap_intILi32EEPS3_ILi8EEjjjjjjjjjjjPA128_22  | uram   | 1       | 8, 4112, 1       |
|   p_ZZL16scan_and_computePK7ap_uintILi32EEP6ap_intILi32EEPS3_ILi8EEjjjjjjjjjjjPA128_21_U  | ram_1p       |           |      | 2    | pragma | p_ZZL16scan_and_computePK7ap_uintILi32EEP6ap_intILi32EEPS3_ILi8EEjjjjjjjjjjjPA128_21  | uram   | 1       | 8, 4112, 1       |
|   p_ZZL16scan_and_computePK7ap_uintILi32EEP6ap_intILi32EEPS3_ILi8EEjjjjjjjjjjjPA128_20_U  | ram_1p       |           |      | 2    | pragma | p_ZZL16scan_and_computePK7ap_uintILi32EEP6ap_intILi32EEPS3_ILi8EEjjjjjjjjjjjPA128_20  | uram   | 1       | 8, 4112, 1       |
|   p_ZZL16scan_and_computePK7ap_uintILi32EEP6ap_intILi32EEPS3_ILi8EEjjjjjjjjjjjPA128_19_U  | ram_1p       |           |      | 2    | pragma | p_ZZL16scan_and_computePK7ap_uintILi32EEP6ap_intILi32EEPS3_ILi8EEjjjjjjjjjjjPA128_19  | uram   | 1       | 8, 4112, 1       |
|   p_ZZL16scan_and_computePK7ap_uintILi32EEP6ap_intILi32EEPS3_ILi8EEjjjjjjjjjjjPA128_18_U  | ram_1p       |           |      | 2    | pragma | p_ZZL16scan_and_computePK7ap_uintILi32EEP6ap_intILi32EEPS3_ILi8EEjjjjjjjjjjjPA128_18  | uram   | 1       | 8, 4112, 1       |
+-------------------------------------------------------------------------------------------+--------------+-----------+------+------+--------+---------------------------------------------------------------------------------------+--------+---------+------------------+


================================================================
== Pragma Report
================================================================
* Valid Pragma Syntax
+-----------------+---------------------------------------------------------------------------------------------------+------------------------------------------------------------+
| Type            | Options                                                                                           | Location                                                   |
+-----------------+---------------------------------------------------------------------------------------------------+------------------------------------------------------------+
| inline          |                                                                                                   | HW/conv_engine.cpp:26 in round_shift                       |
| inline          |                                                                                                   | HW/conv_engine.cpp:79 in apply_activation                  |
| inline          |                                                                                                   | HW/conv_engine.cpp:147 in load_weight_tile                 |
| loop_tripcount  | min=1 max=MAX_IN_CH                                                                               | HW/conv_engine.cpp:185 in load_weight_tile                 |
| loop_tripcount  | min=1 max=MAX_K                                                                                   | HW/conv_engine.cpp:187 in load_weight_tile                 |
| pipeline        | II=1                                                                                              | HW/conv_engine.cpp:189 in load_weight_tile                 |
| loop_tripcount  | min=1 max=MAX_K                                                                                   | HW/conv_engine.cpp:190 in load_weight_tile                 |
| inline          |                                                                                                   | HW/conv_engine.cpp:239 in scan_and_compute                 |
| array_partition | variable=line_buf cyclic factor=TR dim=1                                                          | HW/conv_engine.cpp:329 in scan_and_compute, line_buf       |
| array_partition | variable=line_buf complete dim=2                                                                  | HW/conv_engine.cpp:330 in scan_and_compute, line_buf       |
| bind_storage    | variable=line_buf type=RAM_1P impl=URAM                                                           | HW/conv_engine.cpp:349 in scan_and_compute, line_buf       |
| array_partition | variable=window cyclic factor=TR dim=1                                                            | HW/conv_engine.cpp:350 in scan_and_compute, window         |
| loop_tripcount  | min=1 max=MAX_IMG_W+2                                                                             | HW/conv_engine.cpp:354 in scan_and_compute                 |
| loop_tripcount  | min=1 max=MAX_IMG_W+2                                                                             | HW/conv_engine.cpp:357 in scan_and_compute                 |
| array_partition | variable=px cyclic factor=TR dim=1                                                                | HW/conv_engine.cpp:371 in scan_and_compute, px             |
| pipeline        | II=1                                                                                              | HW/conv_engine.cpp:474 in scan_and_compute                 |
| loop_tripcount  | min=1 max=MAX_IN_CH/PACK4_LANES                                                                   | HW/conv_engine.cpp:475 in scan_and_compute                 |
| unroll          |                                                                                                   | HW/conv_engine.cpp:487 in scan_and_compute                 |
| pipeline        | II=1                                                                                              | HW/conv_engine.cpp:498 in scan_and_compute                 |
| loop_tripcount  | min=1 max=MAX_IN_CH                                                                               | HW/conv_engine.cpp:499 in scan_and_compute                 |
| loop_tripcount  | min=1 max=MAX_K                                                                                   | HW/conv_engine.cpp:598 in scan_and_compute                 |
| loop_tripcount  | min=0 max=MAX_K-1                                                                                 | HW/conv_engine.cpp:601 in scan_and_compute                 |
| pipeline        | II=1                                                                                              | HW/conv_engine.cpp:604 in scan_and_compute                 |
| loop_tripcount  | min=1 max=MAX_IN_CH/TR                                                                            | HW/conv_engine.cpp:605 in scan_and_compute                 |
| unroll          |                                                                                                   | HW/conv_engine.cpp:608 in scan_and_compute                 |
| loop_tripcount  | min=1 max=MAX_K                                                                                   | HW/conv_engine.cpp:620 in scan_and_compute                 |
| pipeline        | II=1                                                                                              | HW/conv_engine.cpp:623 in scan_and_compute                 |
| loop_tripcount  | min=1 max=MAX_IN_CH/TR                                                                            | HW/conv_engine.cpp:624 in scan_and_compute                 |
| unroll          |                                                                                                   | HW/conv_engine.cpp:627 in scan_and_compute                 |
| loop_tripcount  | min=0 max=MAX_K-2                                                                                 | HW/conv_engine.cpp:652 in scan_and_compute                 |
| pipeline        | II=1                                                                                              | HW/conv_engine.cpp:655 in scan_and_compute                 |
| loop_tripcount  | min=1 max=MAX_IN_CH/TR                                                                            | HW/conv_engine.cpp:656 in scan_and_compute                 |
| unroll          |                                                                                                   | HW/conv_engine.cpp:659 in scan_and_compute                 |
| pipeline        | II=1                                                                                              | HW/conv_engine.cpp:670 in scan_and_compute                 |
| loop_tripcount  | min=1 max=MAX_IN_CH/TR                                                                            | HW/conv_engine.cpp:671 in scan_and_compute                 |
| unroll          |                                                                                                   | HW/conv_engine.cpp:674 in scan_and_compute                 |
| array_partition | variable=acc_lo complete dim=0                                                                    | HW/conv_engine.cpp:741 in scan_and_compute, acc_lo         |
| array_partition | variable=acc_hi complete dim=0                                                                    | HW/conv_engine.cpp:742 in scan_and_compute, acc_hi         |
| unroll          |                                                                                                   | HW/conv_engine.cpp:751 in scan_and_compute                 |
| bind_op         | variable=acc_lo op=add impl=dsp                                                                   | HW/conv_engine.cpp:757 in scan_and_compute, acc_lo         |
| bind_op         | variable=acc_hi op=add impl=dsp                                                                   | HW/conv_engine.cpp:758 in scan_and_compute, acc_hi         |
| loop_tripcount  | min=1 max=MAX_IN_CH/TR                                                                            | HW/conv_engine.cpp:772 in scan_and_compute                 |
| loop_tripcount  | min=1 max=MAX_K                                                                                   | HW/conv_engine.cpp:775 in scan_and_compute                 |
| pipeline        | II=1                                                                                              | HW/conv_engine.cpp:778 in scan_and_compute                 |
| loop_tripcount  | min=1 max=MAX_K                                                                                   | HW/conv_engine.cpp:779 in scan_and_compute                 |
| unroll          |                                                                                                   | HW/conv_engine.cpp:782 in scan_and_compute                 |
| array_partition | variable=lo0 complete dim=0                                                                       | HW/conv_engine.cpp:817 in scan_and_compute, lo0            |
| array_partition | variable=hi0 complete dim=0                                                                       | HW/conv_engine.cpp:818 in scan_and_compute, hi0            |
| unroll          |                                                                                                   | HW/conv_engine.cpp:845 in scan_and_compute                 |
| array_partition | variable=lo1 complete dim=0                                                                       | HW/conv_engine.cpp:929 in scan_and_compute, lo1            |
| array_partition | variable=hi1 complete dim=0                                                                       | HW/conv_engine.cpp:930 in scan_and_compute, hi1            |
| unroll          |                                                                                                   | HW/conv_engine.cpp:933 in scan_and_compute                 |
| array_partition | variable=lo2 complete dim=0                                                                       | HW/conv_engine.cpp:938 in scan_and_compute, lo2            |
| array_partition | variable=hi2 complete dim=0                                                                       | HW/conv_engine.cpp:939 in scan_and_compute, hi2            |
| unroll          |                                                                                                   | HW/conv_engine.cpp:942 in scan_and_compute                 |
| array_partition | variable=lo3 complete dim=0                                                                       | HW/conv_engine.cpp:947 in scan_and_compute, lo3            |
| array_partition | variable=hi3 complete dim=0                                                                       | HW/conv_engine.cpp:948 in scan_and_compute, hi3            |
| unroll          |                                                                                                   | HW/conv_engine.cpp:951 in scan_and_compute                 |
| array_partition | variable=acc_fin complete dim=0                                                                   | HW/conv_engine.cpp:1021 in scan_and_compute, acc_fin       |
| unroll          |                                                                                                   | HW/conv_engine.cpp:1025 in scan_and_compute                |
| pipeline        | II=1                                                                                              | HW/conv_engine.cpp:1033 in scan_and_compute                |
| loop_tripcount  | min=1 max=24                                                                                      | HW/conv_engine.cpp:1034 in scan_and_compute                |
| pipeline        | II=1                                                                                              | HW/conv_engine.cpp:1042 in scan_and_compute                |
| loop_tripcount  | min=1 max=24                                                                                      | HW/conv_engine.cpp:1043 in scan_and_compute                |
| pipeline        | II=1                                                                                              | HW/conv_engine.cpp:1051 in scan_and_compute                |
| loop_tripcount  | min=1 max=24                                                                                      | HW/conv_engine.cpp:1052 in scan_and_compute                |
| interface       | m_axi port=ifmap offset=slave bundle=RD_BUS depth=MAX_IMG_W*MAX_IMG_W*MAX_TOTAL_IN_CH/PACK4_LANES | HW/conv_engine.cpp:1088 in conv_engine, ifmap              |
| interface       | m_axi port=weights offset=slave bundle=RD_BUS depth=MAX_OUT_CH*MAX_TOTAL_IN_CH*MAX_K*MAX_K        | HW/conv_engine.cpp:1089 in conv_engine, weights            |
| interface       | m_axi port=weights_hi offset=slave bundle=RD_BUS2 depth=MAX_OUT_CH*MAX_TOTAL_IN_CH*MAX_K*MAX_K    | HW/conv_engine.cpp:1099 in conv_engine, weights_hi         |
| interface       | m_axi port=bias offset=slave bundle=RD_BUS depth=MAX_OUT_CH                                       | HW/conv_engine.cpp:1100 in conv_engine, bias               |
| interface       | m_axi port=ofmap offset=slave bundle=WR_BUS depth=MAX_IMG_W*MAX_IMG_W*MAX_OUT_CH                  | HW/conv_engine.cpp:1101 in conv_engine, ofmap              |
| interface       | m_axi port=accum offset=slave bundle=WR_BUS depth=MAX_IMG_W*MAX_IMG_W*PE_OC                       | HW/conv_engine.cpp:1104 in conv_engine, accum              |
| interface       | s_axilite port=ifmap bundle=CTRL                                                                  | HW/conv_engine.cpp:1106 in conv_engine, ifmap              |
| interface       | s_axilite port=weights bundle=CTRL                                                                | HW/conv_engine.cpp:1107 in conv_engine, weights            |
| interface       | s_axilite port=weights_hi bundle=CTRL                                                             | HW/conv_engine.cpp:1108 in conv_engine, weights_hi         |
| interface       | s_axilite port=bias bundle=CTRL                                                                   | HW/conv_engine.cpp:1109 in conv_engine, bias               |
| interface       | s_axilite port=ofmap bundle=CTRL                                                                  | HW/conv_engine.cpp:1110 in conv_engine, ofmap              |
| interface       | s_axilite port=accum bundle=CTRL                                                                  | HW/conv_engine.cpp:1111 in conv_engine, accum              |
| interface       | s_axilite port=img_h bundle=CTRL                                                                  | HW/conv_engine.cpp:1112 in conv_engine, img_h              |
| interface       | s_axilite port=img_w bundle=CTRL                                                                  | HW/conv_engine.cpp:1113 in conv_engine, img_w              |
| interface       | s_axilite port=in_ch bundle=CTRL                                                                  | HW/conv_engine.cpp:1114 in conv_engine, in_ch              |
| interface       | s_axilite port=out_ch bundle=CTRL                                                                 | HW/conv_engine.cpp:1115 in conv_engine, out_ch             |
| interface       | s_axilite port=k bundle=CTRL                                                                      | HW/conv_engine.cpp:1116 in conv_engine, k                  |
| interface       | s_axilite port=stride bundle=CTRL                                                                 | HW/conv_engine.cpp:1117 in conv_engine, stride             |
| interface       | s_axilite port=pad bundle=CTRL                                                                    | HW/conv_engine.cpp:1118 in conv_engine, pad                |
| interface       | s_axilite port=requant_multiplier bundle=CTRL                                                     | HW/conv_engine.cpp:1119 in conv_engine, requant_multiplier |
| interface       | s_axilite port=requant_shift bundle=CTRL                                                          | HW/conv_engine.cpp:1120 in conv_engine, requant_shift      |
| interface       | s_axilite port=leaky_relu_enable bundle=CTRL                                                      | HW/conv_engine.cpp:1121 in conv_engine, leaky_relu_enable  |
| interface       | s_axilite port=return bundle=CTRL                                                                 | HW/conv_engine.cpp:1122 in conv_engine, return             |
| array_partition | variable=wtile_packed complete dim=1                                                              | HW/conv_engine.cpp:1222 in conv_engine, wtile_packed       |
| array_partition | variable=wtile_packed cyclic factor=TR dim=2                                                      | HW/conv_engine.cpp:1223 in conv_engine, wtile_packed       |
| array_partition | variable=btile complete dim=0                                                                     | HW/conv_engine.cpp:1224 in conv_engine, btile              |
| bind_storage    | variable=wtile_packed type=RAM_1P impl=LUTRAM                                                     | HW/conv_engine.cpp:1251 in conv_engine, wtile_packed       |
| loop_tripcount  | min=1 max=64                                                                                      | HW/conv_engine.cpp:1255 in conv_engine                     |
| loop_tripcount  | min=1 max=8                                                                                       | HW/conv_engine.cpp:1273 in conv_engine                     |
| inline          |                                                                                                   | HW/pack4.h:89 in pack4_get                                 |
| inline          |                                                                                                   | HW/pack4.h:96 in pack4_set                                 |
+-----------------+---------------------------------------------------------------------------------------------------+------------------------------------------------------------+


