Copyright 1986-2022 Xilinx, Inc. All Rights Reserved. Copyright 2022-2024 Advanced Micro Devices, Inc. All Rights Reserved.
-------------------------------------------------------------------------------------------------------------------------------------------------------------------------------------------------------------------------------------------------
| Tool Version      : Vivado v.2024.2 (win64) Build 5239630 Fri Nov 08 22:35:27 MST 2024
| Date              : Fri Aug  7 02:03:32 2026
| Host              : DESKTOP-2TJ4IOM running 64-bit major release  (build 9200)
| Command           : report_timing_summary -max_paths 10 -report_unconstrained -file system_bringup_wrapper_timing_summary_routed.rpt -pb system_bringup_wrapper_timing_summary_routed.pb -rpx system_bringup_wrapper_timing_summary_routed.rpx
| Design            : system_bringup_wrapper
| Device            : xck26-sfvc784
| Speed File        : -2LV  PRODUCTION 1.30 05-15-2022
| Design State      : Routed
| Temperature Grade : C
-------------------------------------------------------------------------------------------------------------------------------------------------------------------------------------------------------------------------------------------------

Timing Summary Report

------------------------------------------------------------------------------------------------
| Timer Settings
| --------------
------------------------------------------------------------------------------------------------

  Enable Multi Corner Analysis               :  Yes
  Enable Pessimism Removal                   :  Yes
  Pessimism Removal Resolution               :  Nearest Common Node
  Enable Input Delay Default Clock           :  No
  Enable Preset / Clear Arcs                 :  No
  Disable Flight Delays                      :  No
  Ignore I/O Paths                           :  No
  Timing Early Launch at Borrowing Latches   :  No
  Borrow Time for Max Delay Exceptions       :  Yes
  Merge Timing Exceptions                    :  Yes
  Inter-SLR Compensation                     :  Conservative

  Corner  Analyze    Analyze    
  Name    Max Paths  Min Paths  
  ------  ---------  ---------  
  Slow    Yes        Yes        
  Fast    Yes        Yes        


------------------------------------------------------------------------------------------------
| Report Methodology
| ------------------
------------------------------------------------------------------------------------------------

Rule      Severity  Description                                  Violations  
--------  --------  -------------------------------------------  ----------  
LUTAR-1   Warning   LUT drives async reset alert                 3           
ULMTCS-1  Warning   Control Sets use limits recommend reduction  1           

Note: This report is based on the most recent report_methodology run and may not be up-to-date. Run report_methodology on the current design for the latest report.



check_timing report

Table of Contents
-----------------
1. checking no_clock (0)
2. checking constant_clock (0)
3. checking pulse_width_clock (0)
4. checking unconstrained_internal_endpoints (0)
5. checking no_input_delay (0)
6. checking no_output_delay (0)
7. checking multiple_clock (0)
8. checking generated_clocks (0)
9. checking loops (0)
10. checking partial_input_delay (0)
11. checking partial_output_delay (0)
12. checking latch_loops (0)

1. checking no_clock (0)
------------------------
 There are 0 register/latch pins with no clock.


2. checking constant_clock (0)
------------------------------
 There are 0 register/latch pins with constant_clock.


3. checking pulse_width_clock (0)
---------------------------------
 There are 0 register/latch pins which need pulse_width check


4. checking unconstrained_internal_endpoints (0)
------------------------------------------------
 There are 0 pins that are not constrained for maximum delay.

 There are 0 pins that are not constrained for maximum delay due to constant clock.


5. checking no_input_delay (0)
------------------------------
 There are 0 input ports with no input delay specified.

 There are 0 input ports with no input delay but user has a false path constraint.


6. checking no_output_delay (0)
-------------------------------
 There are 0 ports with no output delay specified.

 There are 0 ports with no output delay but user has a false path constraint

 There are 0 ports with no output delay but with a timing clock defined on it or propagating through it


7. checking multiple_clock (0)
------------------------------
 There are 0 register/latch pins with multiple clocks.


8. checking generated_clocks (0)
--------------------------------
 There are 0 generated clocks that are not connected to a clock source.


9. checking loops (0)
---------------------
 There are 0 combinational loops in the design.


10. checking partial_input_delay (0)
------------------------------------
 There are 0 input ports with partial input delay specified.


11. checking partial_output_delay (0)
-------------------------------------
 There are 0 ports with partial output delay specified.


12. checking latch_loops (0)
----------------------------
 There are 0 combinational latch loops in the design through latch input



------------------------------------------------------------------------------------------------
| Design Timing Summary
| ---------------------
------------------------------------------------------------------------------------------------

    WNS(ns)      TNS(ns)  TNS Failing Endpoints  TNS Total Endpoints      WHS(ns)      THS(ns)  THS Failing Endpoints  THS Total Endpoints     WPWS(ns)     TPWS(ns)  TPWS Failing Endpoints  TPWS Total Endpoints  
    -------      -------  ---------------------  -------------------      -------      -------  ---------------------  -------------------     --------     --------  ----------------------  --------------------  
      0.035        0.000                      0               304433        0.010        0.000                      0               304433        1.000        0.000                       0                 89294  


All user specified timing constraints are met.


------------------------------------------------------------------------------------------------
| Clock Summary
| -------------
------------------------------------------------------------------------------------------------

Clock     Waveform(ns)         Period(ns)      Frequency(MHz)
-----     ------------         ----------      --------------
clk_pl_0  {0.000 2.500}        5.000           200.000         
clk_pl_1  {0.000 5.000}        10.000          100.000         


------------------------------------------------------------------------------------------------
| Intra Clock Table
| -----------------
------------------------------------------------------------------------------------------------

Clock             WNS(ns)      TNS(ns)  TNS Failing Endpoints  TNS Total Endpoints      WHS(ns)      THS(ns)  THS Failing Endpoints  THS Total Endpoints     WPWS(ns)     TPWS(ns)  TPWS Failing Endpoints  TPWS Total Endpoints  
-----             -------      -------  ---------------------  -------------------      -------      -------  ---------------------  -------------------     --------     --------  ----------------------  --------------------  
clk_pl_0            0.035        0.000                      0               304337        0.010        0.000                      0               304337        1.000        0.000                       0                 89294  


------------------------------------------------------------------------------------------------
| Inter Clock Table
| -----------------
------------------------------------------------------------------------------------------------

From Clock    To Clock          WNS(ns)      TNS(ns)  TNS Failing Endpoints  TNS Total Endpoints      WHS(ns)      THS(ns)  THS Failing Endpoints  THS Total Endpoints  
----------    --------          -------      -------  ---------------------  -------------------      -------      -------  ---------------------  -------------------  


------------------------------------------------------------------------------------------------
| Other Path Groups Table
| -----------------------
------------------------------------------------------------------------------------------------

Path Group         From Clock         To Clock               WNS(ns)      TNS(ns)  TNS Failing Endpoints  TNS Total Endpoints      WHS(ns)      THS(ns)  THS Failing Endpoints  THS Total Endpoints  
----------         ----------         --------               -------      -------  ---------------------  -------------------      -------      -------  ---------------------  -------------------  
**async_default**  clk_pl_0           clk_pl_0                 3.392        0.000                      0                   96        0.271        0.000                      0                   96  


------------------------------------------------------------------------------------------------
| User Ignored Path Table
| -----------------------
------------------------------------------------------------------------------------------------

Path Group    From Clock    To Clock    
----------    ----------    --------    
(none)                      clk_pl_0      
(none)        clk_pl_0      clk_pl_0      


------------------------------------------------------------------------------------------------
| Unconstrained Path Table
| ------------------------
------------------------------------------------------------------------------------------------

Path Group    From Clock    To Clock    
----------    ----------    --------    
(none)                      clk_pl_0      


------------------------------------------------------------------------------------------------
| Timing Details
| --------------
------------------------------------------------------------------------------------------------


---------------------------------------------------------------------------------------------------
From Clock:  clk_pl_0
  To Clock:  clk_pl_0

Setup :            0  Failing Endpoints,  Worst Slack        0.035ns,  Total Violation        0.000ns
Hold  :            0  Failing Endpoints,  Worst Slack        0.010ns,  Total Violation        0.000ns
PW    :            0  Failing Endpoints,  Worst Slack        1.000ns,  Total Violation        0.000ns
---------------------------------------------------------------------------------------------------


Max Delay Paths
--------------------------------------------------------------------------------------
Slack (MET) :             0.035ns  (required time - arrival time)
  Source:                 system_bringup_i/conv0_engine_0/inst/RD_BUS_m_axi_U/load_unit_0/buff_rdata/U_fifo_mem/mem_reg/CLKARDCLK
                            (rising edge-triggered cell RAMB18E2 clocked by clk_pl_0  {rise@0.000ns fall@2.500ns period=5.000ns})
  Destination:            system_bringup_i/conv0_engine_0/inst/grp_conv0_engine_Pipeline_LOAD_B_fu_2548/bbuf_4_fu_130_reg[28]/D
                            (rising edge-triggered cell FDRE clocked by clk_pl_0  {rise@0.000ns fall@2.500ns period=5.000ns})
  Path Group:             clk_pl_0
  Path Type:              Setup (Max at Slow Process Corner)
  Requirement:            5.000ns  (clk_pl_0 rise@5.000ns - clk_pl_0 rise@0.000ns)
  Data Path Delay:        4.680ns  (logic 1.224ns (26.153%)  route 3.456ns (73.847%))
  Logic Levels:           0  
  Clock Path Skew:        -0.201ns (DCD - SCD + CPR)
    Destination Clock Delay (DCD):    2.970ns = ( 7.970 - 5.000 ) 
    Source Clock Delay      (SCD):    3.412ns
    Clock Pessimism Removal (CPR):    0.240ns
  Clock Uncertainty:      0.129ns  ((TSJ^2 + DJ^2)^1/2) / 2 + PE
    Total System Jitter     (TSJ):    0.071ns
    Discrete Jitter          (DJ):    0.248ns
    Phase Error              (PE):    0.000ns
  Clock Net Delay (Source):      3.145ns (routing 1.584ns, distribution 1.561ns)
  Clock Net Delay (Destination): 2.754ns (routing 1.450ns, distribution 1.304ns)

    Location             Delay type                Incr(ns)  Path(ns)    Netlist Resource(s)
  -------------------------------------------------------------------    -------------------
                         (clock clk_pl_0 rise edge)
                                                      0.000     0.000 r  
    PS8_X0Y0             PS8                          0.000     0.000 r  system_bringup_i/zynq_ultra_ps_e_0/inst/PS8_i/PLCLK[0]
                         net (fo=1, routed)           0.229     0.229    system_bringup_i/zynq_ultra_ps_e_0/inst/pl_clk_unbuffered[0]
    BUFG_PS_X0Y80        BUFG_PS (Prop_BUFG_PS_I_O)
                                                      0.038     0.267 r  system_bringup_i/zynq_ultra_ps_e_0/inst/buffer_pl_clk_0.PL_CLK_0_BUFG/O
    X1Y1 (CLOCK_ROOT)    net (fo=91111, routed)       3.145     3.412    system_bringup_i/conv0_engine_0/inst/RD_BUS_m_axi_U/load_unit_0/buff_rdata/U_fifo_mem/ap_clk
    RAMB18_X0Y73         RAMB18E2                                     r  system_bringup_i/conv0_engine_0/inst/RD_BUS_m_axi_U/load_unit_0/buff_rdata/U_fifo_mem/mem_reg/CLKARDCLK
  -------------------------------------------------------------------    -------------------
    RAMB18_X0Y73         RAMB18E2 (Prop_RAMB18E2_U_RAMB181_CLKARDCLK_DOUTBDOUT[12])
                                                      1.224     4.636 r  system_bringup_i/conv0_engine_0/inst/RD_BUS_m_axi_U/load_unit_0/buff_rdata/U_fifo_mem/mem_reg/DOUTBDOUT[12]
                         net (fo=21, routed)          3.456     8.092    system_bringup_i/conv0_engine_0/inst/grp_conv0_engine_Pipeline_LOAD_B_fu_2548/bbuf_1_fu_118_reg[31]_0[28]
    SLICE_X42Y212        FDRE                                         r  system_bringup_i/conv0_engine_0/inst/grp_conv0_engine_Pipeline_LOAD_B_fu_2548/bbuf_4_fu_130_reg[28]/D
  -------------------------------------------------------------------    -------------------

                         (clock clk_pl_0 rise edge)
                                                      5.000     5.000 r  
    PS8_X0Y0             PS8                          0.000     5.000 r  system_bringup_i/zynq_ultra_ps_e_0/inst/PS8_i/PLCLK[0]
                         net (fo=1, routed)           0.181     5.181    system_bringup_i/zynq_ultra_ps_e_0/inst/pl_clk_unbuffered[0]
    BUFG_PS_X0Y80        BUFG_PS (Prop_BUFG_PS_I_O)
                                                      0.035     5.216 r  system_bringup_i/zynq_ultra_ps_e_0/inst/buffer_pl_clk_0.PL_CLK_0_BUFG/O
    X1Y1 (CLOCK_ROOT)    net (fo=91111, routed)       2.754     7.970    system_bringup_i/conv0_engine_0/inst/grp_conv0_engine_Pipeline_LOAD_B_fu_2548/ap_clk
    SLICE_X42Y212        FDRE                                         r  system_bringup_i/conv0_engine_0/inst/grp_conv0_engine_Pipeline_LOAD_B_fu_2548/bbuf_4_fu_130_reg[28]/C
                         clock pessimism              0.240     8.210    
                         clock uncertainty           -0.129     8.081    
    SLICE_X42Y212        FDRE (Setup_DFF2_SLICEL_C_D)
                                                      0.046     8.127    system_bringup_i/conv0_engine_0/inst/grp_conv0_engine_Pipeline_LOAD_B_fu_2548/bbuf_4_fu_130_reg[28]
  -------------------------------------------------------------------
                         required time                          8.127    
                         arrival time                          -8.092    
  -------------------------------------------------------------------
                         slack                                  0.035    

Slack (MET) :             0.044ns  (required time - arrival time)
  Source:                 system_bringup_i/conv_engine_0/inst/RD_BUS_m_axi_U/load_unit_0/buff_rdata/U_fifo_mem/mem_reg/CLKARDCLK
                            (rising edge-triggered cell RAMB18E2 clocked by clk_pl_0  {rise@0.000ns fall@2.500ns period=5.000ns})
  Destination:            system_bringup_i/conv_engine_0/inst/p_ZZ11conv_enginePK7ap_uintILi32EEPK6ap_intILi8EES6_PKS3_ILi32EEPS4_PS7_tttthhhih_45_reg[10]/D
                            (rising edge-triggered cell FDRE clocked by clk_pl_0  {rise@0.000ns fall@2.500ns period=5.000ns})
  Path Group:             clk_pl_0
  Path Type:              Setup (Max at Slow Process Corner)
  Requirement:            5.000ns  (clk_pl_0 rise@5.000ns - clk_pl_0 rise@0.000ns)
  Data Path Delay:        4.748ns  (logic 1.227ns (25.844%)  route 3.521ns (74.156%))
  Logic Levels:           0  
  Clock Path Skew:        -0.126ns (DCD - SCD + CPR)
    Destination Clock Delay (DCD):    3.038ns = ( 8.038 - 5.000 ) 
    Source Clock Delay      (SCD):    3.410ns
    Clock Pessimism Removal (CPR):    0.246ns
  Clock Uncertainty:      0.129ns  ((TSJ^2 + DJ^2)^1/2) / 2 + PE
    Total System Jitter     (TSJ):    0.071ns
    Discrete Jitter          (DJ):    0.248ns
    Phase Error              (PE):    0.000ns
  Clock Net Delay (Source):      3.143ns (routing 1.584ns, distribution 1.559ns)
  Clock Net Delay (Destination): 2.822ns (routing 1.450ns, distribution 1.372ns)

    Location             Delay type                Incr(ns)  Path(ns)    Netlist Resource(s)
  -------------------------------------------------------------------    -------------------
                         (clock clk_pl_0 rise edge)
                                                      0.000     0.000 r  
    PS8_X0Y0             PS8                          0.000     0.000 r  system_bringup_i/zynq_ultra_ps_e_0/inst/PS8_i/PLCLK[0]
                         net (fo=1, routed)           0.229     0.229    system_bringup_i/zynq_ultra_ps_e_0/inst/pl_clk_unbuffered[0]
    BUFG_PS_X0Y80        BUFG_PS (Prop_BUFG_PS_I_O)
                                                      0.038     0.267 r  system_bringup_i/zynq_ultra_ps_e_0/inst/buffer_pl_clk_0.PL_CLK_0_BUFG/O
    X1Y1 (CLOCK_ROOT)    net (fo=91111, routed)       3.143     3.410    system_bringup_i/conv_engine_0/inst/RD_BUS_m_axi_U/load_unit_0/buff_rdata/U_fifo_mem/ap_clk
    RAMB18_X0Y48         RAMB18E2                                     r  system_bringup_i/conv_engine_0/inst/RD_BUS_m_axi_U/load_unit_0/buff_rdata/U_fifo_mem/mem_reg/CLKARDCLK
  -------------------------------------------------------------------    -------------------
    RAMB18_X0Y48         RAMB18E2 (Prop_RAMB18E2_L_RAMB180_CLKARDCLK_DOUTADOUT[10])
                                                      1.227     4.637 r  system_bringup_i/conv_engine_0/inst/RD_BUS_m_axi_U/load_unit_0/buff_rdata/U_fifo_mem/mem_reg/DOUTADOUT[10]
                         net (fo=67, routed)          3.521     8.157    system_bringup_i/conv_engine_0/inst/RD_BUS_0_RDATA[10]
    SLICE_X49Y177        FDRE                                         r  system_bringup_i/conv_engine_0/inst/p_ZZ11conv_enginePK7ap_uintILi32EEPK6ap_intILi8EES6_PKS3_ILi32EEPS4_PS7_tttthhhih_45_reg[10]/D
  -------------------------------------------------------------------    -------------------

                         (clock clk_pl_0 rise edge)
                                                      5.000     5.000 r  
    PS8_X0Y0             PS8                          0.000     5.000 r  system_bringup_i/zynq_ultra_ps_e_0/inst/PS8_i/PLCLK[0]
                         net (fo=1, routed)           0.181     5.181    system_bringup_i/zynq_ultra_ps_e_0/inst/pl_clk_unbuffered[0]
    BUFG_PS_X0Y80        BUFG_PS (Prop_BUFG_PS_I_O)
                                                      0.035     5.216 r  system_bringup_i/zynq_ultra_ps_e_0/inst/buffer_pl_clk_0.PL_CLK_0_BUFG/O
    X1Y1 (CLOCK_ROOT)    net (fo=91111, routed)       2.822     8.038    system_bringup_i/conv_engine_0/inst/ap_clk
    SLICE_X49Y177        FDRE                                         r  system_bringup_i/conv_engine_0/inst/p_ZZ11conv_enginePK7ap_uintILi32EEPK6ap_intILi8EES6_PKS3_ILi32EEPS4_PS7_tttthhhih_45_reg[10]/C
                         clock pessimism              0.246     8.284    
                         clock uncertainty           -0.129     8.155    
    SLICE_X49Y177        FDRE (Setup_DFF2_SLICEL_C_D)
                                                      0.046     8.201    system_bringup_i/conv_engine_0/inst/p_ZZ11conv_enginePK7ap_uintILi32EEPK6ap_intILi8EES6_PKS3_ILi32EEPS4_PS7_tttthhhih_45_reg[10]
  -------------------------------------------------------------------
                         required time                          8.201    
                         arrival time                          -8.157    
  -------------------------------------------------------------------
                         slack                                  0.044    

Slack (MET) :             0.045ns  (required time - arrival time)
  Source:                 system_bringup_i/conv_engine_0/inst/grp_conv_engine_Pipeline_MAC_REDUCE_MAC_KY_MAC_KX_fu_2997/add_ln911_1_reg_37970_reg[2]/C
                            (rising edge-triggered cell FDRE clocked by clk_pl_0  {rise@0.000ns fall@2.500ns period=5.000ns})
  Destination:            system_bringup_i/conv_engine_0/inst/grp_conv_engine_Pipeline_MAC_REDUCE_MAC_KY_MAC_KX_fu_2997/mul_24s_8s_32_3_1_U643/buff0_reg/DSP_A_B_DATA_INST/A[28]
                            (rising edge-triggered cell DSP_A_B_DATA clocked by clk_pl_0  {rise@0.000ns fall@2.500ns period=5.000ns})
  Path Group:             clk_pl_0
  Path Type:              Setup (Max at Slow Process Corner)
  Requirement:            5.000ns  (clk_pl_0 rise@5.000ns - clk_pl_0 rise@0.000ns)
  Data Path Delay:        4.030ns  (logic 0.926ns (22.977%)  route 3.104ns (77.023%))
  Logic Levels:           8  (LUT3=1 LUT5=3 LUT6=3 MUXF7=1)
  Clock Path Skew:        -0.238ns (DCD - SCD + CPR)
    Destination Clock Delay (DCD):    2.850ns = ( 7.850 - 5.000 ) 
    Source Clock Delay      (SCD):    3.277ns
    Clock Pessimism Removal (CPR):    0.188ns
  Clock Uncertainty:      0.129ns  ((TSJ^2 + DJ^2)^1/2) / 2 + PE
    Total System Jitter     (TSJ):    0.071ns
    Discrete Jitter          (DJ):    0.248ns
    Phase Error              (PE):    0.000ns
  Clock Net Delay (Source):      3.010ns (routing 1.584ns, distribution 1.426ns)
  Clock Net Delay (Destination): 2.634ns (routing 1.450ns, distribution 1.184ns)

    Location             Delay type                Incr(ns)  Path(ns)    Netlist Resource(s)
  -------------------------------------------------------------------    -------------------
                         (clock clk_pl_0 rise edge)
                                                      0.000     0.000 r  
    PS8_X0Y0             PS8                          0.000     0.000 r  system_bringup_i/zynq_ultra_ps_e_0/inst/PS8_i/PLCLK[0]
                         net (fo=1, routed)           0.229     0.229    system_bringup_i/zynq_ultra_ps_e_0/inst/pl_clk_unbuffered[0]
    BUFG_PS_X0Y80        BUFG_PS (Prop_BUFG_PS_I_O)
                                                      0.038     0.267 r  system_bringup_i/zynq_ultra_ps_e_0/inst/buffer_pl_clk_0.PL_CLK_0_BUFG/O
    X1Y1 (CLOCK_ROOT)    net (fo=91111, routed)       3.010     3.277    system_bringup_i/conv_engine_0/inst/grp_conv_engine_Pipeline_MAC_REDUCE_MAC_KY_MAC_KX_fu_2997/ap_clk
    SLICE_X42Y51         FDRE                                         r  system_bringup_i/conv_engine_0/inst/grp_conv_engine_Pipeline_MAC_REDUCE_MAC_KY_MAC_KX_fu_2997/add_ln911_1_reg_37970_reg[2]/C
  -------------------------------------------------------------------    -------------------
    SLICE_X42Y51         FDRE (Prop_BFF_SLICEL_C_Q)
                                                      0.113     3.390 r  system_bringup_i/conv_engine_0/inst/grp_conv_engine_Pipeline_MAC_REDUCE_MAC_KY_MAC_KX_fu_2997/add_ln911_1_reg_37970_reg[2]/Q
                         net (fo=8, routed)           0.182     3.571    system_bringup_i/conv_engine_0/inst/grp_conv_engine_Pipeline_MAC_REDUCE_MAC_KY_MAC_KX_fu_2997/shl_ln911_1_fu_9458_p2[4]
    SLICE_X42Y51         LUT6 (Prop_C6LUT_SLICEL_I1_O)
                                                      0.150     3.721 r  system_bringup_i/conv_engine_0/inst/grp_conv_engine_Pipeline_MAC_REDUCE_MAC_KY_MAC_KX_fu_2997/ram_reg_0_127_0_0_i_17/O
                         net (fo=2, routed)           0.108     3.829    system_bringup_i/conv_engine_0/inst/grp_conv_engine_Pipeline_MAC_REDUCE_MAC_KY_MAC_KX_fu_2997/mul_24s_8s_32_3_1_U832/ram_reg_0_127_0_0_i_20_0
    SLICE_X42Y49         LUT6 (Prop_C6LUT_SLICEL_I5_O)
                                                      0.056     3.885 r  system_bringup_i/conv_engine_0/inst/grp_conv_engine_Pipeline_MAC_REDUCE_MAC_KY_MAC_KX_fu_2997/mul_24s_8s_32_3_1_U832/ram_reg_0_127_0_0_i_18/O
                         net (fo=2, routed)           0.207     4.093    system_bringup_i/conv_engine_0/inst/grp_conv_engine_Pipeline_MAC_REDUCE_MAC_KY_MAC_KX_fu_2997/mul_24s_8s_32_3_1_U832/ram_reg_0_127_0_0_i_18_n_0
    SLICE_X39Y47         LUT5 (Prop_B6LUT_SLICEL_I4_O)
                                                      0.058     4.151 r  system_bringup_i/conv_engine_0/inst/grp_conv_engine_Pipeline_MAC_REDUCE_MAC_KY_MAC_KX_fu_2997/mul_24s_8s_32_3_1_U832/ram_reg_0_127_0_0_i_20/O
                         net (fo=2, routed)           0.104     4.255    system_bringup_i/conv_engine_0/inst/grp_conv_engine_Pipeline_MAC_REDUCE_MAC_KY_MAC_KX_fu_2997/mul_24s_8s_32_3_1_U832/ram_reg_0_127_0_0_i_20_n_0
    SLICE_X39Y47         LUT5 (Prop_H6LUT_SLICEL_I4_O)
                                                      0.058     4.313 r  system_bringup_i/conv_engine_0/inst/grp_conv_engine_Pipeline_MAC_REDUCE_MAC_KY_MAC_KX_fu_2997/mul_24s_8s_32_3_1_U832/ram_reg_0_127_0_0_i_22/O
                         net (fo=2, routed)           0.061     4.374    system_bringup_i/conv_engine_0/inst/grp_conv_engine_Pipeline_MAC_REDUCE_MAC_KY_MAC_KX_fu_2997/mul_24s_8s_32_3_1_U832/ram_reg_0_127_0_0_i_22_n_0
    SLICE_X39Y47         LUT5 (Prop_C6LUT_SLICEL_I0_O)
                                                      0.187     4.561 r  system_bringup_i/conv_engine_0/inst/grp_conv_engine_Pipeline_MAC_REDUCE_MAC_KY_MAC_KX_fu_2997/mul_24s_8s_32_3_1_U832/ram_reg_0_127_0_0_i_16/O
                         net (fo=5, routed)           0.113     4.674    system_bringup_i/conv_engine_0/inst/grp_conv_engine_Pipeline_MAC_REDUCE_MAC_KY_MAC_KX_fu_2997/grp_conv_engine_Pipeline_MAC_REDUCE_MAC_KY_MAC_KX_fu_2997_p_ZZ11conv_enginePK7ap_uintILi32EEPK6ap_intILi8EES6_PKS3_ILi32EEPS4_PS7_tttthhhih_386_address0[6]
    SLICE_X39Y48         LUT3 (Prop_F6LUT_SLICEL_I0_O)
                                                      0.136     4.810 r  system_bringup_i/conv_engine_0/inst/grp_conv_engine_Pipeline_MAC_REDUCE_MAC_KY_MAC_KX_fu_2997/ram_reg_0_127_0_0_i_9/O
                         net (fo=12288, routed)       1.553     6.362    system_bringup_i/conv_engine_0/inst/p_ZZ11conv_enginePK7ap_uintILi32EEPK6ap_intILi8EES6_PKS3_ILi32EEPS4_PS7_tttthhhih_451_U/ram_reg_0_127_0_0__22/A6
    SLICE_X43Y105        MUXF7 (Prop_F7MUX_AB_SLICEM_S_O)
                                                      0.111     6.473 r  system_bringup_i/conv_engine_0/inst/p_ZZ11conv_enginePK7ap_uintILi32EEPK6ap_intILi8EES6_PKS3_ILi32EEPS4_PS7_tttthhhih_451_U/ram_reg_0_127_0_0__22/F7/O
                         net (fo=1, routed)           0.213     6.686    system_bringup_i/conv_engine_0/inst/grp_conv_engine_Pipeline_MAC_REDUCE_MAC_KY_MAC_KX_fu_2997/mul_24s_8s_32_3_1_U643/DSP_A_B_DATA_INST_34
    SLICE_X42Y105        LUT6 (Prop_E6LUT_SLICEL_I5_O)
                                                      0.057     6.743 r  system_bringup_i/conv_engine_0/inst/grp_conv_engine_Pipeline_MAC_REDUCE_MAC_KY_MAC_KX_fu_2997/mul_24s_8s_32_3_1_U643/buff0_reg_i_1__146/O
                         net (fo=7, routed)           0.564     7.307    system_bringup_i/conv_engine_0/inst/grp_conv_engine_Pipeline_MAC_REDUCE_MAC_KY_MAC_KX_fu_2997/mul_24s_8s_32_3_1_U643/buff0_reg/A[28]
    DSP48E2_X10Y34       DSP_A_B_DATA                                 r  system_bringup_i/conv_engine_0/inst/grp_conv_engine_Pipeline_MAC_REDUCE_MAC_KY_MAC_KX_fu_2997/mul_24s_8s_32_3_1_U643/buff0_reg/DSP_A_B_DATA_INST/A[28]
  -------------------------------------------------------------------    -------------------

                         (clock clk_pl_0 rise edge)
                                                      5.000     5.000 r  
    PS8_X0Y0             PS8                          0.000     5.000 r  system_bringup_i/zynq_ultra_ps_e_0/inst/PS8_i/PLCLK[0]
                         net (fo=1, routed)           0.181     5.181    system_bringup_i/zynq_ultra_ps_e_0/inst/pl_clk_unbuffered[0]
    BUFG_PS_X0Y80        BUFG_PS (Prop_BUFG_PS_I_O)
                                                      0.035     5.216 r  system_bringup_i/zynq_ultra_ps_e_0/inst/buffer_pl_clk_0.PL_CLK_0_BUFG/O
    X1Y1 (CLOCK_ROOT)    net (fo=91111, routed)       2.634     7.850    system_bringup_i/conv_engine_0/inst/grp_conv_engine_Pipeline_MAC_REDUCE_MAC_KY_MAC_KX_fu_2997/mul_24s_8s_32_3_1_U643/buff0_reg/CLK
    DSP48E2_X10Y34       DSP_A_B_DATA                                 r  system_bringup_i/conv_engine_0/inst/grp_conv_engine_Pipeline_MAC_REDUCE_MAC_KY_MAC_KX_fu_2997/mul_24s_8s_32_3_1_U643/buff0_reg/DSP_A_B_DATA_INST/CLK
                         clock pessimism              0.188     8.038    
                         clock uncertainty           -0.129     7.909    
    DSP48E2_X10Y34       DSP_A_B_DATA (Setup_DSP_A_B_DATA_DSP48E2_CLK_A[28])
                                                     -0.557     7.352    system_bringup_i/conv_engine_0/inst/grp_conv_engine_Pipeline_MAC_REDUCE_MAC_KY_MAC_KX_fu_2997/mul_24s_8s_32_3_1_U643/buff0_reg/DSP_A_B_DATA_INST
  -------------------------------------------------------------------
                         required time                          7.352    
                         arrival time                          -7.307    
  -------------------------------------------------------------------
                         slack                                  0.045    

Slack (MET) :             0.057ns  (required time - arrival time)
  Source:                 system_bringup_i/conv_engine_0/inst/grp_conv_engine_Pipeline_MAC_REDUCE_MAC_KY_MAC_KX_fu_2997/add_ln911_1_reg_37970_reg[2]/C
                            (rising edge-triggered cell FDRE clocked by clk_pl_0  {rise@0.000ns fall@2.500ns period=5.000ns})
  Destination:            system_bringup_i/conv_engine_0/inst/grp_conv_engine_Pipeline_MAC_REDUCE_MAC_KY_MAC_KX_fu_2997/mul_24s_8s_32_3_1_U643/buff0_reg/DSP_A_B_DATA_INST/A[23]
                            (rising edge-triggered cell DSP_A_B_DATA clocked by clk_pl_0  {rise@0.000ns fall@2.500ns period=5.000ns})
  Path Group:             clk_pl_0
  Path Type:              Setup (Max at Slow Process Corner)
  Requirement:            5.000ns  (clk_pl_0 rise@5.000ns - clk_pl_0 rise@0.000ns)
  Data Path Delay:        4.035ns  (logic 0.926ns (22.950%)  route 3.109ns (77.050%))
  Logic Levels:           8  (LUT3=1 LUT5=3 LUT6=3 MUXF7=1)
  Clock Path Skew:        -0.238ns (DCD - SCD + CPR)
    Destination Clock Delay (DCD):    2.850ns = ( 7.850 - 5.000 ) 
    Source Clock Delay      (SCD):    3.277ns
    Clock Pessimism Removal (CPR):    0.188ns
  Clock Uncertainty:      0.129ns  ((TSJ^2 + DJ^2)^1/2) / 2 + PE
    Total System Jitter     (TSJ):    0.071ns
    Discrete Jitter          (DJ):    0.248ns
    Phase Error              (PE):    0.000ns
  Clock Net Delay (Source):      3.010ns (routing 1.584ns, distribution 1.426ns)
  Clock Net Delay (Destination): 2.634ns (routing 1.450ns, distribution 1.184ns)

    Location             Delay type                Incr(ns)  Path(ns)    Netlist Resource(s)
  -------------------------------------------------------------------    -------------------
                         (clock clk_pl_0 rise edge)
                                                      0.000     0.000 r  
    PS8_X0Y0             PS8                          0.000     0.000 r  system_bringup_i/zynq_ultra_ps_e_0/inst/PS8_i/PLCLK[0]
                         net (fo=1, routed)           0.229     0.229    system_bringup_i/zynq_ultra_ps_e_0/inst/pl_clk_unbuffered[0]
    BUFG_PS_X0Y80        BUFG_PS (Prop_BUFG_PS_I_O)
                                                      0.038     0.267 r  system_bringup_i/zynq_ultra_ps_e_0/inst/buffer_pl_clk_0.PL_CLK_0_BUFG/O
    X1Y1 (CLOCK_ROOT)    net (fo=91111, routed)       3.010     3.277    system_bringup_i/conv_engine_0/inst/grp_conv_engine_Pipeline_MAC_REDUCE_MAC_KY_MAC_KX_fu_2997/ap_clk
    SLICE_X42Y51         FDRE                                         r  system_bringup_i/conv_engine_0/inst/grp_conv_engine_Pipeline_MAC_REDUCE_MAC_KY_MAC_KX_fu_2997/add_ln911_1_reg_37970_reg[2]/C
  -------------------------------------------------------------------    -------------------
    SLICE_X42Y51         FDRE (Prop_BFF_SLICEL_C_Q)
                                                      0.113     3.390 r  system_bringup_i/conv_engine_0/inst/grp_conv_engine_Pipeline_MAC_REDUCE_MAC_KY_MAC_KX_fu_2997/add_ln911_1_reg_37970_reg[2]/Q
                         net (fo=8, routed)           0.182     3.571    system_bringup_i/conv_engine_0/inst/grp_conv_engine_Pipeline_MAC_REDUCE_MAC_KY_MAC_KX_fu_2997/shl_ln911_1_fu_9458_p2[4]
    SLICE_X42Y51         LUT6 (Prop_C6LUT_SLICEL_I1_O)
                                                      0.150     3.721 r  system_bringup_i/conv_engine_0/inst/grp_conv_engine_Pipeline_MAC_REDUCE_MAC_KY_MAC_KX_fu_2997/ram_reg_0_127_0_0_i_17/O
                         net (fo=2, routed)           0.108     3.829    system_bringup_i/conv_engine_0/inst/grp_conv_engine_Pipeline_MAC_REDUCE_MAC_KY_MAC_KX_fu_2997/mul_24s_8s_32_3_1_U832/ram_reg_0_127_0_0_i_20_0
    SLICE_X42Y49         LUT6 (Prop_C6LUT_SLICEL_I5_O)
                                                      0.056     3.885 r  system_bringup_i/conv_engine_0/inst/grp_conv_engine_Pipeline_MAC_REDUCE_MAC_KY_MAC_KX_fu_2997/mul_24s_8s_32_3_1_U832/ram_reg_0_127_0_0_i_18/O
                         net (fo=2, routed)           0.207     4.093    system_bringup_i/conv_engine_0/inst/grp_conv_engine_Pipeline_MAC_REDUCE_MAC_KY_MAC_KX_fu_2997/mul_24s_8s_32_3_1_U832/ram_reg_0_127_0_0_i_18_n_0
    SLICE_X39Y47         LUT5 (Prop_B6LUT_SLICEL_I4_O)
                                                      0.058     4.151 r  system_bringup_i/conv_engine_0/inst/grp_conv_engine_Pipeline_MAC_REDUCE_MAC_KY_MAC_KX_fu_2997/mul_24s_8s_32_3_1_U832/ram_reg_0_127_0_0_i_20/O
                         net (fo=2, routed)           0.104     4.255    system_bringup_i/conv_engine_0/inst/grp_conv_engine_Pipeline_MAC_REDUCE_MAC_KY_MAC_KX_fu_2997/mul_24s_8s_32_3_1_U832/ram_reg_0_127_0_0_i_20_n_0
    SLICE_X39Y47         LUT5 (Prop_H6LUT_SLICEL_I4_O)
                                                      0.058     4.313 r  system_bringup_i/conv_engine_0/inst/grp_conv_engine_Pipeline_MAC_REDUCE_MAC_KY_MAC_KX_fu_2997/mul_24s_8s_32_3_1_U832/ram_reg_0_127_0_0_i_22/O
                         net (fo=2, routed)           0.061     4.374    system_bringup_i/conv_engine_0/inst/grp_conv_engine_Pipeline_MAC_REDUCE_MAC_KY_MAC_KX_fu_2997/mul_24s_8s_32_3_1_U832/ram_reg_0_127_0_0_i_22_n_0
    SLICE_X39Y47         LUT5 (Prop_C6LUT_SLICEL_I0_O)
                                                      0.187     4.561 r  system_bringup_i/conv_engine_0/inst/grp_conv_engine_Pipeline_MAC_REDUCE_MAC_KY_MAC_KX_fu_2997/mul_24s_8s_32_3_1_U832/ram_reg_0_127_0_0_i_16/O
                         net (fo=5, routed)           0.113     4.674    system_bringup_i/conv_engine_0/inst/grp_conv_engine_Pipeline_MAC_REDUCE_MAC_KY_MAC_KX_fu_2997/grp_conv_engine_Pipeline_MAC_REDUCE_MAC_KY_MAC_KX_fu_2997_p_ZZ11conv_enginePK7ap_uintILi32EEPK6ap_intILi8EES6_PKS3_ILi32EEPS4_PS7_tttthhhih_386_address0[6]
    SLICE_X39Y48         LUT3 (Prop_F6LUT_SLICEL_I0_O)
                                                      0.136     4.810 r  system_bringup_i/conv_engine_0/inst/grp_conv_engine_Pipeline_MAC_REDUCE_MAC_KY_MAC_KX_fu_2997/ram_reg_0_127_0_0_i_9/O
                         net (fo=12288, routed)       1.553     6.362    system_bringup_i/conv_engine_0/inst/p_ZZ11conv_enginePK7ap_uintILi32EEPK6ap_intILi8EES6_PKS3_ILi32EEPS4_PS7_tttthhhih_451_U/ram_reg_0_127_0_0__22/A6
    SLICE_X43Y105        MUXF7 (Prop_F7MUX_AB_SLICEM_S_O)
                                                      0.111     6.473 r  system_bringup_i/conv_engine_0/inst/p_ZZ11conv_enginePK7ap_uintILi32EEPK6ap_intILi8EES6_PKS3_ILi32EEPS4_PS7_tttthhhih_451_U/ram_reg_0_127_0_0__22/F7/O
                         net (fo=1, routed)           0.213     6.686    system_bringup_i/conv_engine_0/inst/grp_conv_engine_Pipeline_MAC_REDUCE_MAC_KY_MAC_KX_fu_2997/mul_24s_8s_32_3_1_U643/DSP_A_B_DATA_INST_34
    SLICE_X42Y105        LUT6 (Prop_E6LUT_SLICEL_I5_O)
                                                      0.057     6.743 r  system_bringup_i/conv_engine_0/inst/grp_conv_engine_Pipeline_MAC_REDUCE_MAC_KY_MAC_KX_fu_2997/mul_24s_8s_32_3_1_U643/buff0_reg_i_1__146/O
                         net (fo=7, routed)           0.568     7.312    system_bringup_i/conv_engine_0/inst/grp_conv_engine_Pipeline_MAC_REDUCE_MAC_KY_MAC_KX_fu_2997/mul_24s_8s_32_3_1_U643/buff0_reg/A[23]
    DSP48E2_X10Y34       DSP_A_B_DATA                                 r  system_bringup_i/conv_engine_0/inst/grp_conv_engine_Pipeline_MAC_REDUCE_MAC_KY_MAC_KX_fu_2997/mul_24s_8s_32_3_1_U643/buff0_reg/DSP_A_B_DATA_INST/A[23]
  -------------------------------------------------------------------    -------------------

                         (clock clk_pl_0 rise edge)
                                                      5.000     5.000 r  
    PS8_X0Y0             PS8                          0.000     5.000 r  system_bringup_i/zynq_ultra_ps_e_0/inst/PS8_i/PLCLK[0]
                         net (fo=1, routed)           0.181     5.181    system_bringup_i/zynq_ultra_ps_e_0/inst/pl_clk_unbuffered[0]
    BUFG_PS_X0Y80        BUFG_PS (Prop_BUFG_PS_I_O)
                                                      0.035     5.216 r  system_bringup_i/zynq_ultra_ps_e_0/inst/buffer_pl_clk_0.PL_CLK_0_BUFG/O
    X1Y1 (CLOCK_ROOT)    net (fo=91111, routed)       2.634     7.850    system_bringup_i/conv_engine_0/inst/grp_conv_engine_Pipeline_MAC_REDUCE_MAC_KY_MAC_KX_fu_2997/mul_24s_8s_32_3_1_U643/buff0_reg/CLK
    DSP48E2_X10Y34       DSP_A_B_DATA                                 r  system_bringup_i/conv_engine_0/inst/grp_conv_engine_Pipeline_MAC_REDUCE_MAC_KY_MAC_KX_fu_2997/mul_24s_8s_32_3_1_U643/buff0_reg/DSP_A_B_DATA_INST/CLK
                         clock pessimism              0.188     8.038    
                         clock uncertainty           -0.129     7.909    
    DSP48E2_X10Y34       DSP_A_B_DATA (Setup_DSP_A_B_DATA_DSP48E2_CLK_A[23])
                                                     -0.541     7.368    system_bringup_i/conv_engine_0/inst/grp_conv_engine_Pipeline_MAC_REDUCE_MAC_KY_MAC_KX_fu_2997/mul_24s_8s_32_3_1_U643/buff0_reg/DSP_A_B_DATA_INST
  -------------------------------------------------------------------
                         required time                          7.368    
                         arrival time                          -7.312    
  -------------------------------------------------------------------
                         slack                                  0.057    

Slack (MET) :             0.057ns  (required time - arrival time)
  Source:                 system_bringup_i/conv_engine_0/inst/RD_BUS_m_axi_U/load_unit_0/buff_rdata/U_fifo_mem/mem_reg/CLKARDCLK
                            (rising edge-triggered cell RAMB18E2 clocked by clk_pl_0  {rise@0.000ns fall@2.500ns period=5.000ns})
  Destination:            system_bringup_i/conv_engine_0/inst/p_ZZ11conv_enginePK7ap_uintILi32EEPK6ap_intILi8EES6_PKS3_ILi32EEPS4_PS7_tttthhhih_50_reg[20]/D
                            (rising edge-triggered cell FDRE clocked by clk_pl_0  {rise@0.000ns fall@2.500ns period=5.000ns})
  Path Group:             clk_pl_0
  Path Type:              Setup (Max at Slow Process Corner)
  Requirement:            5.000ns  (clk_pl_0 rise@5.000ns - clk_pl_0 rise@0.000ns)
  Data Path Delay:        4.650ns  (logic 1.208ns (25.980%)  route 3.442ns (74.020%))
  Logic Levels:           0  
  Clock Path Skew:        -0.207ns (DCD - SCD + CPR)
    Destination Clock Delay (DCD):    3.017ns = ( 8.017 - 5.000 ) 
    Source Clock Delay      (SCD):    3.410ns
    Clock Pessimism Removal (CPR):    0.185ns
  Clock Uncertainty:      0.129ns  ((TSJ^2 + DJ^2)^1/2) / 2 + PE
    Total System Jitter     (TSJ):    0.071ns
    Discrete Jitter          (DJ):    0.248ns
    Phase Error              (PE):    0.000ns
  Clock Net Delay (Source):      3.143ns (routing 1.584ns, distribution 1.559ns)
  Clock Net Delay (Destination): 2.801ns (routing 1.450ns, distribution 1.351ns)

    Location             Delay type                Incr(ns)  Path(ns)    Netlist Resource(s)
  -------------------------------------------------------------------    -------------------
                         (clock clk_pl_0 rise edge)
                                                      0.000     0.000 r  
    PS8_X0Y0             PS8                          0.000     0.000 r  system_bringup_i/zynq_ultra_ps_e_0/inst/PS8_i/PLCLK[0]
                         net (fo=1, routed)           0.229     0.229    system_bringup_i/zynq_ultra_ps_e_0/inst/pl_clk_unbuffered[0]
    BUFG_PS_X0Y80        BUFG_PS (Prop_BUFG_PS_I_O)
                                                      0.038     0.267 r  system_bringup_i/zynq_ultra_ps_e_0/inst/buffer_pl_clk_0.PL_CLK_0_BUFG/O
    X1Y1 (CLOCK_ROOT)    net (fo=91111, routed)       3.143     3.410    system_bringup_i/conv_engine_0/inst/RD_BUS_m_axi_U/load_unit_0/buff_rdata/U_fifo_mem/ap_clk
    RAMB18_X0Y48         RAMB18E2                                     r  system_bringup_i/conv_engine_0/inst/RD_BUS_m_axi_U/load_unit_0/buff_rdata/U_fifo_mem/mem_reg/CLKARDCLK
  -------------------------------------------------------------------    -------------------
    RAMB18_X0Y48         RAMB18E2 (Prop_RAMB18E2_L_RAMB180_CLKARDCLK_DOUTBDOUT[4])
                                                      1.208     4.618 r  system_bringup_i/conv_engine_0/inst/RD_BUS_m_axi_U/load_unit_0/buff_rdata/U_fifo_mem/mem_reg/DOUTBDOUT[4]
                         net (fo=67, routed)          3.442     8.059    system_bringup_i/conv_engine_0/inst/RD_BUS_0_RDATA[20]
    SLICE_X58Y75         FDRE                                         r  system_bringup_i/conv_engine_0/inst/p_ZZ11conv_enginePK7ap_uintILi32EEPK6ap_intILi8EES6_PKS3_ILi32EEPS4_PS7_tttthhhih_50_reg[20]/D
  -------------------------------------------------------------------    -------------------

                         (clock clk_pl_0 rise edge)
                                                      5.000     5.000 r  
    PS8_X0Y0             PS8                          0.000     5.000 r  system_bringup_i/zynq_ultra_ps_e_0/inst/PS8_i/PLCLK[0]
                         net (fo=1, routed)           0.181     5.181    system_bringup_i/zynq_ultra_ps_e_0/inst/pl_clk_unbuffered[0]
    BUFG_PS_X0Y80        BUFG_PS (Prop_BUFG_PS_I_O)
                                                      0.035     5.216 r  system_bringup_i/zynq_ultra_ps_e_0/inst/buffer_pl_clk_0.PL_CLK_0_BUFG/O
    X1Y1 (CLOCK_ROOT)    net (fo=91111, routed)       2.801     8.017    system_bringup_i/conv_engine_0/inst/ap_clk
    SLICE_X58Y75         FDRE                                         r  system_bringup_i/conv_engine_0/inst/p_ZZ11conv_enginePK7ap_uintILi32EEPK6ap_intILi8EES6_PKS3_ILi32EEPS4_PS7_tttthhhih_50_reg[20]/C
                         clock pessimism              0.185     8.202    
                         clock uncertainty           -0.129     8.073    
    SLICE_X58Y75         FDRE (Setup_DFF_SLICEM_C_D)
                                                      0.043     8.116    system_bringup_i/conv_engine_0/inst/p_ZZ11conv_enginePK7ap_uintILi32EEPK6ap_intILi8EES6_PKS3_ILi32EEPS4_PS7_tttthhhih_50_reg[20]
  -------------------------------------------------------------------
                         required time                          8.116    
                         arrival time                          -8.059    
  -------------------------------------------------------------------
                         slack                                  0.057    

Slack (MET) :             0.058ns  (required time - arrival time)
  Source:                 system_bringup_i/conv_engine_0/inst/grp_conv_engine_Pipeline_MAC_REDUCE_MAC_KY_MAC_KX_fu_2997/x_12_reg_38048_reg[5]/C
                            (rising edge-triggered cell FDRE clocked by clk_pl_0  {rise@0.000ns fall@2.500ns period=5.000ns})
  Destination:            system_bringup_i/conv_engine_0/inst/grp_conv_engine_Pipeline_MAC_REDUCE_MAC_KY_MAC_KX_fu_2997/mul_24s_8s_32_3_1_U621/buff0_reg/DSP_A_B_DATA_INST/B[5]
                            (rising edge-triggered cell DSP_A_B_DATA clocked by clk_pl_0  {rise@0.000ns fall@2.500ns period=5.000ns})
  Path Group:             clk_pl_0
  Path Type:              Setup (Max at Slow Process Corner)
  Requirement:            5.000ns  (clk_pl_0 rise@5.000ns - clk_pl_0 rise@0.000ns)
  Data Path Delay:        3.967ns  (logic 0.113ns (2.849%)  route 3.854ns (97.151%))
  Logic Levels:           0  
  Clock Path Skew:        -0.338ns (DCD - SCD + CPR)
    Destination Clock Delay (DCD):    2.862ns = ( 7.862 - 5.000 ) 
    Source Clock Delay      (SCD):    3.385ns
    Clock Pessimism Removal (CPR):    0.185ns
  Clock Uncertainty:      0.129ns  ((TSJ^2 + DJ^2)^1/2) / 2 + PE
    Total System Jitter     (TSJ):    0.071ns
    Discrete Jitter          (DJ):    0.248ns
    Phase Error              (PE):    0.000ns
  Clock Net Delay (Source):      3.118ns (routing 1.584ns, distribution 1.534ns)
  Clock Net Delay (Destination): 2.646ns (routing 1.450ns, distribution 1.196ns)

    Location             Delay type                Incr(ns)  Path(ns)    Netlist Resource(s)
  -------------------------------------------------------------------    -------------------
                         (clock clk_pl_0 rise edge)
                                                      0.000     0.000 r  
    PS8_X0Y0             PS8                          0.000     0.000 r  system_bringup_i/zynq_ultra_ps_e_0/inst/PS8_i/PLCLK[0]
                         net (fo=1, routed)           0.229     0.229    system_bringup_i/zynq_ultra_ps_e_0/inst/pl_clk_unbuffered[0]
    BUFG_PS_X0Y80        BUFG_PS (Prop_BUFG_PS_I_O)
                                                      0.038     0.267 r  system_bringup_i/zynq_ultra_ps_e_0/inst/buffer_pl_clk_0.PL_CLK_0_BUFG/O
    X1Y1 (CLOCK_ROOT)    net (fo=91111, routed)       3.118     3.385    system_bringup_i/conv_engine_0/inst/grp_conv_engine_Pipeline_MAC_REDUCE_MAC_KY_MAC_KX_fu_2997/ap_clk
    SLICE_X49Y123        FDRE                                         r  system_bringup_i/conv_engine_0/inst/grp_conv_engine_Pipeline_MAC_REDUCE_MAC_KY_MAC_KX_fu_2997/x_12_reg_38048_reg[5]/C
  -------------------------------------------------------------------    -------------------
    SLICE_X49Y123        FDRE (Prop_BFF_SLICEL_C_Q)
                                                      0.113     3.498 r  system_bringup_i/conv_engine_0/inst/grp_conv_engine_Pipeline_MAC_REDUCE_MAC_KY_MAC_KX_fu_2997/x_12_reg_38048_reg[5]/Q
                         net (fo=17, routed)          3.854     7.352    system_bringup_i/conv_engine_0/inst/grp_conv_engine_Pipeline_MAC_REDUCE_MAC_KY_MAC_KX_fu_2997/mul_24s_8s_32_3_1_U621/buff0_reg/B[5]
    DSP48E2_X11Y10       DSP_A_B_DATA                                 r  system_bringup_i/conv_engine_0/inst/grp_conv_engine_Pipeline_MAC_REDUCE_MAC_KY_MAC_KX_fu_2997/mul_24s_8s_32_3_1_U621/buff0_reg/DSP_A_B_DATA_INST/B[5]
  -------------------------------------------------------------------    -------------------

                         (clock clk_pl_0 rise edge)
                                                      5.000     5.000 r  
    PS8_X0Y0             PS8                          0.000     5.000 r  system_bringup_i/zynq_ultra_ps_e_0/inst/PS8_i/PLCLK[0]
                         net (fo=1, routed)           0.181     5.181    system_bringup_i/zynq_ultra_ps_e_0/inst/pl_clk_unbuffered[0]
    BUFG_PS_X0Y80        BUFG_PS (Prop_BUFG_PS_I_O)
                                                      0.035     5.216 r  system_bringup_i/zynq_ultra_ps_e_0/inst/buffer_pl_clk_0.PL_CLK_0_BUFG/O
    X1Y1 (CLOCK_ROOT)    net (fo=91111, routed)       2.646     7.862    system_bringup_i/conv_engine_0/inst/grp_conv_engine_Pipeline_MAC_REDUCE_MAC_KY_MAC_KX_fu_2997/mul_24s_8s_32_3_1_U621/buff0_reg/CLK
    DSP48E2_X11Y10       DSP_A_B_DATA                                 r  system_bringup_i/conv_engine_0/inst/grp_conv_engine_Pipeline_MAC_REDUCE_MAC_KY_MAC_KX_fu_2997/mul_24s_8s_32_3_1_U621/buff0_reg/DSP_A_B_DATA_INST/CLK
                         clock pessimism              0.185     8.047    
                         clock uncertainty           -0.129     7.918    
    DSP48E2_X11Y10       DSP_A_B_DATA (Setup_DSP_A_B_DATA_DSP48E2_CLK_B[5])
                                                     -0.508     7.410    system_bringup_i/conv_engine_0/inst/grp_conv_engine_Pipeline_MAC_REDUCE_MAC_KY_MAC_KX_fu_2997/mul_24s_8s_32_3_1_U621/buff0_reg/DSP_A_B_DATA_INST
  -------------------------------------------------------------------
                         required time                          7.410    
                         arrival time                          -7.352    
  -------------------------------------------------------------------
                         slack                                  0.058    

Slack (MET) :             0.059ns  (required time - arrival time)
  Source:                 system_bringup_i/conv_engine_0/inst/grp_conv_engine_Pipeline_MAC_REDUCE_MAC_KY_MAC_KX_fu_2997/x_8_reg_38024_reg[1]/C
                            (rising edge-triggered cell FDRE clocked by clk_pl_0  {rise@0.000ns fall@2.500ns period=5.000ns})
  Destination:            system_bringup_i/conv_engine_0/inst/grp_conv_engine_Pipeline_MAC_REDUCE_MAC_KY_MAC_KX_fu_2997/mul_24s_8s_32_3_1_U665/buff0_reg/DSP_A_B_DATA_INST/B[1]
                            (rising edge-triggered cell DSP_A_B_DATA clocked by clk_pl_0  {rise@0.000ns fall@2.500ns period=5.000ns})
  Path Group:             clk_pl_0
  Path Type:              Setup (Max at Slow Process Corner)
  Requirement:            5.000ns  (clk_pl_0 rise@5.000ns - clk_pl_0 rise@0.000ns)
  Data Path Delay:        3.914ns  (logic 0.116ns (2.964%)  route 3.798ns (97.036%))
  Logic Levels:           0  
  Clock Path Skew:        -0.368ns (DCD - SCD + CPR)
    Destination Clock Delay (DCD):    2.875ns = ( 7.875 - 5.000 ) 
    Source Clock Delay      (SCD):    3.429ns
    Clock Pessimism Removal (CPR):    0.185ns
  Clock Uncertainty:      0.129ns  ((TSJ^2 + DJ^2)^1/2) / 2 + PE
    Total System Jitter     (TSJ):    0.071ns
    Discrete Jitter          (DJ):    0.248ns
    Phase Error              (PE):    0.000ns
  Clock Net Delay (Source):      3.162ns (routing 1.584ns, distribution 1.578ns)
  Clock Net Delay (Destination): 2.659ns (routing 1.450ns, distribution 1.209ns)

    Location             Delay type                Incr(ns)  Path(ns)    Netlist Resource(s)
  -------------------------------------------------------------------    -------------------
                         (clock clk_pl_0 rise edge)
                                                      0.000     0.000 r  
    PS8_X0Y0             PS8                          0.000     0.000 r  system_bringup_i/zynq_ultra_ps_e_0/inst/PS8_i/PLCLK[0]
                         net (fo=1, routed)           0.229     0.229    system_bringup_i/zynq_ultra_ps_e_0/inst/pl_clk_unbuffered[0]
    BUFG_PS_X0Y80        BUFG_PS (Prop_BUFG_PS_I_O)
                                                      0.038     0.267 r  system_bringup_i/zynq_ultra_ps_e_0/inst/buffer_pl_clk_0.PL_CLK_0_BUFG/O
    X1Y1 (CLOCK_ROOT)    net (fo=91111, routed)       3.162     3.429    system_bringup_i/conv_engine_0/inst/grp_conv_engine_Pipeline_MAC_REDUCE_MAC_KY_MAC_KX_fu_2997/ap_clk
    SLICE_X54Y129        FDRE                                         r  system_bringup_i/conv_engine_0/inst/grp_conv_engine_Pipeline_MAC_REDUCE_MAC_KY_MAC_KX_fu_2997/x_8_reg_38024_reg[1]/C
  -------------------------------------------------------------------    -------------------
    SLICE_X54Y129        FDRE (Prop_DFF_SLICEM_C_Q)
                                                      0.116     3.545 r  system_bringup_i/conv_engine_0/inst/grp_conv_engine_Pipeline_MAC_REDUCE_MAC_KY_MAC_KX_fu_2997/x_8_reg_38024_reg[1]/Q
                         net (fo=17, routed)          3.798     7.343    system_bringup_i/conv_engine_0/inst/grp_conv_engine_Pipeline_MAC_REDUCE_MAC_KY_MAC_KX_fu_2997/mul_24s_8s_32_3_1_U665/buff0_reg/B[1]
    DSP48E2_X9Y6         DSP_A_B_DATA                                 r  system_bringup_i/conv_engine_0/inst/grp_conv_engine_Pipeline_MAC_REDUCE_MAC_KY_MAC_KX_fu_2997/mul_24s_8s_32_3_1_U665/buff0_reg/DSP_A_B_DATA_INST/B[1]
  -------------------------------------------------------------------    -------------------

                         (clock clk_pl_0 rise edge)
                                                      5.000     5.000 r  
    PS8_X0Y0             PS8                          0.000     5.000 r  system_bringup_i/zynq_ultra_ps_e_0/inst/PS8_i/PLCLK[0]
                         net (fo=1, routed)           0.181     5.181    system_bringup_i/zynq_ultra_ps_e_0/inst/pl_clk_unbuffered[0]
    BUFG_PS_X0Y80        BUFG_PS (Prop_BUFG_PS_I_O)
                                                      0.035     5.216 r  system_bringup_i/zynq_ultra_ps_e_0/inst/buffer_pl_clk_0.PL_CLK_0_BUFG/O
    X1Y1 (CLOCK_ROOT)    net (fo=91111, routed)       2.659     7.875    system_bringup_i/conv_engine_0/inst/grp_conv_engine_Pipeline_MAC_REDUCE_MAC_KY_MAC_KX_fu_2997/mul_24s_8s_32_3_1_U665/buff0_reg/CLK
    DSP48E2_X9Y6         DSP_A_B_DATA                                 r  system_bringup_i/conv_engine_0/inst/grp_conv_engine_Pipeline_MAC_REDUCE_MAC_KY_MAC_KX_fu_2997/mul_24s_8s_32_3_1_U665/buff0_reg/DSP_A_B_DATA_INST/CLK
                         clock pessimism              0.185     8.060    
                         clock uncertainty           -0.129     7.931    
    DSP48E2_X9Y6         DSP_A_B_DATA (Setup_DSP_A_B_DATA_DSP48E2_CLK_B[1])
                                                     -0.530     7.401    system_bringup_i/conv_engine_0/inst/grp_conv_engine_Pipeline_MAC_REDUCE_MAC_KY_MAC_KX_fu_2997/mul_24s_8s_32_3_1_U665/buff0_reg/DSP_A_B_DATA_INST
  -------------------------------------------------------------------
                         required time                          7.401    
                         arrival time                          -7.343    
  -------------------------------------------------------------------
                         slack                                  0.059    

Slack (MET) :             0.061ns  (required time - arrival time)
  Source:                 system_bringup_i/conv_engine_0/inst/RD_BUS_m_axi_U/load_unit_0/buff_rdata/U_fifo_mem/mem_reg/CLKARDCLK
                            (rising edge-triggered cell RAMB18E2 clocked by clk_pl_0  {rise@0.000ns fall@2.500ns period=5.000ns})
  Destination:            system_bringup_i/conv_engine_0/inst/p_ZZ11conv_enginePK7ap_uintILi32EEPK6ap_intILi8EES6_PKS3_ILi32EEPS4_PS7_tttthhhih_3_reg[2]/D
                            (rising edge-triggered cell FDRE clocked by clk_pl_0  {rise@0.000ns fall@2.500ns period=5.000ns})
  Path Group:             clk_pl_0
  Path Type:              Setup (Max at Slow Process Corner)
  Requirement:            5.000ns  (clk_pl_0 rise@5.000ns - clk_pl_0 rise@0.000ns)
  Data Path Delay:        4.588ns  (logic 1.220ns (26.592%)  route 3.368ns (73.408%))
  Logic Levels:           0  
  Clock Path Skew:        -0.269ns (DCD - SCD + CPR)
    Destination Clock Delay (DCD):    2.956ns = ( 7.956 - 5.000 ) 
    Source Clock Delay      (SCD):    3.410ns
    Clock Pessimism Removal (CPR):    0.185ns
  Clock Uncertainty:      0.129ns  ((TSJ^2 + DJ^2)^1/2) / 2 + PE
    Total System Jitter     (TSJ):    0.071ns
    Discrete Jitter          (DJ):    0.248ns
    Phase Error              (PE):    0.000ns
  Clock Net Delay (Source):      3.143ns (routing 1.584ns, distribution 1.559ns)
  Clock Net Delay (Destination): 2.740ns (routing 1.450ns, distribution 1.290ns)

    Location             Delay type                Incr(ns)  Path(ns)    Netlist Resource(s)
  -------------------------------------------------------------------    -------------------
                         (clock clk_pl_0 rise edge)
                                                      0.000     0.000 r  
    PS8_X0Y0             PS8                          0.000     0.000 r  system_bringup_i/zynq_ultra_ps_e_0/inst/PS8_i/PLCLK[0]
                         net (fo=1, routed)           0.229     0.229    system_bringup_i/zynq_ultra_ps_e_0/inst/pl_clk_unbuffered[0]
    BUFG_PS_X0Y80        BUFG_PS (Prop_BUFG_PS_I_O)
                                                      0.038     0.267 r  system_bringup_i/zynq_ultra_ps_e_0/inst/buffer_pl_clk_0.PL_CLK_0_BUFG/O
    X1Y1 (CLOCK_ROOT)    net (fo=91111, routed)       3.143     3.410    system_bringup_i/conv_engine_0/inst/RD_BUS_m_axi_U/load_unit_0/buff_rdata/U_fifo_mem/ap_clk
    RAMB18_X0Y48         RAMB18E2                                     r  system_bringup_i/conv_engine_0/inst/RD_BUS_m_axi_U/load_unit_0/buff_rdata/U_fifo_mem/mem_reg/CLKARDCLK
  -------------------------------------------------------------------    -------------------
    RAMB18_X0Y48         RAMB18E2 (Prop_RAMB18E2_L_RAMB180_CLKARDCLK_DOUTADOUT[2])
                                                      1.220     4.630 r  system_bringup_i/conv_engine_0/inst/RD_BUS_m_axi_U/load_unit_0/buff_rdata/U_fifo_mem/mem_reg/DOUTADOUT[2]
                         net (fo=67, routed)          3.368     7.997    system_bringup_i/conv_engine_0/inst/RD_BUS_0_RDATA[2]
    SLICE_X48Y95         FDRE                                         r  system_bringup_i/conv_engine_0/inst/p_ZZ11conv_enginePK7ap_uintILi32EEPK6ap_intILi8EES6_PKS3_ILi32EEPS4_PS7_tttthhhih_3_reg[2]/D
  -------------------------------------------------------------------    -------------------

                         (clock clk_pl_0 rise edge)
                                                      5.000     5.000 r  
    PS8_X0Y0             PS8                          0.000     5.000 r  system_bringup_i/zynq_ultra_ps_e_0/inst/PS8_i/PLCLK[0]
                         net (fo=1, routed)           0.181     5.181    system_bringup_i/zynq_ultra_ps_e_0/inst/pl_clk_unbuffered[0]
    BUFG_PS_X0Y80        BUFG_PS (Prop_BUFG_PS_I_O)
                                                      0.035     5.216 r  system_bringup_i/zynq_ultra_ps_e_0/inst/buffer_pl_clk_0.PL_CLK_0_BUFG/O
    X1Y1 (CLOCK_ROOT)    net (fo=91111, routed)       2.740     7.956    system_bringup_i/conv_engine_0/inst/ap_clk
    SLICE_X48Y95         FDRE                                         r  system_bringup_i/conv_engine_0/inst/p_ZZ11conv_enginePK7ap_uintILi32EEPK6ap_intILi8EES6_PKS3_ILi32EEPS4_PS7_tttthhhih_3_reg[2]/C
                         clock pessimism              0.185     8.141    
                         clock uncertainty           -0.129     8.012    
    SLICE_X48Y95         FDRE (Setup_DFF2_SLICEL_C_D)
                                                      0.046     8.058    system_bringup_i/conv_engine_0/inst/p_ZZ11conv_enginePK7ap_uintILi32EEPK6ap_intILi8EES6_PKS3_ILi32EEPS4_PS7_tttthhhih_3_reg[2]
  -------------------------------------------------------------------
                         required time                          8.058    
                         arrival time                          -7.997    
  -------------------------------------------------------------------
                         slack                                  0.061    

Slack (MET) :             0.062ns  (required time - arrival time)
  Source:                 system_bringup_i/conv_engine_0/inst/cmp228_i_reg_8296_reg[0]/C
                            (rising edge-triggered cell FDRE clocked by clk_pl_0  {rise@0.000ns fall@2.500ns period=5.000ns})
  Destination:            system_bringup_i/conv_engine_0/inst/p_ZZ11conv_enginePK7ap_uintILi32EEPK6ap_intILi8EES6_PKS3_ILi32EEPS4_PS7_tttthhhih_987_load_fu_6085_p1_reg[0]/CE
                            (rising edge-triggered cell FDRE clocked by clk_pl_0  {rise@0.000ns fall@2.500ns period=5.000ns})
  Path Group:             clk_pl_0
  Path Type:              Setup (Max at Slow Process Corner)
  Requirement:            5.000ns  (clk_pl_0 rise@5.000ns - clk_pl_0 rise@0.000ns)
  Data Path Delay:        4.563ns  (logic 0.311ns (6.816%)  route 4.252ns (93.184%))
  Logic Levels:           2  (BUFGCE=1 LUT3=1)
  Clock Path Skew:        -0.168ns (DCD - SCD + CPR)
    Destination Clock Delay (DCD):    3.010ns = ( 8.010 - 5.000 ) 
    Source Clock Delay      (SCD):    3.366ns
    Clock Pessimism Removal (CPR):    0.188ns
  Clock Uncertainty:      0.129ns  ((TSJ^2 + DJ^2)^1/2) / 2 + PE
    Total System Jitter     (TSJ):    0.071ns
    Discrete Jitter          (DJ):    0.248ns
    Phase Error              (PE):    0.000ns
  Clock Net Delay (Source):      3.099ns (routing 1.584ns, distribution 1.515ns)
  Clock Net Delay (Destination): 2.794ns (routing 1.450ns, distribution 1.344ns)

    Location             Delay type                Incr(ns)  Path(ns)    Netlist Resource(s)
  -------------------------------------------------------------------    -------------------
                         (clock clk_pl_0 rise edge)
                                                      0.000     0.000 r  
    PS8_X0Y0             PS8                          0.000     0.000 r  system_bringup_i/zynq_ultra_ps_e_0/inst/PS8_i/PLCLK[0]
                         net (fo=1, routed)           0.229     0.229    system_bringup_i/zynq_ultra_ps_e_0/inst/pl_clk_unbuffered[0]
    BUFG_PS_X0Y80        BUFG_PS (Prop_BUFG_PS_I_O)
                                                      0.038     0.267 r  system_bringup_i/zynq_ultra_ps_e_0/inst/buffer_pl_clk_0.PL_CLK_0_BUFG/O
    X1Y1 (CLOCK_ROOT)    net (fo=91111, routed)       3.099     3.366    system_bringup_i/conv_engine_0/inst/ap_clk
    SLICE_X16Y87         FDRE                                         r  system_bringup_i/conv_engine_0/inst/cmp228_i_reg_8296_reg[0]/C
  -------------------------------------------------------------------    -------------------
    SLICE_X16Y87         FDRE (Prop_DFF2_SLICEL_C_Q)
                                                      0.115     3.481 r  system_bringup_i/conv_engine_0/inst/cmp228_i_reg_8296_reg[0]/Q
                         net (fo=897, routed)         1.355     4.836    system_bringup_i/conv_engine_0/inst/cmp228_i_reg_8296
    SLICE_X28Y127        LUT3 (Prop_E6LUT_SLICEM_I0_O)
                                                      0.152     4.988 r  system_bringup_i/conv_engine_0/inst/p_ZZ11conv_enginePK7ap_uintILi32EEPK6ap_intILi8EES6_PKS3_ILi32EEPS4_PS7_tttthhhih_979_load_fu_6053_p1[27]_i_1/O
                         net (fo=1, routed)           1.045     6.033    system_bringup_i/conv_engine_0/inst/conv_engine_ap_uint_const_ap_int_const_ap_int_const_ap_int_const_ap_int_ap_52_load_fu_6149_p10_bufg_place
    BUFGCE_X0Y50         BUFGCE (Prop_BUFCE_BUFGCE_I_O)
                                                      0.044     6.077 r  system_bringup_i/conv_engine_0/inst/p_ZZ11conv_enginePK7ap_uintILi32EEPK6ap_intILi8EES6_PKS3_ILi32EEPS4_PS7_tttthhhih_979_load_fu_6053_p1[27]_i_1_bufg_place/O
                         net (fo=1792, routed)        1.852     7.929    system_bringup_i/conv_engine_0/inst/conv_engine_ap_uint_const_ap_int_const_ap_int_const_ap_int_const_ap_int_ap_52_load_fu_6149_p10
    SLICE_X52Y49         FDRE                                         r  system_bringup_i/conv_engine_0/inst/p_ZZ11conv_enginePK7ap_uintILi32EEPK6ap_intILi8EES6_PKS3_ILi32EEPS4_PS7_tttthhhih_987_load_fu_6085_p1_reg[0]/CE
  -------------------------------------------------------------------    -------------------

                         (clock clk_pl_0 rise edge)
                                                      5.000     5.000 r  
    PS8_X0Y0             PS8                          0.000     5.000 r  system_bringup_i/zynq_ultra_ps_e_0/inst/PS8_i/PLCLK[0]
                         net (fo=1, routed)           0.181     5.181    system_bringup_i/zynq_ultra_ps_e_0/inst/pl_clk_unbuffered[0]
    BUFG_PS_X0Y80        BUFG_PS (Prop_BUFG_PS_I_O)
                                                      0.035     5.216 r  system_bringup_i/zynq_ultra_ps_e_0/inst/buffer_pl_clk_0.PL_CLK_0_BUFG/O
    X1Y1 (CLOCK_ROOT)    net (fo=91111, routed)       2.794     8.010    system_bringup_i/conv_engine_0/inst/ap_clk
    SLICE_X52Y49         FDRE                                         r  system_bringup_i/conv_engine_0/inst/p_ZZ11conv_enginePK7ap_uintILi32EEPK6ap_intILi8EES6_PKS3_ILi32EEPS4_PS7_tttthhhih_987_load_fu_6085_p1_reg[0]/C
                         clock pessimism              0.188     8.198    
                         clock uncertainty           -0.129     8.069    
    SLICE_X52Y49         FDRE (Setup_HFF2_SLICEL_C_CE)
                                                     -0.079     7.990    system_bringup_i/conv_engine_0/inst/p_ZZ11conv_enginePK7ap_uintILi32EEPK6ap_intILi8EES6_PKS3_ILi32EEPS4_PS7_tttthhhih_987_load_fu_6085_p1_reg[0]
  -------------------------------------------------------------------
                         required time                          7.990    
                         arrival time                          -7.929    
  -------------------------------------------------------------------
                         slack                                  0.062    

Slack (MET) :             0.062ns  (required time - arrival time)
  Source:                 system_bringup_i/conv_engine_0/inst/RD_BUS_m_axi_U/load_unit_0/buff_rdata/U_fifo_mem/mem_reg/CLKARDCLK
                            (rising edge-triggered cell RAMB18E2 clocked by clk_pl_0  {rise@0.000ns fall@2.500ns period=5.000ns})
  Destination:            system_bringup_i/conv_engine_0/inst/p_ZZ11conv_enginePK7ap_uintILi32EEPK6ap_intILi8EES6_PKS3_ILi32EEPS4_PS7_tttthhhih_53_reg[10]/D
                            (rising edge-triggered cell FDRE clocked by clk_pl_0  {rise@0.000ns fall@2.500ns period=5.000ns})
  Path Group:             clk_pl_0
  Path Type:              Setup (Max at Slow Process Corner)
  Requirement:            5.000ns  (clk_pl_0 rise@5.000ns - clk_pl_0 rise@0.000ns)
  Data Path Delay:        4.711ns  (logic 1.227ns (26.044%)  route 3.484ns (73.956%))
  Logic Levels:           0  
  Clock Path Skew:        -0.141ns (DCD - SCD + CPR)
    Destination Clock Delay (DCD):    3.076ns = ( 8.076 - 5.000 ) 
    Source Clock Delay      (SCD):    3.410ns
    Clock Pessimism Removal (CPR):    0.192ns
  Clock Uncertainty:      0.129ns  ((TSJ^2 + DJ^2)^1/2) / 2 + PE
    Total System Jitter     (TSJ):    0.071ns
    Discrete Jitter          (DJ):    0.248ns
    Phase Error              (PE):    0.000ns
  Clock Net Delay (Source):      3.143ns (routing 1.584ns, distribution 1.559ns)
  Clock Net Delay (Destination): 2.860ns (routing 1.450ns, distribution 1.410ns)

    Location             Delay type                Incr(ns)  Path(ns)    Netlist Resource(s)
  -------------------------------------------------------------------    -------------------
                         (clock clk_pl_0 rise edge)
                                                      0.000     0.000 r  
    PS8_X0Y0             PS8                          0.000     0.000 r  system_bringup_i/zynq_ultra_ps_e_0/inst/PS8_i/PLCLK[0]
                         net (fo=1, routed)           0.229     0.229    system_bringup_i/zynq_ultra_ps_e_0/inst/pl_clk_unbuffered[0]
    BUFG_PS_X0Y80        BUFG_PS (Prop_BUFG_PS_I_O)
                                                      0.038     0.267 r  system_bringup_i/zynq_ultra_ps_e_0/inst/buffer_pl_clk_0.PL_CLK_0_BUFG/O
    X1Y1 (CLOCK_ROOT)    net (fo=91111, routed)       3.143     3.410    system_bringup_i/conv_engine_0/inst/RD_BUS_m_axi_U/load_unit_0/buff_rdata/U_fifo_mem/ap_clk
    RAMB18_X0Y48         RAMB18E2                                     r  system_bringup_i/conv_engine_0/inst/RD_BUS_m_axi_U/load_unit_0/buff_rdata/U_fifo_mem/mem_reg/CLKARDCLK
  -------------------------------------------------------------------    -------------------
    RAMB18_X0Y48         RAMB18E2 (Prop_RAMB18E2_L_RAMB180_CLKARDCLK_DOUTADOUT[10])
                                                      1.227     4.637 r  system_bringup_i/conv_engine_0/inst/RD_BUS_m_axi_U/load_unit_0/buff_rdata/U_fifo_mem/mem_reg/DOUTADOUT[10]
                         net (fo=67, routed)          3.484     8.121    system_bringup_i/conv_engine_0/inst/RD_BUS_0_RDATA[10]
    SLICE_X58Y188        FDRE                                         r  system_bringup_i/conv_engine_0/inst/p_ZZ11conv_enginePK7ap_uintILi32EEPK6ap_intILi8EES6_PKS3_ILi32EEPS4_PS7_tttthhhih_53_reg[10]/D
  -------------------------------------------------------------------    -------------------

                         (clock clk_pl_0 rise edge)
                                                      5.000     5.000 r  
    PS8_X0Y0             PS8                          0.000     5.000 r  system_bringup_i/zynq_ultra_ps_e_0/inst/PS8_i/PLCLK[0]
                         net (fo=1, routed)           0.181     5.181    system_bringup_i/zynq_ultra_ps_e_0/inst/pl_clk_unbuffered[0]
    BUFG_PS_X0Y80        BUFG_PS (Prop_BUFG_PS_I_O)
                                                      0.035     5.216 r  system_bringup_i/zynq_ultra_ps_e_0/inst/buffer_pl_clk_0.PL_CLK_0_BUFG/O
    X1Y1 (CLOCK_ROOT)    net (fo=91111, routed)       2.860     8.076    system_bringup_i/conv_engine_0/inst/ap_clk
    SLICE_X58Y188        FDRE                                         r  system_bringup_i/conv_engine_0/inst/p_ZZ11conv_enginePK7ap_uintILi32EEPK6ap_intILi8EES6_PKS3_ILi32EEPS4_PS7_tttthhhih_53_reg[10]/C
                         clock pessimism              0.192     8.268    
                         clock uncertainty           -0.129     8.139    
    SLICE_X58Y188        FDRE (Setup_HFF_SLICEM_C_D)
                                                      0.044     8.183    system_bringup_i/conv_engine_0/inst/p_ZZ11conv_enginePK7ap_uintILi32EEPK6ap_intILi8EES6_PKS3_ILi32EEPS4_PS7_tttthhhih_53_reg[10]
  -------------------------------------------------------------------
                         required time                          8.183    
                         arrival time                          -8.121    
  -------------------------------------------------------------------
                         slack                                  0.062    





Min Delay Paths
--------------------------------------------------------------------------------------
Slack (MET) :             0.010ns  (arrival time - required time)
  Source:                 system_bringup_i/conv0_engine_0/inst/CTRL_s_axi_U/int_weights_reg[0]/C
                            (rising edge-triggered cell FDRE clocked by clk_pl_0  {rise@0.000ns fall@2.500ns period=5.000ns})
  Destination:            system_bringup_i/conv0_engine_0/inst/weights_read_reg_4940_reg[0]/D
                            (rising edge-triggered cell FDRE clocked by clk_pl_0  {rise@0.000ns fall@2.500ns period=5.000ns})
  Path Group:             clk_pl_0
  Path Type:              Hold (Min at Slow Process Corner)
  Requirement:            0.000ns  (clk_pl_0 rise@0.000ns - clk_pl_0 rise@0.000ns)
  Data Path Delay:        0.242ns  (logic 0.112ns (46.210%)  route 0.130ns (53.790%))
  Logic Levels:           0  
  Clock Path Skew:        0.131ns (DCD - SCD - CPR)
    Destination Clock Delay (DCD):    3.435ns
    Source Clock Delay      (SCD):    3.059ns
    Clock Pessimism Removal (CPR):    0.244ns
  Clock Net Delay (Source):      2.843ns (routing 1.450ns, distribution 1.393ns)
  Clock Net Delay (Destination): 3.168ns (routing 1.584ns, distribution 1.584ns)

    Location             Delay type                Incr(ns)  Path(ns)    Netlist Resource(s)
  -------------------------------------------------------------------    -------------------
                         (clock clk_pl_0 rise edge)
                                                      0.000     0.000 r  
    PS8_X0Y0             PS8                          0.000     0.000 r  system_bringup_i/zynq_ultra_ps_e_0/inst/PS8_i/PLCLK[0]
                         net (fo=1, routed)           0.181     0.181    system_bringup_i/zynq_ultra_ps_e_0/inst/pl_clk_unbuffered[0]
    BUFG_PS_X0Y80        BUFG_PS (Prop_BUFG_PS_I_O)
                                                      0.035     0.216 r  system_bringup_i/zynq_ultra_ps_e_0/inst/buffer_pl_clk_0.PL_CLK_0_BUFG/O
    X1Y1 (CLOCK_ROOT)    net (fo=91111, routed)       2.843     3.059    system_bringup_i/conv0_engine_0/inst/CTRL_s_axi_U/ap_clk
    SLICE_X15Y171        FDRE                                         r  system_bringup_i/conv0_engine_0/inst/CTRL_s_axi_U/int_weights_reg[0]/C
  -------------------------------------------------------------------    -------------------
    SLICE_X15Y171        FDRE (Prop_DFF_SLICEL_C_Q)
                                                      0.112     3.171 r  system_bringup_i/conv0_engine_0/inst/CTRL_s_axi_U/int_weights_reg[0]/Q
                         net (fo=3, routed)           0.130     3.302    system_bringup_i/conv0_engine_0/inst/weights[0]
    SLICE_X13Y171        FDRE                                         r  system_bringup_i/conv0_engine_0/inst/weights_read_reg_4940_reg[0]/D
  -------------------------------------------------------------------    -------------------

                         (clock clk_pl_0 rise edge)
                                                      0.000     0.000 r  
    PS8_X0Y0             PS8                          0.000     0.000 r  system_bringup_i/zynq_ultra_ps_e_0/inst/PS8_i/PLCLK[0]
                         net (fo=1, routed)           0.229     0.229    system_bringup_i/zynq_ultra_ps_e_0/inst/pl_clk_unbuffered[0]
    BUFG_PS_X0Y80        BUFG_PS (Prop_BUFG_PS_I_O)
                                                      0.038     0.267 r  system_bringup_i/zynq_ultra_ps_e_0/inst/buffer_pl_clk_0.PL_CLK_0_BUFG/O
    X1Y1 (CLOCK_ROOT)    net (fo=91111, routed)       3.168     3.435    system_bringup_i/conv0_engine_0/inst/ap_clk
    SLICE_X13Y171        FDRE                                         r  system_bringup_i/conv0_engine_0/inst/weights_read_reg_4940_reg[0]/C
                         clock pessimism             -0.244     3.190    
    SLICE_X13Y171        FDRE (Hold_FFF_SLICEM_C_D)
                                                      0.101     3.291    system_bringup_i/conv0_engine_0/inst/weights_read_reg_4940_reg[0]
  -------------------------------------------------------------------
                         required time                         -3.291    
                         arrival time                           3.302    
  -------------------------------------------------------------------
                         slack                                  0.010    

Slack (MET) :             0.010ns  (arrival time - required time)
  Source:                 <hidden>
                            (rising edge-triggered cell FDRE clocked by clk_pl_0  {rise@0.000ns fall@2.500ns period=5.000ns})
  Destination:            system_bringup_i/upsample_engine_0/inst/RD_BUS_m_axi_U/bus_read/rs_rdata/data_p2_reg[3]/D
                            (rising edge-triggered cell FDRE clocked by clk_pl_0  {rise@0.000ns fall@2.500ns period=5.000ns})
  Path Group:             clk_pl_0
  Path Type:              Hold (Min at Slow Process Corner)
  Requirement:            0.000ns  (clk_pl_0 rise@0.000ns - clk_pl_0 rise@0.000ns)
  Data Path Delay:        0.235ns  (logic 0.112ns (47.719%)  route 0.123ns (52.281%))
  Logic Levels:           0  
  Clock Path Skew:        0.121ns (DCD - SCD - CPR)
    Destination Clock Delay (DCD):    3.234ns
    Source Clock Delay      (SCD):    2.872ns
    Clock Pessimism Removal (CPR):    0.240ns
  Clock Net Delay (Source):      2.656ns (routing 1.450ns, distribution 1.206ns)
  Clock Net Delay (Destination): 2.967ns (routing 1.584ns, distribution 1.383ns)

    Location             Delay type                Incr(ns)  Path(ns)    Netlist Resource(s)
  -------------------------------------------------------------------    -------------------
                         (clock clk_pl_0 rise edge)
                                                      0.000     0.000 r  
    PS8_X0Y0             PS8                          0.000     0.000 r  system_bringup_i/zynq_ultra_ps_e_0/inst/PS8_i/PLCLK[0]
                         net (fo=1, routed)           0.181     0.181    system_bringup_i/zynq_ultra_ps_e_0/inst/pl_clk_unbuffered[0]
    BUFG_PS_X0Y80        BUFG_PS (Prop_BUFG_PS_I_O)
                                                      0.035     0.216 r  system_bringup_i/zynq_ultra_ps_e_0/inst/buffer_pl_clk_0.PL_CLK_0_BUFG/O
    X1Y1 (CLOCK_ROOT)    net (fo=91111, routed)       2.656     2.872    <hidden>
    SLICE_X31Y156        FDRE                                         r  <hidden>
  -------------------------------------------------------------------    -------------------
    SLICE_X31Y156        FDRE (Prop_CFF_SLICEM_C_Q)
                                                      0.112     2.984 r  <hidden>
                         net (fo=2, routed)           0.123     3.107    system_bringup_i/upsample_engine_0/inst/RD_BUS_m_axi_U/bus_read/rs_rdata/data_p2_reg[32]_0[3]
    SLICE_X30Y156        FDRE                                         r  system_bringup_i/upsample_engine_0/inst/RD_BUS_m_axi_U/bus_read/rs_rdata/data_p2_reg[3]/D
  -------------------------------------------------------------------    -------------------

                         (clock clk_pl_0 rise edge)
                                                      0.000     0.000 r  
    PS8_X0Y0             PS8                          0.000     0.000 r  system_bringup_i/zynq_ultra_ps_e_0/inst/PS8_i/PLCLK[0]
                         net (fo=1, routed)           0.229     0.229    system_bringup_i/zynq_ultra_ps_e_0/inst/pl_clk_unbuffered[0]
    BUFG_PS_X0Y80        BUFG_PS (Prop_BUFG_PS_I_O)
                                                      0.038     0.267 r  system_bringup_i/zynq_ultra_ps_e_0/inst/buffer_pl_clk_0.PL_CLK_0_BUFG/O
    X1Y1 (CLOCK_ROOT)    net (fo=91111, routed)       2.967     3.234    system_bringup_i/upsample_engine_0/inst/RD_BUS_m_axi_U/bus_read/rs_rdata/ap_clk
    SLICE_X30Y156        FDRE                                         r  system_bringup_i/upsample_engine_0/inst/RD_BUS_m_axi_U/bus_read/rs_rdata/data_p2_reg[3]/C
                         clock pessimism             -0.240     2.993    
    SLICE_X30Y156        FDRE (Hold_FFF2_SLICEL_C_D)
                                                      0.103     3.096    system_bringup_i/upsample_engine_0/inst/RD_BUS_m_axi_U/bus_read/rs_rdata/data_p2_reg[3]
  -------------------------------------------------------------------
                         required time                         -3.096    
                         arrival time                           3.107    
  -------------------------------------------------------------------
                         slack                                  0.010    

Slack (MET) :             0.010ns  (arrival time - required time)
  Source:                 system_bringup_i/conv_engine_0/inst/RD_BUS2_m_axi_U/load_unit_0/tmp_len_reg[20]/C
                            (rising edge-triggered cell FDRE clocked by clk_pl_0  {rise@0.000ns fall@2.500ns period=5.000ns})
  Destination:            system_bringup_i/conv_engine_0/inst/RD_BUS2_m_axi_U/bus_read/rreq_burst_conv/rs_req/data_p2_reg[84]/D
                            (rising edge-triggered cell FDRE clocked by clk_pl_0  {rise@0.000ns fall@2.500ns period=5.000ns})
  Path Group:             clk_pl_0
  Path Type:              Hold (Min at Slow Process Corner)
  Requirement:            0.000ns  (clk_pl_0 rise@0.000ns - clk_pl_0 rise@0.000ns)
  Data Path Delay:        0.238ns  (logic 0.112ns (47.059%)  route 0.126ns (52.941%))
  Logic Levels:           0  
  Clock Path Skew:        0.125ns (DCD - SCD - CPR)
    Destination Clock Delay (DCD):    3.410ns
    Source Clock Delay      (SCD):    3.045ns
    Clock Pessimism Removal (CPR):    0.240ns
  Clock Net Delay (Source):      2.829ns (routing 1.450ns, distribution 1.379ns)
  Clock Net Delay (Destination): 3.143ns (routing 1.584ns, distribution 1.559ns)

    Location             Delay type                Incr(ns)  Path(ns)    Netlist Resource(s)
  -------------------------------------------------------------------    -------------------
                         (clock clk_pl_0 rise edge)
                                                      0.000     0.000 r  
    PS8_X0Y0             PS8                          0.000     0.000 r  system_bringup_i/zynq_ultra_ps_e_0/inst/PS8_i/PLCLK[0]
                         net (fo=1, routed)           0.181     0.181    system_bringup_i/zynq_ultra_ps_e_0/inst/pl_clk_unbuffered[0]
    BUFG_PS_X0Y80        BUFG_PS (Prop_BUFG_PS_I_O)
                                                      0.035     0.216 r  system_bringup_i/zynq_ultra_ps_e_0/inst/buffer_pl_clk_0.PL_CLK_0_BUFG/O
    X1Y1 (CLOCK_ROOT)    net (fo=91111, routed)       2.829     3.045    system_bringup_i/conv_engine_0/inst/RD_BUS2_m_axi_U/load_unit_0/ap_clk
    SLICE_X10Y70         FDRE                                         r  system_bringup_i/conv_engine_0/inst/RD_BUS2_m_axi_U/load_unit_0/tmp_len_reg[20]/C
  -------------------------------------------------------------------    -------------------
    SLICE_X10Y70         FDRE (Prop_DFF_SLICEM_C_Q)
                                                      0.112     3.157 r  system_bringup_i/conv_engine_0/inst/RD_BUS2_m_axi_U/load_unit_0/tmp_len_reg[20]/Q
                         net (fo=2, routed)           0.126     3.283    system_bringup_i/conv_engine_0/inst/RD_BUS2_m_axi_U/bus_read/rreq_burst_conv/rs_req/data_p2_reg[95]_0[84]
    SLICE_X9Y71          FDRE                                         r  system_bringup_i/conv_engine_0/inst/RD_BUS2_m_axi_U/bus_read/rreq_burst_conv/rs_req/data_p2_reg[84]/D
  -------------------------------------------------------------------    -------------------

                         (clock clk_pl_0 rise edge)
                                                      0.000     0.000 r  
    PS8_X0Y0             PS8                          0.000     0.000 r  system_bringup_i/zynq_ultra_ps_e_0/inst/PS8_i/PLCLK[0]
                         net (fo=1, routed)           0.229     0.229    system_bringup_i/zynq_ultra_ps_e_0/inst/pl_clk_unbuffered[0]
    BUFG_PS_X0Y80        BUFG_PS (Prop_BUFG_PS_I_O)
                                                      0.038     0.267 r  system_bringup_i/zynq_ultra_ps_e_0/inst/buffer_pl_clk_0.PL_CLK_0_BUFG/O
    X1Y1 (CLOCK_ROOT)    net (fo=91111, routed)       3.143     3.410    system_bringup_i/conv_engine_0/inst/RD_BUS2_m_axi_U/bus_read/rreq_burst_conv/rs_req/ap_clk
    SLICE_X9Y71          FDRE                                         r  system_bringup_i/conv_engine_0/inst/RD_BUS2_m_axi_U/bus_read/rreq_burst_conv/rs_req/data_p2_reg[84]/C
                         clock pessimism             -0.240     3.170    
    SLICE_X9Y71          FDRE (Hold_CFF2_SLICEL_C_D)
                                                      0.103     3.273    system_bringup_i/conv_engine_0/inst/RD_BUS2_m_axi_U/bus_read/rreq_burst_conv/rs_req/data_p2_reg[84]
  -------------------------------------------------------------------
                         required time                         -3.273    
                         arrival time                           3.283    
  -------------------------------------------------------------------
                         slack                                  0.010    

Slack (MET) :             0.011ns  (arrival time - required time)
  Source:                 <hidden>
                            (rising edge-triggered cell FDRE clocked by clk_pl_0  {rise@0.000ns fall@2.500ns period=5.000ns})
  Destination:            system_bringup_i/route_concat_engine_0/inst/RD_BUS_m_axi_U/bus_read/rs_rdata/data_p2_reg[25]/D
                            (rising edge-triggered cell FDRE clocked by clk_pl_0  {rise@0.000ns fall@2.500ns period=5.000ns})
  Path Group:             clk_pl_0
  Path Type:              Hold (Min at Slow Process Corner)
  Requirement:            0.000ns  (clk_pl_0 rise@0.000ns - clk_pl_0 rise@0.000ns)
  Data Path Delay:        0.395ns  (logic 0.112ns (28.346%)  route 0.283ns (71.654%))
  Logic Levels:           0  
  Clock Path Skew:        0.283ns (DCD - SCD - CPR)
    Destination Clock Delay (DCD):    3.362ns
    Source Clock Delay      (SCD):    2.887ns
    Clock Pessimism Removal (CPR):    0.192ns
  Clock Net Delay (Source):      2.671ns (routing 1.450ns, distribution 1.221ns)
  Clock Net Delay (Destination): 3.095ns (routing 1.584ns, distribution 1.511ns)

    Location             Delay type                Incr(ns)  Path(ns)    Netlist Resource(s)
  -------------------------------------------------------------------    -------------------
                         (clock clk_pl_0 rise edge)
                                                      0.000     0.000 r  
    PS8_X0Y0             PS8                          0.000     0.000 r  system_bringup_i/zynq_ultra_ps_e_0/inst/PS8_i/PLCLK[0]
                         net (fo=1, routed)           0.181     0.181    system_bringup_i/zynq_ultra_ps_e_0/inst/pl_clk_unbuffered[0]
    BUFG_PS_X0Y80        BUFG_PS (Prop_BUFG_PS_I_O)
                                                      0.035     0.216 r  system_bringup_i/zynq_ultra_ps_e_0/inst/buffer_pl_clk_0.PL_CLK_0_BUFG/O
    X1Y1 (CLOCK_ROOT)    net (fo=91111, routed)       2.671     2.887    <hidden>
    SLICE_X37Y168        FDRE                                         r  <hidden>
  -------------------------------------------------------------------    -------------------
    SLICE_X37Y168        FDRE (Prop_AFF_SLICEM_C_Q)
                                                      0.112     2.999 r  <hidden>
                         net (fo=2, routed)           0.283     3.282    system_bringup_i/route_concat_engine_0/inst/RD_BUS_m_axi_U/bus_read/rs_rdata/data_p2_reg[32]_0[25]
    SLICE_X41Y181        FDRE                                         r  system_bringup_i/route_concat_engine_0/inst/RD_BUS_m_axi_U/bus_read/rs_rdata/data_p2_reg[25]/D
  -------------------------------------------------------------------    -------------------

                         (clock clk_pl_0 rise edge)
                                                      0.000     0.000 r  
    PS8_X0Y0             PS8                          0.000     0.000 r  system_bringup_i/zynq_ultra_ps_e_0/inst/PS8_i/PLCLK[0]
                         net (fo=1, routed)           0.229     0.229    system_bringup_i/zynq_ultra_ps_e_0/inst/pl_clk_unbuffered[0]
    BUFG_PS_X0Y80        BUFG_PS (Prop_BUFG_PS_I_O)
                                                      0.038     0.267 r  system_bringup_i/zynq_ultra_ps_e_0/inst/buffer_pl_clk_0.PL_CLK_0_BUFG/O
    X1Y1 (CLOCK_ROOT)    net (fo=91111, routed)       3.095     3.362    system_bringup_i/route_concat_engine_0/inst/RD_BUS_m_axi_U/bus_read/rs_rdata/ap_clk
    SLICE_X41Y181        FDRE                                         r  system_bringup_i/route_concat_engine_0/inst/RD_BUS_m_axi_U/bus_read/rs_rdata/data_p2_reg[25]/C
                         clock pessimism             -0.192     3.170    
    SLICE_X41Y181        FDRE (Hold_DFF2_SLICEM_C_D)
                                                      0.102     3.272    system_bringup_i/route_concat_engine_0/inst/RD_BUS_m_axi_U/bus_read/rs_rdata/data_p2_reg[25]
  -------------------------------------------------------------------
                         required time                         -3.272    
                         arrival time                           3.282    
  -------------------------------------------------------------------
                         slack                                  0.011    

Slack (MET) :             0.011ns  (arrival time - required time)
  Source:                 system_bringup_i/route_concat_engine_0/inst/WR_BUS_m_axi_U/bus_write/wreq_throttle/req_fifo/U_fifo_srl/dout_reg[51]/C
                            (rising edge-triggered cell FDRE clocked by clk_pl_0  {rise@0.000ns fall@2.500ns period=5.000ns})
  Destination:            system_bringup_i/route_concat_engine_0/inst/WR_BUS_m_axi_U/bus_write/wreq_throttle/rs_req/data_p2_reg[51]/D
                            (rising edge-triggered cell FDRE clocked by clk_pl_0  {rise@0.000ns fall@2.500ns period=5.000ns})
  Path Group:             clk_pl_0
  Path Type:              Hold (Min at Slow Process Corner)
  Requirement:            0.000ns  (clk_pl_0 rise@0.000ns - clk_pl_0 rise@0.000ns)
  Data Path Delay:        0.241ns  (logic 0.111ns (46.023%)  route 0.130ns (53.977%))
  Logic Levels:           0  
  Clock Path Skew:        0.129ns (DCD - SCD - CPR)
    Destination Clock Delay (DCD):    3.459ns
    Source Clock Delay      (SCD):    3.086ns
    Clock Pessimism Removal (CPR):    0.244ns
  Clock Net Delay (Source):      2.870ns (routing 1.450ns, distribution 1.420ns)
  Clock Net Delay (Destination): 3.192ns (routing 1.584ns, distribution 1.608ns)

    Location             Delay type                Incr(ns)  Path(ns)    Netlist Resource(s)
  -------------------------------------------------------------------    -------------------
                         (clock clk_pl_0 rise edge)
                                                      0.000     0.000 r  
    PS8_X0Y0             PS8                          0.000     0.000 r  system_bringup_i/zynq_ultra_ps_e_0/inst/PS8_i/PLCLK[0]
                         net (fo=1, routed)           0.181     0.181    system_bringup_i/zynq_ultra_ps_e_0/inst/pl_clk_unbuffered[0]
    BUFG_PS_X0Y80        BUFG_PS (Prop_BUFG_PS_I_O)
                                                      0.035     0.216 r  system_bringup_i/zynq_ultra_ps_e_0/inst/buffer_pl_clk_0.PL_CLK_0_BUFG/O
    X1Y1 (CLOCK_ROOT)    net (fo=91111, routed)       2.870     3.086    system_bringup_i/route_concat_engine_0/inst/WR_BUS_m_axi_U/bus_write/wreq_throttle/req_fifo/U_fifo_srl/ap_clk
    SLICE_X7Y179         FDRE                                         r  system_bringup_i/route_concat_engine_0/inst/WR_BUS_m_axi_U/bus_write/wreq_throttle/req_fifo/U_fifo_srl/dout_reg[51]/C
  -------------------------------------------------------------------    -------------------
    SLICE_X7Y179         FDRE (Prop_BFF_SLICEM_C_Q)
                                                      0.111     3.197 r  system_bringup_i/route_concat_engine_0/inst/WR_BUS_m_axi_U/bus_write/wreq_throttle/req_fifo/U_fifo_srl/dout_reg[51]/Q
                         net (fo=2, routed)           0.130     3.327    system_bringup_i/route_concat_engine_0/inst/WR_BUS_m_axi_U/bus_write/wreq_throttle/rs_req/D[49]
    SLICE_X6Y177         FDRE                                         r  system_bringup_i/route_concat_engine_0/inst/WR_BUS_m_axi_U/bus_write/wreq_throttle/rs_req/data_p2_reg[51]/D
  -------------------------------------------------------------------    -------------------

                         (clock clk_pl_0 rise edge)
                                                      0.000     0.000 r  
    PS8_X0Y0             PS8                          0.000     0.000 r  system_bringup_i/zynq_ultra_ps_e_0/inst/PS8_i/PLCLK[0]
                         net (fo=1, routed)           0.229     0.229    system_bringup_i/zynq_ultra_ps_e_0/inst/pl_clk_unbuffered[0]
    BUFG_PS_X0Y80        BUFG_PS (Prop_BUFG_PS_I_O)
                                                      0.038     0.267 r  system_bringup_i/zynq_ultra_ps_e_0/inst/buffer_pl_clk_0.PL_CLK_0_BUFG/O
    X1Y1 (CLOCK_ROOT)    net (fo=91111, routed)       3.192     3.459    system_bringup_i/route_concat_engine_0/inst/WR_BUS_m_axi_U/bus_write/wreq_throttle/rs_req/ap_clk
    SLICE_X6Y177         FDRE                                         r  system_bringup_i/route_concat_engine_0/inst/WR_BUS_m_axi_U/bus_write/wreq_throttle/rs_req/data_p2_reg[51]/C
                         clock pessimism             -0.244     3.215    
    SLICE_X6Y177         FDRE (Hold_AFF2_SLICEL_C_D)
                                                      0.102     3.317    system_bringup_i/route_concat_engine_0/inst/WR_BUS_m_axi_U/bus_write/wreq_throttle/rs_req/data_p2_reg[51]
  -------------------------------------------------------------------
                         required time                         -3.317    
                         arrival time                           3.327    
  -------------------------------------------------------------------
                         slack                                  0.011    

Slack (MET) :             0.011ns  (arrival time - required time)
  Source:                 system_bringup_i/maxpool_engine_0/inst/WR_BUS_m_axi_U/store_unit_0/fifo_wreq/U_fifo_srl/dout_reg[11]/C
                            (rising edge-triggered cell FDRE clocked by clk_pl_0  {rise@0.000ns fall@2.500ns period=5.000ns})
  Destination:            system_bringup_i/maxpool_engine_0/inst/WR_BUS_m_axi_U/store_unit_0/tmp_addr_reg[13]/D
                            (rising edge-triggered cell FDRE clocked by clk_pl_0  {rise@0.000ns fall@2.500ns period=5.000ns})
  Path Group:             clk_pl_0
  Path Type:              Hold (Min at Slow Process Corner)
  Requirement:            0.000ns  (clk_pl_0 rise@0.000ns - clk_pl_0 rise@0.000ns)
  Data Path Delay:        0.308ns  (logic 0.115ns (37.338%)  route 0.193ns (62.662%))
  Logic Levels:           0  
  Clock Path Skew:        0.195ns (DCD - SCD - CPR)
    Destination Clock Delay (DCD):    3.329ns
    Source Clock Delay      (SCD):    2.890ns
    Clock Pessimism Removal (CPR):    0.243ns
  Clock Net Delay (Source):      2.674ns (routing 1.450ns, distribution 1.224ns)
  Clock Net Delay (Destination): 3.062ns (routing 1.584ns, distribution 1.478ns)

    Location             Delay type                Incr(ns)  Path(ns)    Netlist Resource(s)
  -------------------------------------------------------------------    -------------------
                         (clock clk_pl_0 rise edge)
                                                      0.000     0.000 r  
    PS8_X0Y0             PS8                          0.000     0.000 r  system_bringup_i/zynq_ultra_ps_e_0/inst/PS8_i/PLCLK[0]
                         net (fo=1, routed)           0.181     0.181    system_bringup_i/zynq_ultra_ps_e_0/inst/pl_clk_unbuffered[0]
    BUFG_PS_X0Y80        BUFG_PS (Prop_BUFG_PS_I_O)
                                                      0.035     0.216 r  system_bringup_i/zynq_ultra_ps_e_0/inst/buffer_pl_clk_0.PL_CLK_0_BUFG/O
    X1Y1 (CLOCK_ROOT)    net (fo=91111, routed)       2.674     2.890    system_bringup_i/maxpool_engine_0/inst/WR_BUS_m_axi_U/store_unit_0/fifo_wreq/U_fifo_srl/ap_clk
    SLICE_X37Y176        FDRE                                         r  system_bringup_i/maxpool_engine_0/inst/WR_BUS_m_axi_U/store_unit_0/fifo_wreq/U_fifo_srl/dout_reg[11]/C
  -------------------------------------------------------------------    -------------------
    SLICE_X37Y176        FDRE (Prop_DFF2_SLICEM_C_Q)
                                                      0.115     3.005 r  system_bringup_i/maxpool_engine_0/inst/WR_BUS_m_axi_U/store_unit_0/fifo_wreq/U_fifo_srl/dout_reg[11]/Q
                         net (fo=1, routed)           0.193     3.198    system_bringup_i/maxpool_engine_0/inst/WR_BUS_m_axi_U/store_unit_0/fifo_wreq_n_85
    SLICE_X41Y176        FDRE                                         r  system_bringup_i/maxpool_engine_0/inst/WR_BUS_m_axi_U/store_unit_0/tmp_addr_reg[13]/D
  -------------------------------------------------------------------    -------------------

                         (clock clk_pl_0 rise edge)
                                                      0.000     0.000 r  
    PS8_X0Y0             PS8                          0.000     0.000 r  system_bringup_i/zynq_ultra_ps_e_0/inst/PS8_i/PLCLK[0]
                         net (fo=1, routed)           0.229     0.229    system_bringup_i/zynq_ultra_ps_e_0/inst/pl_clk_unbuffered[0]
    BUFG_PS_X0Y80        BUFG_PS (Prop_BUFG_PS_I_O)
                                                      0.038     0.267 r  system_bringup_i/zynq_ultra_ps_e_0/inst/buffer_pl_clk_0.PL_CLK_0_BUFG/O
    X1Y1 (CLOCK_ROOT)    net (fo=91111, routed)       3.062     3.329    system_bringup_i/maxpool_engine_0/inst/WR_BUS_m_axi_U/store_unit_0/ap_clk
    SLICE_X41Y176        FDRE                                         r  system_bringup_i/maxpool_engine_0/inst/WR_BUS_m_axi_U/store_unit_0/tmp_addr_reg[13]/C
                         clock pessimism             -0.243     3.085    
    SLICE_X41Y176        FDRE (Hold_FFF2_SLICEM_C_D)
                                                      0.102     3.187    system_bringup_i/maxpool_engine_0/inst/WR_BUS_m_axi_U/store_unit_0/tmp_addr_reg[13]
  -------------------------------------------------------------------
                         required time                         -3.187    
                         arrival time                           3.198    
  -------------------------------------------------------------------
                         slack                                  0.011    

Slack (MET) :             0.011ns  (arrival time - required time)
  Source:                 system_bringup_i/conv0_engine_0/inst/grp_conv0_engine_Pipeline_COL_GROUP_fu_2717/cw_reg_13902_reg[2]/C
                            (rising edge-triggered cell FDRE clocked by clk_pl_0  {rise@0.000ns fall@2.500ns period=5.000ns})
  Destination:            system_bringup_i/conv0_engine_0/inst/grp_conv0_engine_Pipeline_COL_GROUP_fu_2717/cw_reg_13902_pp0_iter1_reg_reg[2]/D
                            (rising edge-triggered cell FDRE clocked by clk_pl_0  {rise@0.000ns fall@2.500ns period=5.000ns})
  Path Group:             clk_pl_0
  Path Type:              Hold (Min at Slow Process Corner)
  Requirement:            0.000ns  (clk_pl_0 rise@0.000ns - clk_pl_0 rise@0.000ns)
  Data Path Delay:        0.217ns  (logic 0.114ns (52.535%)  route 0.103ns (47.465%))
  Logic Levels:           0  
  Clock Path Skew:        0.105ns (DCD - SCD - CPR)
    Destination Clock Delay (DCD):    3.392ns
    Source Clock Delay      (SCD):    3.048ns
    Clock Pessimism Removal (CPR):    0.238ns
  Clock Net Delay (Source):      2.832ns (routing 1.450ns, distribution 1.382ns)
  Clock Net Delay (Destination): 3.125ns (routing 1.584ns, distribution 1.541ns)

    Location             Delay type                Incr(ns)  Path(ns)    Netlist Resource(s)
  -------------------------------------------------------------------    -------------------
                         (clock clk_pl_0 rise edge)
                                                      0.000     0.000 r  
    PS8_X0Y0             PS8                          0.000     0.000 r  system_bringup_i/zynq_ultra_ps_e_0/inst/PS8_i/PLCLK[0]
                         net (fo=1, routed)           0.181     0.181    system_bringup_i/zynq_ultra_ps_e_0/inst/pl_clk_unbuffered[0]
    BUFG_PS_X0Y80        BUFG_PS (Prop_BUFG_PS_I_O)
                                                      0.035     0.216 r  system_bringup_i/zynq_ultra_ps_e_0/inst/buffer_pl_clk_0.PL_CLK_0_BUFG/O
    X1Y1 (CLOCK_ROOT)    net (fo=91111, routed)       2.832     3.048    system_bringup_i/conv0_engine_0/inst/grp_conv0_engine_Pipeline_COL_GROUP_fu_2717/ap_clk
    SLICE_X49Y195        FDRE                                         r  system_bringup_i/conv0_engine_0/inst/grp_conv0_engine_Pipeline_COL_GROUP_fu_2717/cw_reg_13902_reg[2]/C
  -------------------------------------------------------------------    -------------------
    SLICE_X49Y195        FDRE (Prop_AFF2_SLICEL_C_Q)
                                                      0.114     3.162 r  system_bringup_i/conv0_engine_0/inst/grp_conv0_engine_Pipeline_COL_GROUP_fu_2717/cw_reg_13902_reg[2]/Q
                         net (fo=1, routed)           0.103     3.265    system_bringup_i/conv0_engine_0/inst/grp_conv0_engine_Pipeline_COL_GROUP_fu_2717/cw_reg_13902[2]
    SLICE_X50Y195        FDRE                                         r  system_bringup_i/conv0_engine_0/inst/grp_conv0_engine_Pipeline_COL_GROUP_fu_2717/cw_reg_13902_pp0_iter1_reg_reg[2]/D
  -------------------------------------------------------------------    -------------------

                         (clock clk_pl_0 rise edge)
                                                      0.000     0.000 r  
    PS8_X0Y0             PS8                          0.000     0.000 r  system_bringup_i/zynq_ultra_ps_e_0/inst/PS8_i/PLCLK[0]
                         net (fo=1, routed)           0.229     0.229    system_bringup_i/zynq_ultra_ps_e_0/inst/pl_clk_unbuffered[0]
    BUFG_PS_X0Y80        BUFG_PS (Prop_BUFG_PS_I_O)
                                                      0.038     0.267 r  system_bringup_i/zynq_ultra_ps_e_0/inst/buffer_pl_clk_0.PL_CLK_0_BUFG/O
    X1Y1 (CLOCK_ROOT)    net (fo=91111, routed)       3.125     3.392    system_bringup_i/conv0_engine_0/inst/grp_conv0_engine_Pipeline_COL_GROUP_fu_2717/ap_clk
    SLICE_X50Y195        FDRE                                         r  system_bringup_i/conv0_engine_0/inst/grp_conv0_engine_Pipeline_COL_GROUP_fu_2717/cw_reg_13902_pp0_iter1_reg_reg[2]/C
                         clock pessimism             -0.238     3.153    
    SLICE_X50Y195        FDRE (Hold_EFF_SLICEL_C_D)
                                                      0.101     3.254    system_bringup_i/conv0_engine_0/inst/grp_conv0_engine_Pipeline_COL_GROUP_fu_2717/cw_reg_13902_pp0_iter1_reg_reg[2]
  -------------------------------------------------------------------
                         required time                         -3.254    
                         arrival time                           3.265    
  -------------------------------------------------------------------
                         slack                                  0.011    

Slack (MET) :             0.011ns  (arrival time - required time)
  Source:                 system_bringup_i/maxpool_engine_0/inst/RD_BUS_m_axi_U/bus_read/rreq_burst_conv/rs_req/data_p1_reg[66]/C
                            (rising edge-triggered cell FDRE clocked by clk_pl_0  {rise@0.000ns fall@2.500ns period=5.000ns})
  Destination:            system_bringup_i/maxpool_engine_0/inst/RD_BUS_m_axi_U/bus_read/rreq_burst_conv/beat_len_reg[0]/D
                            (rising edge-triggered cell FDRE clocked by clk_pl_0  {rise@0.000ns fall@2.500ns period=5.000ns})
  Path Group:             clk_pl_0
  Path Type:              Hold (Min at Slow Process Corner)
  Requirement:            0.000ns  (clk_pl_0 rise@0.000ns - clk_pl_0 rise@0.000ns)
  Data Path Delay:        0.209ns  (logic 0.111ns (53.033%)  route 0.098ns (46.967%))
  Logic Levels:           0  
  Clock Path Skew:        0.096ns (DCD - SCD - CPR)
    Destination Clock Delay (DCD):    3.212ns
    Source Clock Delay      (SCD):    2.876ns
    Clock Pessimism Removal (CPR):    0.240ns
  Clock Net Delay (Source):      2.660ns (routing 1.450ns, distribution 1.210ns)
  Clock Net Delay (Destination): 2.945ns (routing 1.584ns, distribution 1.361ns)

    Location             Delay type                Incr(ns)  Path(ns)    Netlist Resource(s)
  -------------------------------------------------------------------    -------------------
                         (clock clk_pl_0 rise edge)
                                                      0.000     0.000 r  
    PS8_X0Y0             PS8                          0.000     0.000 r  system_bringup_i/zynq_ultra_ps_e_0/inst/PS8_i/PLCLK[0]
                         net (fo=1, routed)           0.181     0.181    system_bringup_i/zynq_ultra_ps_e_0/inst/pl_clk_unbuffered[0]
    BUFG_PS_X0Y80        BUFG_PS (Prop_BUFG_PS_I_O)
                                                      0.035     0.216 r  system_bringup_i/zynq_ultra_ps_e_0/inst/buffer_pl_clk_0.PL_CLK_0_BUFG/O
    X1Y1 (CLOCK_ROOT)    net (fo=91111, routed)       2.660     2.876    system_bringup_i/maxpool_engine_0/inst/RD_BUS_m_axi_U/bus_read/rreq_burst_conv/rs_req/ap_clk
    SLICE_X24Y148        FDRE                                         r  system_bringup_i/maxpool_engine_0/inst/RD_BUS_m_axi_U/bus_read/rreq_burst_conv/rs_req/data_p1_reg[66]/C
  -------------------------------------------------------------------    -------------------
    SLICE_X24Y148        FDRE (Prop_FFF_SLICEM_C_Q)
                                                      0.111     2.987 r  system_bringup_i/maxpool_engine_0/inst/RD_BUS_m_axi_U/bus_read/rreq_burst_conv/rs_req/data_p1_reg[66]/Q
                         net (fo=4, routed)           0.098     3.085    system_bringup_i/maxpool_engine_0/inst/RD_BUS_m_axi_U/bus_read/rreq_burst_conv/p_1_in[2]
    SLICE_X23Y148        FDRE                                         r  system_bringup_i/maxpool_engine_0/inst/RD_BUS_m_axi_U/bus_read/rreq_burst_conv/beat_len_reg[0]/D
  -------------------------------------------------------------------    -------------------

                         (clock clk_pl_0 rise edge)
                                                      0.000     0.000 r  
    PS8_X0Y0             PS8                          0.000     0.000 r  system_bringup_i/zynq_ultra_ps_e_0/inst/PS8_i/PLCLK[0]
                         net (fo=1, routed)           0.229     0.229    system_bringup_i/zynq_ultra_ps_e_0/inst/pl_clk_unbuffered[0]
    BUFG_PS_X0Y80        BUFG_PS (Prop_BUFG_PS_I_O)
                                                      0.038     0.267 r  system_bringup_i/zynq_ultra_ps_e_0/inst/buffer_pl_clk_0.PL_CLK_0_BUFG/O
    X1Y1 (CLOCK_ROOT)    net (fo=91111, routed)       2.945     3.212    system_bringup_i/maxpool_engine_0/inst/RD_BUS_m_axi_U/bus_read/rreq_burst_conv/ap_clk
    SLICE_X23Y148        FDRE                                         r  system_bringup_i/maxpool_engine_0/inst/RD_BUS_m_axi_U/bus_read/rreq_burst_conv/beat_len_reg[0]/C
                         clock pessimism             -0.240     2.972    
    SLICE_X23Y148        FDRE (Hold_HFF2_SLICEL_C_D)
                                                      0.103     3.075    system_bringup_i/maxpool_engine_0/inst/RD_BUS_m_axi_U/bus_read/rreq_burst_conv/beat_len_reg[0]
  -------------------------------------------------------------------
                         required time                         -3.075    
                         arrival time                           3.085    
  -------------------------------------------------------------------
                         slack                                  0.011    

Slack (MET) :             0.011ns  (arrival time - required time)
  Source:                 system_bringup_i/conv_engine_0/inst/p_ZZ11conv_enginePK7ap_uintILi32EEPK6ap_intILi8EES6_PKS3_ILi32EEPS4_PS7_tttthhhih_26_reg[24]/C
                            (rising edge-triggered cell FDRE clocked by clk_pl_0  {rise@0.000ns fall@2.500ns period=5.000ns})
  Destination:            system_bringup_i/conv_engine_0/inst/p_ZZ11conv_enginePK7ap_uintILi32EEPK6ap_intILi8EES6_PKS3_ILi32EEPS4_PS7_tttthhhih_1028_load_fu_6265_p1_reg[24]/D
                            (rising edge-triggered cell FDRE clocked by clk_pl_0  {rise@0.000ns fall@2.500ns period=5.000ns})
  Path Group:             clk_pl_0
  Path Type:              Hold (Min at Slow Process Corner)
  Requirement:            0.000ns  (clk_pl_0 rise@0.000ns - clk_pl_0 rise@0.000ns)
  Data Path Delay:        0.245ns  (logic 0.113ns (46.122%)  route 0.132ns (53.878%))
  Logic Levels:           0  
  Clock Path Skew:        0.131ns (DCD - SCD - CPR)
    Destination Clock Delay (DCD):    3.420ns
    Source Clock Delay      (SCD):    3.044ns
    Clock Pessimism Removal (CPR):    0.244ns
  Clock Net Delay (Source):      2.828ns (routing 1.450ns, distribution 1.378ns)
  Clock Net Delay (Destination): 3.153ns (routing 1.584ns, distribution 1.569ns)

    Location             Delay type                Incr(ns)  Path(ns)    Netlist Resource(s)
  -------------------------------------------------------------------    -------------------
                         (clock clk_pl_0 rise edge)
                                                      0.000     0.000 r  
    PS8_X0Y0             PS8                          0.000     0.000 r  system_bringup_i/zynq_ultra_ps_e_0/inst/PS8_i/PLCLK[0]
                         net (fo=1, routed)           0.181     0.181    system_bringup_i/zynq_ultra_ps_e_0/inst/pl_clk_unbuffered[0]
    BUFG_PS_X0Y80        BUFG_PS (Prop_BUFG_PS_I_O)
                                                      0.035     0.216 r  system_bringup_i/zynq_ultra_ps_e_0/inst/buffer_pl_clk_0.PL_CLK_0_BUFG/O
    X1Y1 (CLOCK_ROOT)    net (fo=91111, routed)       2.828     3.044    system_bringup_i/conv_engine_0/inst/ap_clk
    SLICE_X60Y140        FDRE                                         r  system_bringup_i/conv_engine_0/inst/p_ZZ11conv_enginePK7ap_uintILi32EEPK6ap_intILi8EES6_PKS3_ILi32EEPS4_PS7_tttthhhih_26_reg[24]/C
  -------------------------------------------------------------------    -------------------
    SLICE_X60Y140        FDRE (Prop_HFF2_SLICEL_C_Q)
                                                      0.113     3.157 r  system_bringup_i/conv_engine_0/inst/p_ZZ11conv_enginePK7ap_uintILi32EEPK6ap_intILi8EES6_PKS3_ILi32EEPS4_PS7_tttthhhih_26_reg[24]/Q
                         net (fo=1, routed)           0.132     3.289    system_bringup_i/conv_engine_0/inst/p_ZZ11conv_enginePK7ap_uintILi32EEPK6ap_intILi8EES6_PKS3_ILi32EEPS4_PS7_tttthhhih_26[24]
    SLICE_X59Y140        FDRE                                         r  system_bringup_i/conv_engine_0/inst/p_ZZ11conv_enginePK7ap_uintILi32EEPK6ap_intILi8EES6_PKS3_ILi32EEPS4_PS7_tttthhhih_1028_load_fu_6265_p1_reg[24]/D
  -------------------------------------------------------------------    -------------------

                         (clock clk_pl_0 rise edge)
                                                      0.000     0.000 r  
    PS8_X0Y0             PS8                          0.000     0.000 r  system_bringup_i/zynq_ultra_ps_e_0/inst/PS8_i/PLCLK[0]
                         net (fo=1, routed)           0.229     0.229    system_bringup_i/zynq_ultra_ps_e_0/inst/pl_clk_unbuffered[0]
    BUFG_PS_X0Y80        BUFG_PS (Prop_BUFG_PS_I_O)
                                                      0.038     0.267 r  system_bringup_i/zynq_ultra_ps_e_0/inst/buffer_pl_clk_0.PL_CLK_0_BUFG/O
    X1Y1 (CLOCK_ROOT)    net (fo=91111, routed)       3.153     3.420    system_bringup_i/conv_engine_0/inst/ap_clk
    SLICE_X59Y140        FDRE                                         r  system_bringup_i/conv_engine_0/inst/p_ZZ11conv_enginePK7ap_uintILi32EEPK6ap_intILi8EES6_PKS3_ILi32EEPS4_PS7_tttthhhih_1028_load_fu_6265_p1_reg[24]/C
                         clock pessimism             -0.244     3.175    
    SLICE_X59Y140        FDRE (Hold_FFF2_SLICEL_C_D)
                                                      0.103     3.278    system_bringup_i/conv_engine_0/inst/p_ZZ11conv_enginePK7ap_uintILi32EEPK6ap_intILi8EES6_PKS3_ILi32EEPS4_PS7_tttthhhih_1028_load_fu_6265_p1_reg[24]
  -------------------------------------------------------------------
                         required time                         -3.278    
                         arrival time                           3.289    
  -------------------------------------------------------------------
                         slack                                  0.011    

Slack (MET) :             0.011ns  (arrival time - required time)
  Source:                 system_bringup_i/maxpool_engine_0/inst/WR_BUS_m_axi_U/store_unit_0/tmp_len_reg[3]/C
                            (rising edge-triggered cell FDRE clocked by clk_pl_0  {rise@0.000ns fall@2.500ns period=5.000ns})
  Destination:            system_bringup_i/maxpool_engine_0/inst/WR_BUS_m_axi_U/bus_write/wreq_burst_conv/rs_req/data_p2_reg[67]/D
                            (rising edge-triggered cell FDRE clocked by clk_pl_0  {rise@0.000ns fall@2.500ns period=5.000ns})
  Path Group:             clk_pl_0
  Path Type:              Hold (Min at Slow Process Corner)
  Requirement:            0.000ns  (clk_pl_0 rise@0.000ns - clk_pl_0 rise@0.000ns)
  Data Path Delay:        0.239ns  (logic 0.112ns (46.794%)  route 0.127ns (53.206%))
  Logic Levels:           0  
  Clock Path Skew:        0.126ns (DCD - SCD - CPR)
    Destination Clock Delay (DCD):    3.254ns
    Source Clock Delay      (SCD):    2.888ns
    Clock Pessimism Removal (CPR):    0.240ns
  Clock Net Delay (Source):      2.672ns (routing 1.450ns, distribution 1.222ns)
  Clock Net Delay (Destination): 2.987ns (routing 1.584ns, distribution 1.403ns)

    Location             Delay type                Incr(ns)  Path(ns)    Netlist Resource(s)
  -------------------------------------------------------------------    -------------------
                         (clock clk_pl_0 rise edge)
                                                      0.000     0.000 r  
    PS8_X0Y0             PS8                          0.000     0.000 r  system_bringup_i/zynq_ultra_ps_e_0/inst/PS8_i/PLCLK[0]
                         net (fo=1, routed)           0.181     0.181    system_bringup_i/zynq_ultra_ps_e_0/inst/pl_clk_unbuffered[0]
    BUFG_PS_X0Y80        BUFG_PS (Prop_BUFG_PS_I_O)
                                                      0.035     0.216 r  system_bringup_i/zynq_ultra_ps_e_0/inst/buffer_pl_clk_0.PL_CLK_0_BUFG/O
    X1Y1 (CLOCK_ROOT)    net (fo=91111, routed)       2.672     2.888    system_bringup_i/maxpool_engine_0/inst/WR_BUS_m_axi_U/store_unit_0/ap_clk
    SLICE_X34Y176        FDRE                                         r  system_bringup_i/maxpool_engine_0/inst/WR_BUS_m_axi_U/store_unit_0/tmp_len_reg[3]/C
  -------------------------------------------------------------------    -------------------
    SLICE_X34Y176        FDRE (Prop_CFF_SLICEM_C_Q)
                                                      0.112     3.000 r  system_bringup_i/maxpool_engine_0/inst/WR_BUS_m_axi_U/store_unit_0/tmp_len_reg[3]/Q
                         net (fo=2, routed)           0.127     3.127    system_bringup_i/maxpool_engine_0/inst/WR_BUS_m_axi_U/bus_write/wreq_burst_conv/rs_req/data_p2_reg[95]_0[63]
    SLICE_X36Y175        FDRE                                         r  system_bringup_i/maxpool_engine_0/inst/WR_BUS_m_axi_U/bus_write/wreq_burst_conv/rs_req/data_p2_reg[67]/D
  -------------------------------------------------------------------    -------------------

                         (clock clk_pl_0 rise edge)
                                                      0.000     0.000 r  
    PS8_X0Y0             PS8                          0.000     0.000 r  system_bringup_i/zynq_ultra_ps_e_0/inst/PS8_i/PLCLK[0]
                         net (fo=1, routed)           0.229     0.229    system_bringup_i/zynq_ultra_ps_e_0/inst/pl_clk_unbuffered[0]
    BUFG_PS_X0Y80        BUFG_PS (Prop_BUFG_PS_I_O)
                                                      0.038     0.267 r  system_bringup_i/zynq_ultra_ps_e_0/inst/buffer_pl_clk_0.PL_CLK_0_BUFG/O
    X1Y1 (CLOCK_ROOT)    net (fo=91111, routed)       2.987     3.254    system_bringup_i/maxpool_engine_0/inst/WR_BUS_m_axi_U/bus_write/wreq_burst_conv/rs_req/ap_clk
    SLICE_X36Y175        FDRE                                         r  system_bringup_i/maxpool_engine_0/inst/WR_BUS_m_axi_U/bus_write/wreq_burst_conv/rs_req/data_p2_reg[67]/C
                         clock pessimism             -0.240     3.014    
    SLICE_X36Y175        FDRE (Hold_HFF2_SLICEL_C_D)
                                                      0.103     3.117    system_bringup_i/maxpool_engine_0/inst/WR_BUS_m_axi_U/bus_write/wreq_burst_conv/rs_req/data_p2_reg[67]
  -------------------------------------------------------------------
                         required time                         -3.117    
                         arrival time                           3.127    
  -------------------------------------------------------------------
                         slack                                  0.011    





Pulse Width Checks
--------------------------------------------------------------------------------------
Clock Name:         clk_pl_0
Waveform(ns):       { 0.000 2.500 }
Period(ns):         5.000
Sources:            { system_bringup_i/zynq_ultra_ps_e_0/inst/PS8_i/PLCLK[0] }

Check Type        Corner  Lib Pin          Reference Pin  Required(ns)  Actual(ns)  Slack(ns)  Location  Pin
Min Period        n/a     PS8/MAXIGP0ACLK  n/a            3.000         5.000       2.000      PS8_X0Y0  system_bringup_i/zynq_ultra_ps_e_0/inst/PS8_i/MAXIGP0ACLK
Min Period        n/a     PS8/MAXIGP1ACLK  n/a            3.000         5.000       2.000      PS8_X0Y0  system_bringup_i/zynq_ultra_ps_e_0/inst/PS8_i/MAXIGP1ACLK
Min Period        n/a     PS8/SAXIGP2RCLK  n/a            3.000         5.000       2.000      PS8_X0Y0  system_bringup_i/zynq_ultra_ps_e_0/inst/PS8_i/SAXIGP2RCLK
Min Period        n/a     PS8/SAXIGP2WCLK  n/a            3.000         5.000       2.000      PS8_X0Y0  system_bringup_i/zynq_ultra_ps_e_0/inst/PS8_i/SAXIGP2WCLK
Min Period        n/a     PS8/SAXIGP3RCLK  n/a            3.000         5.000       2.000      PS8_X0Y0  system_bringup_i/zynq_ultra_ps_e_0/inst/PS8_i/SAXIGP3RCLK
Min Period        n/a     PS8/SAXIGP3WCLK  n/a            3.000         5.000       2.000      PS8_X0Y0  system_bringup_i/zynq_ultra_ps_e_0/inst/PS8_i/SAXIGP3WCLK
Min Period        n/a     PS8/SAXIGP4RCLK  n/a            3.000         5.000       2.000      PS8_X0Y0  system_bringup_i/zynq_ultra_ps_e_0/inst/PS8_i/SAXIGP4RCLK
Min Period        n/a     PS8/SAXIGP4WCLK  n/a            3.000         5.000       2.000      PS8_X0Y0  system_bringup_i/zynq_ultra_ps_e_0/inst/PS8_i/SAXIGP4WCLK
Min Period        n/a     PS8/SAXIGP5RCLK  n/a            3.000         5.000       2.000      PS8_X0Y0  system_bringup_i/zynq_ultra_ps_e_0/inst/PS8_i/SAXIGP5RCLK
Min Period        n/a     PS8/SAXIGP5WCLK  n/a            3.000         5.000       2.000      PS8_X0Y0  system_bringup_i/zynq_ultra_ps_e_0/inst/PS8_i/SAXIGP5WCLK
Low Pulse Width   Slow    PS8/MAXIGP0ACLK  n/a            1.500         2.500       1.000      PS8_X0Y0  system_bringup_i/zynq_ultra_ps_e_0/inst/PS8_i/MAXIGP0ACLK
Low Pulse Width   Fast    PS8/MAXIGP0ACLK  n/a            1.500         2.500       1.000      PS8_X0Y0  system_bringup_i/zynq_ultra_ps_e_0/inst/PS8_i/MAXIGP0ACLK
Low Pulse Width   Slow    PS8/MAXIGP1ACLK  n/a            1.500         2.500       1.000      PS8_X0Y0  system_bringup_i/zynq_ultra_ps_e_0/inst/PS8_i/MAXIGP1ACLK
Low Pulse Width   Fast    PS8/MAXIGP1ACLK  n/a            1.500         2.500       1.000      PS8_X0Y0  system_bringup_i/zynq_ultra_ps_e_0/inst/PS8_i/MAXIGP1ACLK
Low Pulse Width   Slow    PS8/SAXIGP2RCLK  n/a            1.500         2.500       1.000      PS8_X0Y0  system_bringup_i/zynq_ultra_ps_e_0/inst/PS8_i/SAXIGP2RCLK
Low Pulse Width   Fast    PS8/SAXIGP2RCLK  n/a            1.500         2.500       1.000      PS8_X0Y0  system_bringup_i/zynq_ultra_ps_e_0/inst/PS8_i/SAXIGP2RCLK
Low Pulse Width   Slow    PS8/SAXIGP2WCLK  n/a            1.500         2.500       1.000      PS8_X0Y0  system_bringup_i/zynq_ultra_ps_e_0/inst/PS8_i/SAXIGP2WCLK
Low Pulse Width   Fast    PS8/SAXIGP2WCLK  n/a            1.500         2.500       1.000      PS8_X0Y0  system_bringup_i/zynq_ultra_ps_e_0/inst/PS8_i/SAXIGP2WCLK
Low Pulse Width   Slow    PS8/SAXIGP3RCLK  n/a            1.500         2.500       1.000      PS8_X0Y0  system_bringup_i/zynq_ultra_ps_e_0/inst/PS8_i/SAXIGP3RCLK
Low Pulse Width   Fast    PS8/SAXIGP3RCLK  n/a            1.500         2.500       1.000      PS8_X0Y0  system_bringup_i/zynq_ultra_ps_e_0/inst/PS8_i/SAXIGP3RCLK
High Pulse Width  Slow    PS8/MAXIGP0ACLK  n/a            1.500         2.500       1.000      PS8_X0Y0  system_bringup_i/zynq_ultra_ps_e_0/inst/PS8_i/MAXIGP0ACLK
High Pulse Width  Fast    PS8/MAXIGP0ACLK  n/a            1.500         2.500       1.000      PS8_X0Y0  system_bringup_i/zynq_ultra_ps_e_0/inst/PS8_i/MAXIGP0ACLK
High Pulse Width  Slow    PS8/MAXIGP1ACLK  n/a            1.500         2.500       1.000      PS8_X0Y0  system_bringup_i/zynq_ultra_ps_e_0/inst/PS8_i/MAXIGP1ACLK
High Pulse Width  Fast    PS8/MAXIGP1ACLK  n/a            1.500         2.500       1.000      PS8_X0Y0  system_bringup_i/zynq_ultra_ps_e_0/inst/PS8_i/MAXIGP1ACLK
High Pulse Width  Slow    PS8/SAXIGP2RCLK  n/a            1.500         2.500       1.000      PS8_X0Y0  system_bringup_i/zynq_ultra_ps_e_0/inst/PS8_i/SAXIGP2RCLK
High Pulse Width  Fast    PS8/SAXIGP2RCLK  n/a            1.500         2.500       1.000      PS8_X0Y0  system_bringup_i/zynq_ultra_ps_e_0/inst/PS8_i/SAXIGP2RCLK
High Pulse Width  Slow    PS8/SAXIGP2WCLK  n/a            1.500         2.500       1.000      PS8_X0Y0  system_bringup_i/zynq_ultra_ps_e_0/inst/PS8_i/SAXIGP2WCLK
High Pulse Width  Fast    PS8/SAXIGP2WCLK  n/a            1.500         2.500       1.000      PS8_X0Y0  system_bringup_i/zynq_ultra_ps_e_0/inst/PS8_i/SAXIGP2WCLK
High Pulse Width  Slow    PS8/SAXIGP3RCLK  n/a            1.500         2.500       1.000      PS8_X0Y0  system_bringup_i/zynq_ultra_ps_e_0/inst/PS8_i/SAXIGP3RCLK
High Pulse Width  Fast    PS8/SAXIGP3RCLK  n/a            1.500         2.500       1.000      PS8_X0Y0  system_bringup_i/zynq_ultra_ps_e_0/inst/PS8_i/SAXIGP3RCLK



---------------------------------------------------------------------------------------------------
Path Group:  **async_default**
From Clock:  clk_pl_0
  To Clock:  clk_pl_0

Setup :            0  Failing Endpoints,  Worst Slack        3.392ns,  Total Violation        0.000ns
Hold  :            0  Failing Endpoints,  Worst Slack        0.271ns,  Total Violation        0.000ns
---------------------------------------------------------------------------------------------------


Max Delay Paths
--------------------------------------------------------------------------------------
Slack (MET) :             3.392ns  (required time - arrival time)
  Source:                 <hidden>
                            (rising edge-triggered cell FDPE clocked by clk_pl_0  {rise@0.000ns fall@2.500ns period=5.000ns})
  Destination:            <hidden>
                            (recovery check against rising-edge clock clk_pl_0  {rise@0.000ns fall@2.500ns period=5.000ns})
  Path Group:             **async_default**
  Path Type:              Recovery (Max at Slow Process Corner)
  Requirement:            5.000ns  (clk_pl_0 rise@5.000ns - clk_pl_0 rise@0.000ns)
  Data Path Delay:        1.279ns  (logic 0.175ns (13.687%)  route 1.104ns (86.313%))
  Logic Levels:           1  (LUT3=1)
  Clock Path Skew:        -0.108ns (DCD - SCD + CPR)
    Destination Clock Delay (DCD):    3.053ns = ( 8.053 - 5.000 ) 
    Source Clock Delay      (SCD):    3.400ns
    Clock Pessimism Removal (CPR):    0.240ns
  Clock Uncertainty:      0.129ns  ((TSJ^2 + DJ^2)^1/2) / 2 + PE
    Total System Jitter     (TSJ):    0.071ns
    Discrete Jitter          (DJ):    0.248ns
    Phase Error              (PE):    0.000ns
  Clock Net Delay (Source):      3.133ns (routing 1.584ns, distribution 1.549ns)
  Clock Net Delay (Destination): 2.837ns (routing 1.450ns, distribution 1.387ns)

    Location             Delay type                Incr(ns)  Path(ns)    Netlist Resource(s)
  -------------------------------------------------------------------    -------------------
                         (clock clk_pl_0 rise edge)
                                                      0.000     0.000 r  
    PS8_X0Y0             PS8                          0.000     0.000 r  system_bringup_i/zynq_ultra_ps_e_0/inst/PS8_i/PLCLK[0]
                         net (fo=1, routed)           0.229     0.229    system_bringup_i/zynq_ultra_ps_e_0/inst/pl_clk_unbuffered[0]
    BUFG_PS_X0Y80        BUFG_PS (Prop_BUFG_PS_I_O)
                                                      0.038     0.267 r  system_bringup_i/zynq_ultra_ps_e_0/inst/buffer_pl_clk_0.PL_CLK_0_BUFG/O
    X1Y1 (CLOCK_ROOT)    net (fo=91111, routed)       3.133     3.400    <hidden>
    SLICE_X1Y61          FDPE                                         r  <hidden>
  -------------------------------------------------------------------    -------------------
    SLICE_X1Y61          FDPE (Prop_AFF2_SLICEM_C_Q)
                                                      0.118     3.518 f  <hidden>
                         net (fo=3, routed)           0.373     3.891    <hidden>
    SLICE_X1Y82          LUT3 (Prop_G6LUT_SLICEM_I2_O)
                                                      0.057     3.948 f  <hidden>
                         net (fo=32, routed)          0.731     4.679    <hidden>
    SLICE_X3Y74          FDCE                                         f  <hidden>
  -------------------------------------------------------------------    -------------------

                         (clock clk_pl_0 rise edge)
                                                      5.000     5.000 r  
    PS8_X0Y0             PS8                          0.000     5.000 r  system_bringup_i/zynq_ultra_ps_e_0/inst/PS8_i/PLCLK[0]
                         net (fo=1, routed)           0.181     5.181    system_bringup_i/zynq_ultra_ps_e_0/inst/pl_clk_unbuffered[0]
    BUFG_PS_X0Y80        BUFG_PS (Prop_BUFG_PS_I_O)
                                                      0.035     5.216 r  system_bringup_i/zynq_ultra_ps_e_0/inst/buffer_pl_clk_0.PL_CLK_0_BUFG/O
    X1Y1 (CLOCK_ROOT)    net (fo=91111, routed)       2.837     8.053    <hidden>
    SLICE_X3Y74          FDCE                                         r  <hidden>
                         clock pessimism              0.240     8.293    
                         clock uncertainty           -0.129     8.164    
    SLICE_X3Y74          FDCE (Recov_DFF_SLICEL_C_CLR)
                                                     -0.093     8.071    <hidden>
  -------------------------------------------------------------------
                         required time                          8.071    
                         arrival time                          -4.679    
  -------------------------------------------------------------------
                         slack                                  3.392    

Slack (MET) :             3.392ns  (required time - arrival time)
  Source:                 <hidden>
                            (rising edge-triggered cell FDPE clocked by clk_pl_0  {rise@0.000ns fall@2.500ns period=5.000ns})
  Destination:            <hidden>
                            (recovery check against rising-edge clock clk_pl_0  {rise@0.000ns fall@2.500ns period=5.000ns})
  Path Group:             **async_default**
  Path Type:              Recovery (Max at Slow Process Corner)
  Requirement:            5.000ns  (clk_pl_0 rise@5.000ns - clk_pl_0 rise@0.000ns)
  Data Path Delay:        1.279ns  (logic 0.175ns (13.687%)  route 1.104ns (86.313%))
  Logic Levels:           1  (LUT3=1)
  Clock Path Skew:        -0.108ns (DCD - SCD + CPR)
    Destination Clock Delay (DCD):    3.053ns = ( 8.053 - 5.000 ) 
    Source Clock Delay      (SCD):    3.400ns
    Clock Pessimism Removal (CPR):    0.240ns
  Clock Uncertainty:      0.129ns  ((TSJ^2 + DJ^2)^1/2) / 2 + PE
    Total System Jitter     (TSJ):    0.071ns
    Discrete Jitter          (DJ):    0.248ns
    Phase Error              (PE):    0.000ns
  Clock Net Delay (Source):      3.133ns (routing 1.584ns, distribution 1.549ns)
  Clock Net Delay (Destination): 2.837ns (routing 1.450ns, distribution 1.387ns)

    Location             Delay type                Incr(ns)  Path(ns)    Netlist Resource(s)
  -------------------------------------------------------------------    -------------------
                         (clock clk_pl_0 rise edge)
                                                      0.000     0.000 r  
    PS8_X0Y0             PS8                          0.000     0.000 r  system_bringup_i/zynq_ultra_ps_e_0/inst/PS8_i/PLCLK[0]
                         net (fo=1, routed)           0.229     0.229    system_bringup_i/zynq_ultra_ps_e_0/inst/pl_clk_unbuffered[0]
    BUFG_PS_X0Y80        BUFG_PS (Prop_BUFG_PS_I_O)
                                                      0.038     0.267 r  system_bringup_i/zynq_ultra_ps_e_0/inst/buffer_pl_clk_0.PL_CLK_0_BUFG/O
    X1Y1 (CLOCK_ROOT)    net (fo=91111, routed)       3.133     3.400    <hidden>
    SLICE_X1Y61          FDPE                                         r  <hidden>
  -------------------------------------------------------------------    -------------------
    SLICE_X1Y61          FDPE (Prop_AFF2_SLICEM_C_Q)
                                                      0.118     3.518 f  <hidden>
                         net (fo=3, routed)           0.373     3.891    <hidden>
    SLICE_X1Y82          LUT3 (Prop_G6LUT_SLICEM_I2_O)
                                                      0.057     3.948 f  <hidden>
                         net (fo=32, routed)          0.731     4.679    <hidden>
    SLICE_X3Y74          FDCE                                         f  <hidden>
  -------------------------------------------------------------------    -------------------

                         (clock clk_pl_0 rise edge)
                                                      5.000     5.000 r  
    PS8_X0Y0             PS8                          0.000     5.000 r  system_bringup_i/zynq_ultra_ps_e_0/inst/PS8_i/PLCLK[0]
                         net (fo=1, routed)           0.181     5.181    system_bringup_i/zynq_ultra_ps_e_0/inst/pl_clk_unbuffered[0]
    BUFG_PS_X0Y80        BUFG_PS (Prop_BUFG_PS_I_O)
                                                      0.035     5.216 r  system_bringup_i/zynq_ultra_ps_e_0/inst/buffer_pl_clk_0.PL_CLK_0_BUFG/O
    X1Y1 (CLOCK_ROOT)    net (fo=91111, routed)       2.837     8.053    <hidden>
    SLICE_X3Y74          FDCE                                         r  <hidden>
                         clock pessimism              0.240     8.293    
                         clock uncertainty           -0.129     8.164    
    SLICE_X3Y74          FDCE (Recov_DFF2_SLICEL_C_CLR)
                                                     -0.093     8.071    <hidden>
  -------------------------------------------------------------------
                         required time                          8.071    
                         arrival time                          -4.679    
  -------------------------------------------------------------------
                         slack                                  3.392    

Slack (MET) :             3.392ns  (required time - arrival time)
  Source:                 <hidden>
                            (rising edge-triggered cell FDPE clocked by clk_pl_0  {rise@0.000ns fall@2.500ns period=5.000ns})
  Destination:            <hidden>
                            (recovery check against rising-edge clock clk_pl_0  {rise@0.000ns fall@2.500ns period=5.000ns})
  Path Group:             **async_default**
  Path Type:              Recovery (Max at Slow Process Corner)
  Requirement:            5.000ns  (clk_pl_0 rise@5.000ns - clk_pl_0 rise@0.000ns)
  Data Path Delay:        1.279ns  (logic 0.175ns (13.687%)  route 1.104ns (86.313%))
  Logic Levels:           1  (LUT3=1)
  Clock Path Skew:        -0.108ns (DCD - SCD + CPR)
    Destination Clock Delay (DCD):    3.053ns = ( 8.053 - 5.000 ) 
    Source Clock Delay      (SCD):    3.400ns
    Clock Pessimism Removal (CPR):    0.240ns
  Clock Uncertainty:      0.129ns  ((TSJ^2 + DJ^2)^1/2) / 2 + PE
    Total System Jitter     (TSJ):    0.071ns
    Discrete Jitter          (DJ):    0.248ns
    Phase Error              (PE):    0.000ns
  Clock Net Delay (Source):      3.133ns (routing 1.584ns, distribution 1.549ns)
  Clock Net Delay (Destination): 2.837ns (routing 1.450ns, distribution 1.387ns)

    Location             Delay type                Incr(ns)  Path(ns)    Netlist Resource(s)
  -------------------------------------------------------------------    -------------------
                         (clock clk_pl_0 rise edge)
                                                      0.000     0.000 r  
    PS8_X0Y0             PS8                          0.000     0.000 r  system_bringup_i/zynq_ultra_ps_e_0/inst/PS8_i/PLCLK[0]
                         net (fo=1, routed)           0.229     0.229    system_bringup_i/zynq_ultra_ps_e_0/inst/pl_clk_unbuffered[0]
    BUFG_PS_X0Y80        BUFG_PS (Prop_BUFG_PS_I_O)
                                                      0.038     0.267 r  system_bringup_i/zynq_ultra_ps_e_0/inst/buffer_pl_clk_0.PL_CLK_0_BUFG/O
    X1Y1 (CLOCK_ROOT)    net (fo=91111, routed)       3.133     3.400    <hidden>
    SLICE_X1Y61          FDPE                                         r  <hidden>
  -------------------------------------------------------------------    -------------------
    SLICE_X1Y61          FDPE (Prop_AFF2_SLICEM_C_Q)
                                                      0.118     3.518 f  <hidden>
                         net (fo=3, routed)           0.373     3.891    <hidden>
    SLICE_X1Y82          LUT3 (Prop_G6LUT_SLICEM_I2_O)
                                                      0.057     3.948 f  <hidden>
                         net (fo=32, routed)          0.731     4.679    <hidden>
    SLICE_X3Y74          FDCE                                         f  <hidden>
  -------------------------------------------------------------------    -------------------

                         (clock clk_pl_0 rise edge)
                                                      5.000     5.000 r  
    PS8_X0Y0             PS8                          0.000     5.000 r  system_bringup_i/zynq_ultra_ps_e_0/inst/PS8_i/PLCLK[0]
                         net (fo=1, routed)           0.181     5.181    system_bringup_i/zynq_ultra_ps_e_0/inst/pl_clk_unbuffered[0]
    BUFG_PS_X0Y80        BUFG_PS (Prop_BUFG_PS_I_O)
                                                      0.035     5.216 r  system_bringup_i/zynq_ultra_ps_e_0/inst/buffer_pl_clk_0.PL_CLK_0_BUFG/O
    X1Y1 (CLOCK_ROOT)    net (fo=91111, routed)       2.837     8.053    <hidden>
    SLICE_X3Y74          FDCE                                         r  <hidden>
                         clock pessimism              0.240     8.293    
                         clock uncertainty           -0.129     8.164    
    SLICE_X3Y74          FDCE (Recov_CFF_SLICEL_C_CLR)
                                                     -0.093     8.071    <hidden>
  -------------------------------------------------------------------
                         required time                          8.071    
                         arrival time                          -4.679    
  -------------------------------------------------------------------
                         slack                                  3.392    

Slack (MET) :             3.392ns  (required time - arrival time)
  Source:                 <hidden>
                            (rising edge-triggered cell FDPE clocked by clk_pl_0  {rise@0.000ns fall@2.500ns period=5.000ns})
  Destination:            <hidden>
                            (recovery check against rising-edge clock clk_pl_0  {rise@0.000ns fall@2.500ns period=5.000ns})
  Path Group:             **async_default**
  Path Type:              Recovery (Max at Slow Process Corner)
  Requirement:            5.000ns  (clk_pl_0 rise@5.000ns - clk_pl_0 rise@0.000ns)
  Data Path Delay:        1.279ns  (logic 0.175ns (13.687%)  route 1.104ns (86.313%))
  Logic Levels:           1  (LUT3=1)
  Clock Path Skew:        -0.108ns (DCD - SCD + CPR)
    Destination Clock Delay (DCD):    3.053ns = ( 8.053 - 5.000 ) 
    Source Clock Delay      (SCD):    3.400ns
    Clock Pessimism Removal (CPR):    0.240ns
  Clock Uncertainty:      0.129ns  ((TSJ^2 + DJ^2)^1/2) / 2 + PE
    Total System Jitter     (TSJ):    0.071ns
    Discrete Jitter          (DJ):    0.248ns
    Phase Error              (PE):    0.000ns
  Clock Net Delay (Source):      3.133ns (routing 1.584ns, distribution 1.549ns)
  Clock Net Delay (Destination): 2.837ns (routing 1.450ns, distribution 1.387ns)

    Location             Delay type                Incr(ns)  Path(ns)    Netlist Resource(s)
  -------------------------------------------------------------------    -------------------
                         (clock clk_pl_0 rise edge)
                                                      0.000     0.000 r  
    PS8_X0Y0             PS8                          0.000     0.000 r  system_bringup_i/zynq_ultra_ps_e_0/inst/PS8_i/PLCLK[0]
                         net (fo=1, routed)           0.229     0.229    system_bringup_i/zynq_ultra_ps_e_0/inst/pl_clk_unbuffered[0]
    BUFG_PS_X0Y80        BUFG_PS (Prop_BUFG_PS_I_O)
                                                      0.038     0.267 r  system_bringup_i/zynq_ultra_ps_e_0/inst/buffer_pl_clk_0.PL_CLK_0_BUFG/O
    X1Y1 (CLOCK_ROOT)    net (fo=91111, routed)       3.133     3.400    <hidden>
    SLICE_X1Y61          FDPE                                         r  <hidden>
  -------------------------------------------------------------------    -------------------
    SLICE_X1Y61          FDPE (Prop_AFF2_SLICEM_C_Q)
                                                      0.118     3.518 f  <hidden>
                         net (fo=3, routed)           0.373     3.891    <hidden>
    SLICE_X1Y82          LUT3 (Prop_G6LUT_SLICEM_I2_O)
                                                      0.057     3.948 f  <hidden>
                         net (fo=32, routed)          0.731     4.679    <hidden>
    SLICE_X3Y74          FDCE                                         f  <hidden>
  -------------------------------------------------------------------    -------------------

                         (clock clk_pl_0 rise edge)
                                                      5.000     5.000 r  
    PS8_X0Y0             PS8                          0.000     5.000 r  system_bringup_i/zynq_ultra_ps_e_0/inst/PS8_i/PLCLK[0]
                         net (fo=1, routed)           0.181     5.181    system_bringup_i/zynq_ultra_ps_e_0/inst/pl_clk_unbuffered[0]
    BUFG_PS_X0Y80        BUFG_PS (Prop_BUFG_PS_I_O)
                                                      0.035     5.216 r  system_bringup_i/zynq_ultra_ps_e_0/inst/buffer_pl_clk_0.PL_CLK_0_BUFG/O
    X1Y1 (CLOCK_ROOT)    net (fo=91111, routed)       2.837     8.053    <hidden>
    SLICE_X3Y74          FDCE                                         r  <hidden>
                         clock pessimism              0.240     8.293    
                         clock uncertainty           -0.129     8.164    
    SLICE_X3Y74          FDCE (Recov_CFF2_SLICEL_C_CLR)
                                                     -0.093     8.071    <hidden>
  -------------------------------------------------------------------
                         required time                          8.071    
                         arrival time                          -4.679    
  -------------------------------------------------------------------
                         slack                                  3.392    

Slack (MET) :             3.395ns  (required time - arrival time)
  Source:                 <hidden>
                            (rising edge-triggered cell FDPE clocked by clk_pl_0  {rise@0.000ns fall@2.500ns period=5.000ns})
  Destination:            <hidden>
                            (recovery check against rising-edge clock clk_pl_0  {rise@0.000ns fall@2.500ns period=5.000ns})
  Path Group:             **async_default**
  Path Type:              Recovery (Max at Slow Process Corner)
  Requirement:            5.000ns  (clk_pl_0 rise@5.000ns - clk_pl_0 rise@0.000ns)
  Data Path Delay:        1.279ns  (logic 0.175ns (13.687%)  route 1.104ns (86.313%))
  Logic Levels:           1  (LUT3=1)
  Clock Path Skew:        -0.105ns (DCD - SCD + CPR)
    Destination Clock Delay (DCD):    3.056ns = ( 8.056 - 5.000 ) 
    Source Clock Delay      (SCD):    3.400ns
    Clock Pessimism Removal (CPR):    0.240ns
  Clock Uncertainty:      0.129ns  ((TSJ^2 + DJ^2)^1/2) / 2 + PE
    Total System Jitter     (TSJ):    0.071ns
    Discrete Jitter          (DJ):    0.248ns
    Phase Error              (PE):    0.000ns
  Clock Net Delay (Source):      3.133ns (routing 1.584ns, distribution 1.549ns)
  Clock Net Delay (Destination): 2.840ns (routing 1.450ns, distribution 1.390ns)

    Location             Delay type                Incr(ns)  Path(ns)    Netlist Resource(s)
  -------------------------------------------------------------------    -------------------
                         (clock clk_pl_0 rise edge)
                                                      0.000     0.000 r  
    PS8_X0Y0             PS8                          0.000     0.000 r  system_bringup_i/zynq_ultra_ps_e_0/inst/PS8_i/PLCLK[0]
                         net (fo=1, routed)           0.229     0.229    system_bringup_i/zynq_ultra_ps_e_0/inst/pl_clk_unbuffered[0]
    BUFG_PS_X0Y80        BUFG_PS (Prop_BUFG_PS_I_O)
                                                      0.038     0.267 r  system_bringup_i/zynq_ultra_ps_e_0/inst/buffer_pl_clk_0.PL_CLK_0_BUFG/O
    X1Y1 (CLOCK_ROOT)    net (fo=91111, routed)       3.133     3.400    <hidden>
    SLICE_X1Y61          FDPE                                         r  <hidden>
  -------------------------------------------------------------------    -------------------
    SLICE_X1Y61          FDPE (Prop_AFF2_SLICEM_C_Q)
                                                      0.118     3.518 f  <hidden>
                         net (fo=3, routed)           0.373     3.891    <hidden>
    SLICE_X1Y82          LUT3 (Prop_G6LUT_SLICEM_I2_O)
                                                      0.057     3.948 f  <hidden>
                         net (fo=32, routed)          0.731     4.679    <hidden>
    SLICE_X3Y74          FDCE                                         f  <hidden>
  -------------------------------------------------------------------    -------------------

                         (clock clk_pl_0 rise edge)
                                                      5.000     5.000 r  
    PS8_X0Y0             PS8                          0.000     5.000 r  system_bringup_i/zynq_ultra_ps_e_0/inst/PS8_i/PLCLK[0]
                         net (fo=1, routed)           0.181     5.181    system_bringup_i/zynq_ultra_ps_e_0/inst/pl_clk_unbuffered[0]
    BUFG_PS_X0Y80        BUFG_PS (Prop_BUFG_PS_I_O)
                                                      0.035     5.216 r  system_bringup_i/zynq_ultra_ps_e_0/inst/buffer_pl_clk_0.PL_CLK_0_BUFG/O
    X1Y1 (CLOCK_ROOT)    net (fo=91111, routed)       2.840     8.056    <hidden>
    SLICE_X3Y74          FDCE                                         r  <hidden>
                         clock pessimism              0.240     8.296    
                         clock uncertainty           -0.129     8.167    
    SLICE_X3Y74          FDCE (Recov_EFF_SLICEL_C_CLR)
                                                     -0.093     8.074    <hidden>
  -------------------------------------------------------------------
                         required time                          8.074    
                         arrival time                          -4.679    
  -------------------------------------------------------------------
                         slack                                  3.395    

Slack (MET) :             3.395ns  (required time - arrival time)
  Source:                 <hidden>
                            (rising edge-triggered cell FDPE clocked by clk_pl_0  {rise@0.000ns fall@2.500ns period=5.000ns})
  Destination:            <hidden>
                            (recovery check against rising-edge clock clk_pl_0  {rise@0.000ns fall@2.500ns period=5.000ns})
  Path Group:             **async_default**
  Path Type:              Recovery (Max at Slow Process Corner)
  Requirement:            5.000ns  (clk_pl_0 rise@5.000ns - clk_pl_0 rise@0.000ns)
  Data Path Delay:        1.279ns  (logic 0.175ns (13.687%)  route 1.104ns (86.313%))
  Logic Levels:           1  (LUT3=1)
  Clock Path Skew:        -0.105ns (DCD - SCD + CPR)
    Destination Clock Delay (DCD):    3.056ns = ( 8.056 - 5.000 ) 
    Source Clock Delay      (SCD):    3.400ns
    Clock Pessimism Removal (CPR):    0.240ns
  Clock Uncertainty:      0.129ns  ((TSJ^2 + DJ^2)^1/2) / 2 + PE
    Total System Jitter     (TSJ):    0.071ns
    Discrete Jitter          (DJ):    0.248ns
    Phase Error              (PE):    0.000ns
  Clock Net Delay (Source):      3.133ns (routing 1.584ns, distribution 1.549ns)
  Clock Net Delay (Destination): 2.840ns (routing 1.450ns, distribution 1.390ns)

    Location             Delay type                Incr(ns)  Path(ns)    Netlist Resource(s)
  -------------------------------------------------------------------    -------------------
                         (clock clk_pl_0 rise edge)
                                                      0.000     0.000 r  
    PS8_X0Y0             PS8                          0.000     0.000 r  system_bringup_i/zynq_ultra_ps_e_0/inst/PS8_i/PLCLK[0]
                         net (fo=1, routed)           0.229     0.229    system_bringup_i/zynq_ultra_ps_e_0/inst/pl_clk_unbuffered[0]
    BUFG_PS_X0Y80        BUFG_PS (Prop_BUFG_PS_I_O)
                                                      0.038     0.267 r  system_bringup_i/zynq_ultra_ps_e_0/inst/buffer_pl_clk_0.PL_CLK_0_BUFG/O
    X1Y1 (CLOCK_ROOT)    net (fo=91111, routed)       3.133     3.400    <hidden>
    SLICE_X1Y61          FDPE                                         r  <hidden>
  -------------------------------------------------------------------    -------------------
    SLICE_X1Y61          FDPE (Prop_AFF2_SLICEM_C_Q)
                                                      0.118     3.518 f  <hidden>
                         net (fo=3, routed)           0.373     3.891    <hidden>
    SLICE_X1Y82          LUT3 (Prop_G6LUT_SLICEM_I2_O)
                                                      0.057     3.948 f  <hidden>
                         net (fo=32, routed)          0.731     4.679    <hidden>
    SLICE_X3Y74          FDCE                                         f  <hidden>
  -------------------------------------------------------------------    -------------------

                         (clock clk_pl_0 rise edge)
                                                      5.000     5.000 r  
    PS8_X0Y0             PS8                          0.000     5.000 r  system_bringup_i/zynq_ultra_ps_e_0/inst/PS8_i/PLCLK[0]
                         net (fo=1, routed)           0.181     5.181    system_bringup_i/zynq_ultra_ps_e_0/inst/pl_clk_unbuffered[0]
    BUFG_PS_X0Y80        BUFG_PS (Prop_BUFG_PS_I_O)
                                                      0.035     5.216 r  system_bringup_i/zynq_ultra_ps_e_0/inst/buffer_pl_clk_0.PL_CLK_0_BUFG/O
    X1Y1 (CLOCK_ROOT)    net (fo=91111, routed)       2.840     8.056    <hidden>
    SLICE_X3Y74          FDCE                                         r  <hidden>
                         clock pessimism              0.240     8.296    
                         clock uncertainty           -0.129     8.167    
    SLICE_X3Y74          FDCE (Recov_EFF2_SLICEL_C_CLR)
                                                     -0.093     8.074    <hidden>
  -------------------------------------------------------------------
                         required time                          8.074    
                         arrival time                          -4.679    
  -------------------------------------------------------------------
                         slack                                  3.395    

Slack (MET) :             3.395ns  (required time - arrival time)
  Source:                 <hidden>
                            (rising edge-triggered cell FDPE clocked by clk_pl_0  {rise@0.000ns fall@2.500ns period=5.000ns})
  Destination:            <hidden>
                            (recovery check against rising-edge clock clk_pl_0  {rise@0.000ns fall@2.500ns period=5.000ns})
  Path Group:             **async_default**
  Path Type:              Recovery (Max at Slow Process Corner)
  Requirement:            5.000ns  (clk_pl_0 rise@5.000ns - clk_pl_0 rise@0.000ns)
  Data Path Delay:        1.279ns  (logic 0.175ns (13.687%)  route 1.104ns (86.313%))
  Logic Levels:           1  (LUT3=1)
  Clock Path Skew:        -0.105ns (DCD - SCD + CPR)
    Destination Clock Delay (DCD):    3.056ns = ( 8.056 - 5.000 ) 
    Source Clock Delay      (SCD):    3.400ns
    Clock Pessimism Removal (CPR):    0.240ns
  Clock Uncertainty:      0.129ns  ((TSJ^2 + DJ^2)^1/2) / 2 + PE
    Total System Jitter     (TSJ):    0.071ns
    Discrete Jitter          (DJ):    0.248ns
    Phase Error              (PE):    0.000ns
  Clock Net Delay (Source):      3.133ns (routing 1.584ns, distribution 1.549ns)
  Clock Net Delay (Destination): 2.840ns (routing 1.450ns, distribution 1.390ns)

    Location             Delay type                Incr(ns)  Path(ns)    Netlist Resource(s)
  -------------------------------------------------------------------    -------------------
                         (clock clk_pl_0 rise edge)
                                                      0.000     0.000 r  
    PS8_X0Y0             PS8                          0.000     0.000 r  system_bringup_i/zynq_ultra_ps_e_0/inst/PS8_i/PLCLK[0]
                         net (fo=1, routed)           0.229     0.229    system_bringup_i/zynq_ultra_ps_e_0/inst/pl_clk_unbuffered[0]
    BUFG_PS_X0Y80        BUFG_PS (Prop_BUFG_PS_I_O)
                                                      0.038     0.267 r  system_bringup_i/zynq_ultra_ps_e_0/inst/buffer_pl_clk_0.PL_CLK_0_BUFG/O
    X1Y1 (CLOCK_ROOT)    net (fo=91111, routed)       3.133     3.400    <hidden>
    SLICE_X1Y61          FDPE                                         r  <hidden>
  -------------------------------------------------------------------    -------------------
    SLICE_X1Y61          FDPE (Prop_AFF2_SLICEM_C_Q)
                                                      0.118     3.518 f  <hidden>
                         net (fo=3, routed)           0.373     3.891    <hidden>
    SLICE_X1Y82          LUT3 (Prop_G6LUT_SLICEM_I2_O)
                                                      0.057     3.948 f  <hidden>
                         net (fo=32, routed)          0.731     4.679    <hidden>
    SLICE_X3Y74          FDCE                                         f  <hidden>
  -------------------------------------------------------------------    -------------------

                         (clock clk_pl_0 rise edge)
                                                      5.000     5.000 r  
    PS8_X0Y0             PS8                          0.000     5.000 r  system_bringup_i/zynq_ultra_ps_e_0/inst/PS8_i/PLCLK[0]
                         net (fo=1, routed)           0.181     5.181    system_bringup_i/zynq_ultra_ps_e_0/inst/pl_clk_unbuffered[0]
    BUFG_PS_X0Y80        BUFG_PS (Prop_BUFG_PS_I_O)
                                                      0.035     5.216 r  system_bringup_i/zynq_ultra_ps_e_0/inst/buffer_pl_clk_0.PL_CLK_0_BUFG/O
    X1Y1 (CLOCK_ROOT)    net (fo=91111, routed)       2.840     8.056    <hidden>
    SLICE_X3Y74          FDCE                                         r  <hidden>
                         clock pessimism              0.240     8.296    
                         clock uncertainty           -0.129     8.167    
    SLICE_X3Y74          FDCE (Recov_FFF_SLICEL_C_CLR)
                                                     -0.093     8.074    <hidden>
  -------------------------------------------------------------------
                         required time                          8.074    
                         arrival time                          -4.679    
  -------------------------------------------------------------------
                         slack                                  3.395    

Slack (MET) :             3.395ns  (required time - arrival time)
  Source:                 <hidden>
                            (rising edge-triggered cell FDPE clocked by clk_pl_0  {rise@0.000ns fall@2.500ns period=5.000ns})
  Destination:            <hidden>
                            (recovery check against rising-edge clock clk_pl_0  {rise@0.000ns fall@2.500ns period=5.000ns})
  Path Group:             **async_default**
  Path Type:              Recovery (Max at Slow Process Corner)
  Requirement:            5.000ns  (clk_pl_0 rise@5.000ns - clk_pl_0 rise@0.000ns)
  Data Path Delay:        1.279ns  (logic 0.175ns (13.687%)  route 1.104ns (86.313%))
  Logic Levels:           1  (LUT3=1)
  Clock Path Skew:        -0.105ns (DCD - SCD + CPR)
    Destination Clock Delay (DCD):    3.056ns = ( 8.056 - 5.000 ) 
    Source Clock Delay      (SCD):    3.400ns
    Clock Pessimism Removal (CPR):    0.240ns
  Clock Uncertainty:      0.129ns  ((TSJ^2 + DJ^2)^1/2) / 2 + PE
    Total System Jitter     (TSJ):    0.071ns
    Discrete Jitter          (DJ):    0.248ns
    Phase Error              (PE):    0.000ns
  Clock Net Delay (Source):      3.133ns (routing 1.584ns, distribution 1.549ns)
  Clock Net Delay (Destination): 2.840ns (routing 1.450ns, distribution 1.390ns)

    Location             Delay type                Incr(ns)  Path(ns)    Netlist Resource(s)
  -------------------------------------------------------------------    -------------------
                         (clock clk_pl_0 rise edge)
                                                      0.000     0.000 r  
    PS8_X0Y0             PS8                          0.000     0.000 r  system_bringup_i/zynq_ultra_ps_e_0/inst/PS8_i/PLCLK[0]
                         net (fo=1, routed)           0.229     0.229    system_bringup_i/zynq_ultra_ps_e_0/inst/pl_clk_unbuffered[0]
    BUFG_PS_X0Y80        BUFG_PS (Prop_BUFG_PS_I_O)
                                                      0.038     0.267 r  system_bringup_i/zynq_ultra_ps_e_0/inst/buffer_pl_clk_0.PL_CLK_0_BUFG/O
    X1Y1 (CLOCK_ROOT)    net (fo=91111, routed)       3.133     3.400    <hidden>
    SLICE_X1Y61          FDPE                                         r  <hidden>
  -------------------------------------------------------------------    -------------------
    SLICE_X1Y61          FDPE (Prop_AFF2_SLICEM_C_Q)
                                                      0.118     3.518 f  <hidden>
                         net (fo=3, routed)           0.373     3.891    <hidden>
    SLICE_X1Y82          LUT3 (Prop_G6LUT_SLICEM_I2_O)
                                                      0.057     3.948 f  <hidden>
                         net (fo=32, routed)          0.731     4.679    <hidden>
    SLICE_X3Y74          FDCE                                         f  <hidden>
  -------------------------------------------------------------------    -------------------

                         (clock clk_pl_0 rise edge)
                                                      5.000     5.000 r  
    PS8_X0Y0             PS8                          0.000     5.000 r  system_bringup_i/zynq_ultra_ps_e_0/inst/PS8_i/PLCLK[0]
                         net (fo=1, routed)           0.181     5.181    system_bringup_i/zynq_ultra_ps_e_0/inst/pl_clk_unbuffered[0]
    BUFG_PS_X0Y80        BUFG_PS (Prop_BUFG_PS_I_O)
                                                      0.035     5.216 r  system_bringup_i/zynq_ultra_ps_e_0/inst/buffer_pl_clk_0.PL_CLK_0_BUFG/O
    X1Y1 (CLOCK_ROOT)    net (fo=91111, routed)       2.840     8.056    <hidden>
    SLICE_X3Y74          FDCE                                         r  <hidden>
                         clock pessimism              0.240     8.296    
                         clock uncertainty           -0.129     8.167    
    SLICE_X3Y74          FDCE (Recov_FFF2_SLICEL_C_CLR)
                                                     -0.093     8.074    <hidden>
  -------------------------------------------------------------------
                         required time                          8.074    
                         arrival time                          -4.679    
  -------------------------------------------------------------------
                         slack                                  3.395    

Slack (MET) :             3.396ns  (required time - arrival time)
  Source:                 <hidden>
                            (rising edge-triggered cell FDPE clocked by clk_pl_0  {rise@0.000ns fall@2.500ns period=5.000ns})
  Destination:            <hidden>
                            (recovery check against rising-edge clock clk_pl_0  {rise@0.000ns fall@2.500ns period=5.000ns})
  Path Group:             **async_default**
  Path Type:              Recovery (Max at Slow Process Corner)
  Requirement:            5.000ns  (clk_pl_0 rise@5.000ns - clk_pl_0 rise@0.000ns)
  Data Path Delay:        1.276ns  (logic 0.175ns (13.719%)  route 1.101ns (86.281%))
  Logic Levels:           1  (LUT3=1)
  Clock Path Skew:        -0.107ns (DCD - SCD + CPR)
    Destination Clock Delay (DCD):    3.054ns = ( 8.054 - 5.000 ) 
    Source Clock Delay      (SCD):    3.400ns
    Clock Pessimism Removal (CPR):    0.240ns
  Clock Uncertainty:      0.129ns  ((TSJ^2 + DJ^2)^1/2) / 2 + PE
    Total System Jitter     (TSJ):    0.071ns
    Discrete Jitter          (DJ):    0.248ns
    Phase Error              (PE):    0.000ns
  Clock Net Delay (Source):      3.133ns (routing 1.584ns, distribution 1.549ns)
  Clock Net Delay (Destination): 2.838ns (routing 1.450ns, distribution 1.388ns)

    Location             Delay type                Incr(ns)  Path(ns)    Netlist Resource(s)
  -------------------------------------------------------------------    -------------------
                         (clock clk_pl_0 rise edge)
                                                      0.000     0.000 r  
    PS8_X0Y0             PS8                          0.000     0.000 r  system_bringup_i/zynq_ultra_ps_e_0/inst/PS8_i/PLCLK[0]
                         net (fo=1, routed)           0.229     0.229    system_bringup_i/zynq_ultra_ps_e_0/inst/pl_clk_unbuffered[0]
    BUFG_PS_X0Y80        BUFG_PS (Prop_BUFG_PS_I_O)
                                                      0.038     0.267 r  system_bringup_i/zynq_ultra_ps_e_0/inst/buffer_pl_clk_0.PL_CLK_0_BUFG/O
    X1Y1 (CLOCK_ROOT)    net (fo=91111, routed)       3.133     3.400    <hidden>
    SLICE_X1Y61          FDPE                                         r  <hidden>
  -------------------------------------------------------------------    -------------------
    SLICE_X1Y61          FDPE (Prop_AFF2_SLICEM_C_Q)
                                                      0.118     3.518 f  <hidden>
                         net (fo=3, routed)           0.373     3.891    <hidden>
    SLICE_X1Y82          LUT3 (Prop_G6LUT_SLICEM_I2_O)
                                                      0.057     3.948 f  <hidden>
                         net (fo=32, routed)          0.728     4.676    <hidden>
    SLICE_X3Y72          FDPE                                         f  <hidden>
  -------------------------------------------------------------------    -------------------

                         (clock clk_pl_0 rise edge)
                                                      5.000     5.000 r  
    PS8_X0Y0             PS8                          0.000     5.000 r  system_bringup_i/zynq_ultra_ps_e_0/inst/PS8_i/PLCLK[0]
                         net (fo=1, routed)           0.181     5.181    system_bringup_i/zynq_ultra_ps_e_0/inst/pl_clk_unbuffered[0]
    BUFG_PS_X0Y80        BUFG_PS (Prop_BUFG_PS_I_O)
                                                      0.035     5.216 r  system_bringup_i/zynq_ultra_ps_e_0/inst/buffer_pl_clk_0.PL_CLK_0_BUFG/O
    X1Y1 (CLOCK_ROOT)    net (fo=91111, routed)       2.838     8.054    <hidden>
    SLICE_X3Y72          FDPE                                         r  <hidden>
                         clock pessimism              0.240     8.294    
                         clock uncertainty           -0.129     8.165    
    SLICE_X3Y72          FDPE (Recov_BFF2_SLICEL_C_PRE)
                                                     -0.093     8.072    <hidden>
  -------------------------------------------------------------------
                         required time                          8.072    
                         arrival time                          -4.676    
  -------------------------------------------------------------------
                         slack                                  3.396    

Slack (MET) :             3.396ns  (required time - arrival time)
  Source:                 <hidden>
                            (rising edge-triggered cell FDPE clocked by clk_pl_0  {rise@0.000ns fall@2.500ns period=5.000ns})
  Destination:            <hidden>
                            (recovery check against rising-edge clock clk_pl_0  {rise@0.000ns fall@2.500ns period=5.000ns})
  Path Group:             **async_default**
  Path Type:              Recovery (Max at Slow Process Corner)
  Requirement:            5.000ns  (clk_pl_0 rise@5.000ns - clk_pl_0 rise@0.000ns)
  Data Path Delay:        1.276ns  (logic 0.175ns (13.719%)  route 1.101ns (86.281%))
  Logic Levels:           1  (LUT3=1)
  Clock Path Skew:        -0.107ns (DCD - SCD + CPR)
    Destination Clock Delay (DCD):    3.054ns = ( 8.054 - 5.000 ) 
    Source Clock Delay      (SCD):    3.400ns
    Clock Pessimism Removal (CPR):    0.240ns
  Clock Uncertainty:      0.129ns  ((TSJ^2 + DJ^2)^1/2) / 2 + PE
    Total System Jitter     (TSJ):    0.071ns
    Discrete Jitter          (DJ):    0.248ns
    Phase Error              (PE):    0.000ns
  Clock Net Delay (Source):      3.133ns (routing 1.584ns, distribution 1.549ns)
  Clock Net Delay (Destination): 2.838ns (routing 1.450ns, distribution 1.388ns)

    Location             Delay type                Incr(ns)  Path(ns)    Netlist Resource(s)
  -------------------------------------------------------------------    -------------------
                         (clock clk_pl_0 rise edge)
                                                      0.000     0.000 r  
    PS8_X0Y0             PS8                          0.000     0.000 r  system_bringup_i/zynq_ultra_ps_e_0/inst/PS8_i/PLCLK[0]
                         net (fo=1, routed)           0.229     0.229    system_bringup_i/zynq_ultra_ps_e_0/inst/pl_clk_unbuffered[0]
    BUFG_PS_X0Y80        BUFG_PS (Prop_BUFG_PS_I_O)
                                                      0.038     0.267 r  system_bringup_i/zynq_ultra_ps_e_0/inst/buffer_pl_clk_0.PL_CLK_0_BUFG/O
    X1Y1 (CLOCK_ROOT)    net (fo=91111, routed)       3.133     3.400    <hidden>
    SLICE_X1Y61          FDPE                                         r  <hidden>
  -------------------------------------------------------------------    -------------------
    SLICE_X1Y61          FDPE (Prop_AFF2_SLICEM_C_Q)
                                                      0.118     3.518 f  <hidden>
                         net (fo=3, routed)           0.373     3.891    <hidden>
    SLICE_X1Y82          LUT3 (Prop_G6LUT_SLICEM_I2_O)
                                                      0.057     3.948 f  <hidden>
                         net (fo=32, routed)          0.728     4.676    <hidden>
    SLICE_X3Y72          FDCE                                         f  <hidden>
  -------------------------------------------------------------------    -------------------

                         (clock clk_pl_0 rise edge)
                                                      5.000     5.000 r  
    PS8_X0Y0             PS8                          0.000     5.000 r  system_bringup_i/zynq_ultra_ps_e_0/inst/PS8_i/PLCLK[0]
                         net (fo=1, routed)           0.181     5.181    system_bringup_i/zynq_ultra_ps_e_0/inst/pl_clk_unbuffered[0]
    BUFG_PS_X0Y80        BUFG_PS (Prop_BUFG_PS_I_O)
                                                      0.035     5.216 r  system_bringup_i/zynq_ultra_ps_e_0/inst/buffer_pl_clk_0.PL_CLK_0_BUFG/O
    X1Y1 (CLOCK_ROOT)    net (fo=91111, routed)       2.838     8.054    <hidden>
    SLICE_X3Y72          FDCE                                         r  <hidden>
                         clock pessimism              0.240     8.294    
                         clock uncertainty           -0.129     8.165    
    SLICE_X3Y72          FDCE (Recov_AFF2_SLICEL_C_CLR)
                                                     -0.093     8.072    <hidden>
  -------------------------------------------------------------------
                         required time                          8.072    
                         arrival time                          -4.676    
  -------------------------------------------------------------------
                         slack                                  3.396    





Min Delay Paths
--------------------------------------------------------------------------------------
Slack (MET) :             0.271ns  (arrival time - required time)
  Source:                 <hidden>
                            (rising edge-triggered cell FDPE clocked by clk_pl_0  {rise@0.000ns fall@2.500ns period=5.000ns})
  Destination:            <hidden>
                            (removal check against rising-edge clock clk_pl_0  {rise@0.000ns fall@2.500ns period=5.000ns})
  Path Group:             **async_default**
  Path Type:              Removal (Min at Fast Process Corner)
  Requirement:            0.000ns  (clk_pl_0 rise@0.000ns - clk_pl_0 rise@0.000ns)
  Data Path Delay:        0.317ns  (logic 0.152ns (47.989%)  route 0.165ns (52.011%))
  Logic Levels:           1  (LUT3=1)
  Clock Path Skew:        0.064ns (DCD - SCD - CPR)
    Destination Clock Delay (DCD):    2.081ns
    Source Clock Delay      (SCD):    1.876ns
    Clock Pessimism Removal (CPR):    0.141ns
  Clock Net Delay (Source):      1.725ns (routing 0.886ns, distribution 0.839ns)
  Clock Net Delay (Destination): 1.894ns (routing 0.971ns, distribution 0.923ns)

    Location             Delay type                Incr(ns)  Path(ns)    Netlist Resource(s)
  -------------------------------------------------------------------    -------------------
                         (clock clk_pl_0 rise edge)
                                                      0.000     0.000 r  
    PS8_X0Y0             PS8                          0.000     0.000 r  system_bringup_i/zynq_ultra_ps_e_0/inst/PS8_i/PLCLK[0]
                         net (fo=1, routed)           0.129     0.129    system_bringup_i/zynq_ultra_ps_e_0/inst/pl_clk_unbuffered[0]
    BUFG_PS_X0Y80        BUFG_PS (Prop_BUFG_PS_I_O)
                                                      0.022     0.151 r  system_bringup_i/zynq_ultra_ps_e_0/inst/buffer_pl_clk_0.PL_CLK_0_BUFG/O
    X1Y1 (CLOCK_ROOT)    net (fo=91111, routed)       1.725     1.876    <hidden>
    SLICE_X1Y40          FDPE                                         r  <hidden>
  -------------------------------------------------------------------    -------------------
    SLICE_X1Y40          FDPE (Prop_BFF2_SLICEM_C_Q)
                                                      0.085     1.961 f  <hidden>
                         net (fo=3, routed)           0.072     2.033    <hidden>
    SLICE_X3Y40          LUT3 (Prop_G6LUT_SLICEL_I2_O)
                                                      0.067     2.100 f  <hidden>
                         net (fo=32, routed)          0.093     2.193    <hidden>
    SLICE_X3Y41          FDPE                                         f  <hidden>
  -------------------------------------------------------------------    -------------------

                         (clock clk_pl_0 rise edge)
                                                      0.000     0.000 r  
    PS8_X0Y0             PS8                          0.000     0.000 r  system_bringup_i/zynq_ultra_ps_e_0/inst/PS8_i/PLCLK[0]
                         net (fo=1, routed)           0.164     0.164    system_bringup_i/zynq_ultra_ps_e_0/inst/pl_clk_unbuffered[0]
    BUFG_PS_X0Y80        BUFG_PS (Prop_BUFG_PS_I_O)
                                                      0.023     0.187 r  system_bringup_i/zynq_ultra_ps_e_0/inst/buffer_pl_clk_0.PL_CLK_0_BUFG/O
    X1Y1 (CLOCK_ROOT)    net (fo=91111, routed)       1.894     2.081    <hidden>
    SLICE_X3Y41          FDPE                                         r  <hidden>
                         clock pessimism             -0.141     1.940    
    SLICE_X3Y41          FDPE (Remov_EFF_SLICEL_C_PRE)
                                                     -0.018     1.922    <hidden>
  -------------------------------------------------------------------
                         required time                         -1.922    
                         arrival time                           2.193    
  -------------------------------------------------------------------
                         slack                                  0.271    

Slack (MET) :             0.271ns  (arrival time - required time)
  Source:                 <hidden>
                            (rising edge-triggered cell FDPE clocked by clk_pl_0  {rise@0.000ns fall@2.500ns period=5.000ns})
  Destination:            <hidden>
                            (removal check against rising-edge clock clk_pl_0  {rise@0.000ns fall@2.500ns period=5.000ns})
  Path Group:             **async_default**
  Path Type:              Removal (Min at Fast Process Corner)
  Requirement:            0.000ns  (clk_pl_0 rise@0.000ns - clk_pl_0 rise@0.000ns)
  Data Path Delay:        0.317ns  (logic 0.152ns (47.989%)  route 0.165ns (52.011%))
  Logic Levels:           1  (LUT3=1)
  Clock Path Skew:        0.064ns (DCD - SCD - CPR)
    Destination Clock Delay (DCD):    2.081ns
    Source Clock Delay      (SCD):    1.876ns
    Clock Pessimism Removal (CPR):    0.141ns
  Clock Net Delay (Source):      1.725ns (routing 0.886ns, distribution 0.839ns)
  Clock Net Delay (Destination): 1.894ns (routing 0.971ns, distribution 0.923ns)

    Location             Delay type                Incr(ns)  Path(ns)    Netlist Resource(s)
  -------------------------------------------------------------------    -------------------
                         (clock clk_pl_0 rise edge)
                                                      0.000     0.000 r  
    PS8_X0Y0             PS8                          0.000     0.000 r  system_bringup_i/zynq_ultra_ps_e_0/inst/PS8_i/PLCLK[0]
                         net (fo=1, routed)           0.129     0.129    system_bringup_i/zynq_ultra_ps_e_0/inst/pl_clk_unbuffered[0]
    BUFG_PS_X0Y80        BUFG_PS (Prop_BUFG_PS_I_O)
                                                      0.022     0.151 r  system_bringup_i/zynq_ultra_ps_e_0/inst/buffer_pl_clk_0.PL_CLK_0_BUFG/O
    X1Y1 (CLOCK_ROOT)    net (fo=91111, routed)       1.725     1.876    <hidden>
    SLICE_X1Y40          FDPE                                         r  <hidden>
  -------------------------------------------------------------------    -------------------
    SLICE_X1Y40          FDPE (Prop_BFF2_SLICEM_C_Q)
                                                      0.085     1.961 f  <hidden>
                         net (fo=3, routed)           0.072     2.033    <hidden>
    SLICE_X3Y40          LUT3 (Prop_G6LUT_SLICEL_I2_O)
                                                      0.067     2.100 f  <hidden>
                         net (fo=32, routed)          0.093     2.193    <hidden>
    SLICE_X3Y41          FDPE                                         f  <hidden>
  -------------------------------------------------------------------    -------------------

                         (clock clk_pl_0 rise edge)
                                                      0.000     0.000 r  
    PS8_X0Y0             PS8                          0.000     0.000 r  system_bringup_i/zynq_ultra_ps_e_0/inst/PS8_i/PLCLK[0]
                         net (fo=1, routed)           0.164     0.164    system_bringup_i/zynq_ultra_ps_e_0/inst/pl_clk_unbuffered[0]
    BUFG_PS_X0Y80        BUFG_PS (Prop_BUFG_PS_I_O)
                                                      0.023     0.187 r  system_bringup_i/zynq_ultra_ps_e_0/inst/buffer_pl_clk_0.PL_CLK_0_BUFG/O
    X1Y1 (CLOCK_ROOT)    net (fo=91111, routed)       1.894     2.081    <hidden>
    SLICE_X3Y41          FDPE                                         r  <hidden>
                         clock pessimism             -0.141     1.940    
    SLICE_X3Y41          FDPE (Remov_EFF2_SLICEL_C_PRE)
                                                     -0.018     1.922    <hidden>
  -------------------------------------------------------------------
                         required time                         -1.922    
                         arrival time                           2.193    
  -------------------------------------------------------------------
                         slack                                  0.271    

Slack (MET) :             0.271ns  (arrival time - required time)
  Source:                 <hidden>
                            (rising edge-triggered cell FDPE clocked by clk_pl_0  {rise@0.000ns fall@2.500ns period=5.000ns})
  Destination:            <hidden>
                            (removal check against rising-edge clock clk_pl_0  {rise@0.000ns fall@2.500ns period=5.000ns})
  Path Group:             **async_default**
  Path Type:              Removal (Min at Fast Process Corner)
  Requirement:            0.000ns  (clk_pl_0 rise@0.000ns - clk_pl_0 rise@0.000ns)
  Data Path Delay:        0.317ns  (logic 0.152ns (47.989%)  route 0.165ns (52.011%))
  Logic Levels:           1  (LUT3=1)
  Clock Path Skew:        0.064ns (DCD - SCD - CPR)
    Destination Clock Delay (DCD):    2.081ns
    Source Clock Delay      (SCD):    1.876ns
    Clock Pessimism Removal (CPR):    0.141ns
  Clock Net Delay (Source):      1.725ns (routing 0.886ns, distribution 0.839ns)
  Clock Net Delay (Destination): 1.894ns (routing 0.971ns, distribution 0.923ns)

    Location             Delay type                Incr(ns)  Path(ns)    Netlist Resource(s)
  -------------------------------------------------------------------    -------------------
                         (clock clk_pl_0 rise edge)
                                                      0.000     0.000 r  
    PS8_X0Y0             PS8                          0.000     0.000 r  system_bringup_i/zynq_ultra_ps_e_0/inst/PS8_i/PLCLK[0]
                         net (fo=1, routed)           0.129     0.129    system_bringup_i/zynq_ultra_ps_e_0/inst/pl_clk_unbuffered[0]
    BUFG_PS_X0Y80        BUFG_PS (Prop_BUFG_PS_I_O)
                                                      0.022     0.151 r  system_bringup_i/zynq_ultra_ps_e_0/inst/buffer_pl_clk_0.PL_CLK_0_BUFG/O
    X1Y1 (CLOCK_ROOT)    net (fo=91111, routed)       1.725     1.876    <hidden>
    SLICE_X1Y40          FDPE                                         r  <hidden>
  -------------------------------------------------------------------    -------------------
    SLICE_X1Y40          FDPE (Prop_BFF2_SLICEM_C_Q)
                                                      0.085     1.961 f  <hidden>
                         net (fo=3, routed)           0.072     2.033    <hidden>
    SLICE_X3Y40          LUT3 (Prop_G6LUT_SLICEL_I2_O)
                                                      0.067     2.100 f  <hidden>
                         net (fo=32, routed)          0.093     2.193    <hidden>
    SLICE_X3Y41          FDPE                                         f  <hidden>
  -------------------------------------------------------------------    -------------------

                         (clock clk_pl_0 rise edge)
                                                      0.000     0.000 r  
    PS8_X0Y0             PS8                          0.000     0.000 r  system_bringup_i/zynq_ultra_ps_e_0/inst/PS8_i/PLCLK[0]
                         net (fo=1, routed)           0.164     0.164    system_bringup_i/zynq_ultra_ps_e_0/inst/pl_clk_unbuffered[0]
    BUFG_PS_X0Y80        BUFG_PS (Prop_BUFG_PS_I_O)
                                                      0.023     0.187 r  system_bringup_i/zynq_ultra_ps_e_0/inst/buffer_pl_clk_0.PL_CLK_0_BUFG/O
    X1Y1 (CLOCK_ROOT)    net (fo=91111, routed)       1.894     2.081    <hidden>
    SLICE_X3Y41          FDPE                                         r  <hidden>
                         clock pessimism             -0.141     1.940    
    SLICE_X3Y41          FDPE (Remov_FFF_SLICEL_C_PRE)
                                                     -0.018     1.922    <hidden>
  -------------------------------------------------------------------
                         required time                         -1.922    
                         arrival time                           2.193    
  -------------------------------------------------------------------
                         slack                                  0.271    

Slack (MET) :             0.271ns  (arrival time - required time)
  Source:                 <hidden>
                            (rising edge-triggered cell FDPE clocked by clk_pl_0  {rise@0.000ns fall@2.500ns period=5.000ns})
  Destination:            <hidden>
                            (removal check against rising-edge clock clk_pl_0  {rise@0.000ns fall@2.500ns period=5.000ns})
  Path Group:             **async_default**
  Path Type:              Removal (Min at Fast Process Corner)
  Requirement:            0.000ns  (clk_pl_0 rise@0.000ns - clk_pl_0 rise@0.000ns)
  Data Path Delay:        0.317ns  (logic 0.152ns (47.989%)  route 0.165ns (52.011%))
  Logic Levels:           1  (LUT3=1)
  Clock Path Skew:        0.064ns (DCD - SCD - CPR)
    Destination Clock Delay (DCD):    2.081ns
    Source Clock Delay      (SCD):    1.876ns
    Clock Pessimism Removal (CPR):    0.141ns
  Clock Net Delay (Source):      1.725ns (routing 0.886ns, distribution 0.839ns)
  Clock Net Delay (Destination): 1.894ns (routing 0.971ns, distribution 0.923ns)

    Location             Delay type                Incr(ns)  Path(ns)    Netlist Resource(s)
  -------------------------------------------------------------------    -------------------
                         (clock clk_pl_0 rise edge)
                                                      0.000     0.000 r  
    PS8_X0Y0             PS8                          0.000     0.000 r  system_bringup_i/zynq_ultra_ps_e_0/inst/PS8_i/PLCLK[0]
                         net (fo=1, routed)           0.129     0.129    system_bringup_i/zynq_ultra_ps_e_0/inst/pl_clk_unbuffered[0]
    BUFG_PS_X0Y80        BUFG_PS (Prop_BUFG_PS_I_O)
                                                      0.022     0.151 r  system_bringup_i/zynq_ultra_ps_e_0/inst/buffer_pl_clk_0.PL_CLK_0_BUFG/O
    X1Y1 (CLOCK_ROOT)    net (fo=91111, routed)       1.725     1.876    <hidden>
    SLICE_X1Y40          FDPE                                         r  <hidden>
  -------------------------------------------------------------------    -------------------
    SLICE_X1Y40          FDPE (Prop_BFF2_SLICEM_C_Q)
                                                      0.085     1.961 f  <hidden>
                         net (fo=3, routed)           0.072     2.033    <hidden>
    SLICE_X3Y40          LUT3 (Prop_G6LUT_SLICEL_I2_O)
                                                      0.067     2.100 f  <hidden>
                         net (fo=32, routed)          0.093     2.193    <hidden>
    SLICE_X3Y41          FDPE                                         f  <hidden>
  -------------------------------------------------------------------    -------------------

                         (clock clk_pl_0 rise edge)
                                                      0.000     0.000 r  
    PS8_X0Y0             PS8                          0.000     0.000 r  system_bringup_i/zynq_ultra_ps_e_0/inst/PS8_i/PLCLK[0]
                         net (fo=1, routed)           0.164     0.164    system_bringup_i/zynq_ultra_ps_e_0/inst/pl_clk_unbuffered[0]
    BUFG_PS_X0Y80        BUFG_PS (Prop_BUFG_PS_I_O)
                                                      0.023     0.187 r  system_bringup_i/zynq_ultra_ps_e_0/inst/buffer_pl_clk_0.PL_CLK_0_BUFG/O
    X1Y1 (CLOCK_ROOT)    net (fo=91111, routed)       1.894     2.081    <hidden>
    SLICE_X3Y41          FDPE                                         r  <hidden>
                         clock pessimism             -0.141     1.940    
    SLICE_X3Y41          FDPE (Remov_FFF2_SLICEL_C_PRE)
                                                     -0.018     1.922    <hidden>
  -------------------------------------------------------------------
                         required time                         -1.922    
                         arrival time                           2.193    
  -------------------------------------------------------------------
                         slack                                  0.271    

Slack (MET) :             0.271ns  (arrival time - required time)
  Source:                 <hidden>
                            (rising edge-triggered cell FDPE clocked by clk_pl_0  {rise@0.000ns fall@2.500ns period=5.000ns})
  Destination:            <hidden>
                            (removal check against rising-edge clock clk_pl_0  {rise@0.000ns fall@2.500ns period=5.000ns})
  Path Group:             **async_default**
  Path Type:              Removal (Min at Fast Process Corner)
  Requirement:            0.000ns  (clk_pl_0 rise@0.000ns - clk_pl_0 rise@0.000ns)
  Data Path Delay:        0.317ns  (logic 0.152ns (47.989%)  route 0.165ns (52.011%))
  Logic Levels:           1  (LUT3=1)
  Clock Path Skew:        0.064ns (DCD - SCD - CPR)
    Destination Clock Delay (DCD):    2.081ns
    Source Clock Delay      (SCD):    1.876ns
    Clock Pessimism Removal (CPR):    0.141ns
  Clock Net Delay (Source):      1.725ns (routing 0.886ns, distribution 0.839ns)
  Clock Net Delay (Destination): 1.894ns (routing 0.971ns, distribution 0.923ns)

    Location             Delay type                Incr(ns)  Path(ns)    Netlist Resource(s)
  -------------------------------------------------------------------    -------------------
                         (clock clk_pl_0 rise edge)
                                                      0.000     0.000 r  
    PS8_X0Y0             PS8                          0.000     0.000 r  system_bringup_i/zynq_ultra_ps_e_0/inst/PS8_i/PLCLK[0]
                         net (fo=1, routed)           0.129     0.129    system_bringup_i/zynq_ultra_ps_e_0/inst/pl_clk_unbuffered[0]
    BUFG_PS_X0Y80        BUFG_PS (Prop_BUFG_PS_I_O)
                                                      0.022     0.151 r  system_bringup_i/zynq_ultra_ps_e_0/inst/buffer_pl_clk_0.PL_CLK_0_BUFG/O
    X1Y1 (CLOCK_ROOT)    net (fo=91111, routed)       1.725     1.876    <hidden>
    SLICE_X1Y40          FDPE                                         r  <hidden>
  -------------------------------------------------------------------    -------------------
    SLICE_X1Y40          FDPE (Prop_BFF2_SLICEM_C_Q)
                                                      0.085     1.961 f  <hidden>
                         net (fo=3, routed)           0.072     2.033    <hidden>
    SLICE_X3Y40          LUT3 (Prop_G6LUT_SLICEL_I2_O)
                                                      0.067     2.100 f  <hidden>
                         net (fo=32, routed)          0.093     2.193    <hidden>
    SLICE_X3Y41          FDCE                                         f  <hidden>
  -------------------------------------------------------------------    -------------------

                         (clock clk_pl_0 rise edge)
                                                      0.000     0.000 r  
    PS8_X0Y0             PS8                          0.000     0.000 r  system_bringup_i/zynq_ultra_ps_e_0/inst/PS8_i/PLCLK[0]
                         net (fo=1, routed)           0.164     0.164    system_bringup_i/zynq_ultra_ps_e_0/inst/pl_clk_unbuffered[0]
    BUFG_PS_X0Y80        BUFG_PS (Prop_BUFG_PS_I_O)
                                                      0.023     0.187 r  system_bringup_i/zynq_ultra_ps_e_0/inst/buffer_pl_clk_0.PL_CLK_0_BUFG/O
    X1Y1 (CLOCK_ROOT)    net (fo=91111, routed)       1.894     2.081    <hidden>
    SLICE_X3Y41          FDCE                                         r  <hidden>
                         clock pessimism             -0.141     1.940    
    SLICE_X3Y41          FDCE (Remov_GFF_SLICEL_C_CLR)
                                                     -0.018     1.922    <hidden>
  -------------------------------------------------------------------
                         required time                         -1.922    
                         arrival time                           2.193    
  -------------------------------------------------------------------
                         slack                                  0.271    

Slack (MET) :             0.271ns  (arrival time - required time)
  Source:                 <hidden>
                            (rising edge-triggered cell FDPE clocked by clk_pl_0  {rise@0.000ns fall@2.500ns period=5.000ns})
  Destination:            <hidden>
                            (removal check against rising-edge clock clk_pl_0  {rise@0.000ns fall@2.500ns period=5.000ns})
  Path Group:             **async_default**
  Path Type:              Removal (Min at Fast Process Corner)
  Requirement:            0.000ns  (clk_pl_0 rise@0.000ns - clk_pl_0 rise@0.000ns)
  Data Path Delay:        0.317ns  (logic 0.152ns (47.989%)  route 0.165ns (52.011%))
  Logic Levels:           1  (LUT3=1)
  Clock Path Skew:        0.064ns (DCD - SCD - CPR)
    Destination Clock Delay (DCD):    2.081ns
    Source Clock Delay      (SCD):    1.876ns
    Clock Pessimism Removal (CPR):    0.141ns
  Clock Net Delay (Source):      1.725ns (routing 0.886ns, distribution 0.839ns)
  Clock Net Delay (Destination): 1.894ns (routing 0.971ns, distribution 0.923ns)

    Location             Delay type                Incr(ns)  Path(ns)    Netlist Resource(s)
  -------------------------------------------------------------------    -------------------
                         (clock clk_pl_0 rise edge)
                                                      0.000     0.000 r  
    PS8_X0Y0             PS8                          0.000     0.000 r  system_bringup_i/zynq_ultra_ps_e_0/inst/PS8_i/PLCLK[0]
                         net (fo=1, routed)           0.129     0.129    system_bringup_i/zynq_ultra_ps_e_0/inst/pl_clk_unbuffered[0]
    BUFG_PS_X0Y80        BUFG_PS (Prop_BUFG_PS_I_O)
                                                      0.022     0.151 r  system_bringup_i/zynq_ultra_ps_e_0/inst/buffer_pl_clk_0.PL_CLK_0_BUFG/O
    X1Y1 (CLOCK_ROOT)    net (fo=91111, routed)       1.725     1.876    <hidden>
    SLICE_X1Y40          FDPE                                         r  <hidden>
  -------------------------------------------------------------------    -------------------
    SLICE_X1Y40          FDPE (Prop_BFF2_SLICEM_C_Q)
                                                      0.085     1.961 f  <hidden>
                         net (fo=3, routed)           0.072     2.033    <hidden>
    SLICE_X3Y40          LUT3 (Prop_G6LUT_SLICEL_I2_O)
                                                      0.067     2.100 f  <hidden>
                         net (fo=32, routed)          0.093     2.193    <hidden>
    SLICE_X3Y41          FDCE                                         f  <hidden>
  -------------------------------------------------------------------    -------------------

                         (clock clk_pl_0 rise edge)
                                                      0.000     0.000 r  
    PS8_X0Y0             PS8                          0.000     0.000 r  system_bringup_i/zynq_ultra_ps_e_0/inst/PS8_i/PLCLK[0]
                         net (fo=1, routed)           0.164     0.164    system_bringup_i/zynq_ultra_ps_e_0/inst/pl_clk_unbuffered[0]
    BUFG_PS_X0Y80        BUFG_PS (Prop_BUFG_PS_I_O)
                                                      0.023     0.187 r  system_bringup_i/zynq_ultra_ps_e_0/inst/buffer_pl_clk_0.PL_CLK_0_BUFG/O
    X1Y1 (CLOCK_ROOT)    net (fo=91111, routed)       1.894     2.081    <hidden>
    SLICE_X3Y41          FDCE                                         r  <hidden>
                         clock pessimism             -0.141     1.940    
    SLICE_X3Y41          FDCE (Remov_GFF2_SLICEL_C_CLR)
                                                     -0.018     1.922    <hidden>
  -------------------------------------------------------------------
                         required time                         -1.922    
                         arrival time                           2.193    
  -------------------------------------------------------------------
                         slack                                  0.271    

Slack (MET) :             0.275ns  (arrival time - required time)
  Source:                 <hidden>
                            (rising edge-triggered cell FDPE clocked by clk_pl_0  {rise@0.000ns fall@2.500ns period=5.000ns})
  Destination:            <hidden>
                            (removal check against rising-edge clock clk_pl_0  {rise@0.000ns fall@2.500ns period=5.000ns})
  Path Group:             **async_default**
  Path Type:              Removal (Min at Fast Process Corner)
  Requirement:            0.000ns  (clk_pl_0 rise@0.000ns - clk_pl_0 rise@0.000ns)
  Data Path Delay:        0.317ns  (logic 0.152ns (47.989%)  route 0.165ns (52.011%))
  Logic Levels:           1  (LUT3=1)
  Clock Path Skew:        0.060ns (DCD - SCD - CPR)
    Destination Clock Delay (DCD):    2.077ns
    Source Clock Delay      (SCD):    1.876ns
    Clock Pessimism Removal (CPR):    0.141ns
  Clock Net Delay (Source):      1.725ns (routing 0.886ns, distribution 0.839ns)
  Clock Net Delay (Destination): 1.890ns (routing 0.971ns, distribution 0.919ns)

    Location             Delay type                Incr(ns)  Path(ns)    Netlist Resource(s)
  -------------------------------------------------------------------    -------------------
                         (clock clk_pl_0 rise edge)
                                                      0.000     0.000 r  
    PS8_X0Y0             PS8                          0.000     0.000 r  system_bringup_i/zynq_ultra_ps_e_0/inst/PS8_i/PLCLK[0]
                         net (fo=1, routed)           0.129     0.129    system_bringup_i/zynq_ultra_ps_e_0/inst/pl_clk_unbuffered[0]
    BUFG_PS_X0Y80        BUFG_PS (Prop_BUFG_PS_I_O)
                                                      0.022     0.151 r  system_bringup_i/zynq_ultra_ps_e_0/inst/buffer_pl_clk_0.PL_CLK_0_BUFG/O
    X1Y1 (CLOCK_ROOT)    net (fo=91111, routed)       1.725     1.876    <hidden>
    SLICE_X1Y40          FDPE                                         r  <hidden>
  -------------------------------------------------------------------    -------------------
    SLICE_X1Y40          FDPE (Prop_BFF2_SLICEM_C_Q)
                                                      0.085     1.961 f  <hidden>
                         net (fo=3, routed)           0.072     2.033    <hidden>
    SLICE_X3Y40          LUT3 (Prop_G6LUT_SLICEL_I2_O)
                                                      0.067     2.100 f  <hidden>
                         net (fo=32, routed)          0.093     2.193    <hidden>
    SLICE_X3Y41          FDCE                                         f  <hidden>
  -------------------------------------------------------------------    -------------------

                         (clock clk_pl_0 rise edge)
                                                      0.000     0.000 r  
    PS8_X0Y0             PS8                          0.000     0.000 r  system_bringup_i/zynq_ultra_ps_e_0/inst/PS8_i/PLCLK[0]
                         net (fo=1, routed)           0.164     0.164    system_bringup_i/zynq_ultra_ps_e_0/inst/pl_clk_unbuffered[0]
    BUFG_PS_X0Y80        BUFG_PS (Prop_BUFG_PS_I_O)
                                                      0.023     0.187 r  system_bringup_i/zynq_ultra_ps_e_0/inst/buffer_pl_clk_0.PL_CLK_0_BUFG/O
    X1Y1 (CLOCK_ROOT)    net (fo=91111, routed)       1.890     2.077    <hidden>
    SLICE_X3Y41          FDCE                                         r  <hidden>
                         clock pessimism             -0.141     1.936    
    SLICE_X3Y41          FDCE (Remov_DFF2_SLICEL_C_CLR)
                                                     -0.018     1.918    <hidden>
  -------------------------------------------------------------------
                         required time                         -1.918    
                         arrival time                           2.193    
  -------------------------------------------------------------------
                         slack                                  0.275    

Slack (MET) :             0.276ns  (arrival time - required time)
  Source:                 <hidden>
                            (rising edge-triggered cell FDPE clocked by clk_pl_0  {rise@0.000ns fall@2.500ns period=5.000ns})
  Destination:            <hidden>
                            (removal check against rising-edge clock clk_pl_0  {rise@0.000ns fall@2.500ns period=5.000ns})
  Path Group:             **async_default**
  Path Type:              Removal (Min at Fast Process Corner)
  Requirement:            0.000ns  (clk_pl_0 rise@0.000ns - clk_pl_0 rise@0.000ns)
  Data Path Delay:        0.324ns  (logic 0.152ns (46.951%)  route 0.172ns (53.049%))
  Logic Levels:           1  (LUT3=1)
  Clock Path Skew:        0.066ns (DCD - SCD - CPR)
    Destination Clock Delay (DCD):    2.083ns
    Source Clock Delay      (SCD):    1.876ns
    Clock Pessimism Removal (CPR):    0.141ns
  Clock Net Delay (Source):      1.725ns (routing 0.886ns, distribution 0.839ns)
  Clock Net Delay (Destination): 1.896ns (routing 0.971ns, distribution 0.925ns)

    Location             Delay type                Incr(ns)  Path(ns)    Netlist Resource(s)
  -------------------------------------------------------------------    -------------------
                         (clock clk_pl_0 rise edge)
                                                      0.000     0.000 r  
    PS8_X0Y0             PS8                          0.000     0.000 r  system_bringup_i/zynq_ultra_ps_e_0/inst/PS8_i/PLCLK[0]
                         net (fo=1, routed)           0.129     0.129    system_bringup_i/zynq_ultra_ps_e_0/inst/pl_clk_unbuffered[0]
    BUFG_PS_X0Y80        BUFG_PS (Prop_BUFG_PS_I_O)
                                                      0.022     0.151 r  system_bringup_i/zynq_ultra_ps_e_0/inst/buffer_pl_clk_0.PL_CLK_0_BUFG/O
    X1Y1 (CLOCK_ROOT)    net (fo=91111, routed)       1.725     1.876    <hidden>
    SLICE_X1Y40          FDPE                                         r  <hidden>
  -------------------------------------------------------------------    -------------------
    SLICE_X1Y40          FDPE (Prop_BFF2_SLICEM_C_Q)
                                                      0.085     1.961 f  <hidden>
                         net (fo=3, routed)           0.072     2.033    <hidden>
    SLICE_X3Y40          LUT3 (Prop_G6LUT_SLICEL_I2_O)
                                                      0.067     2.100 f  <hidden>
                         net (fo=32, routed)          0.100     2.200    <hidden>
    SLICE_X2Y41          FDPE                                         f  <hidden>
  -------------------------------------------------------------------    -------------------

                         (clock clk_pl_0 rise edge)
                                                      0.000     0.000 r  
    PS8_X0Y0             PS8                          0.000     0.000 r  system_bringup_i/zynq_ultra_ps_e_0/inst/PS8_i/PLCLK[0]
                         net (fo=1, routed)           0.164     0.164    system_bringup_i/zynq_ultra_ps_e_0/inst/pl_clk_unbuffered[0]
    BUFG_PS_X0Y80        BUFG_PS (Prop_BUFG_PS_I_O)
                                                      0.023     0.187 r  system_bringup_i/zynq_ultra_ps_e_0/inst/buffer_pl_clk_0.PL_CLK_0_BUFG/O
    X1Y1 (CLOCK_ROOT)    net (fo=91111, routed)       1.896     2.083    <hidden>
    SLICE_X2Y41          FDPE                                         r  <hidden>
                         clock pessimism             -0.141     1.942    
    SLICE_X2Y41          FDPE (Remov_CFF2_SLICEM_C_PRE)
                                                     -0.018     1.924    <hidden>
  -------------------------------------------------------------------
                         required time                         -1.924    
                         arrival time                           2.200    
  -------------------------------------------------------------------
                         slack                                  0.276    

Slack (MET) :             0.276ns  (arrival time - required time)
  Source:                 <hidden>
                            (rising edge-triggered cell FDPE clocked by clk_pl_0  {rise@0.000ns fall@2.500ns period=5.000ns})
  Destination:            <hidden>
                            (removal check against rising-edge clock clk_pl_0  {rise@0.000ns fall@2.500ns period=5.000ns})
  Path Group:             **async_default**
  Path Type:              Removal (Min at Fast Process Corner)
  Requirement:            0.000ns  (clk_pl_0 rise@0.000ns - clk_pl_0 rise@0.000ns)
  Data Path Delay:        0.324ns  (logic 0.152ns (46.951%)  route 0.172ns (53.049%))
  Logic Levels:           1  (LUT3=1)
  Clock Path Skew:        0.066ns (DCD - SCD - CPR)
    Destination Clock Delay (DCD):    2.083ns
    Source Clock Delay      (SCD):    1.876ns
    Clock Pessimism Removal (CPR):    0.141ns
  Clock Net Delay (Source):      1.725ns (routing 0.886ns, distribution 0.839ns)
  Clock Net Delay (Destination): 1.896ns (routing 0.971ns, distribution 0.925ns)

    Location             Delay type                Incr(ns)  Path(ns)    Netlist Resource(s)
  -------------------------------------------------------------------    -------------------
                         (clock clk_pl_0 rise edge)
                                                      0.000     0.000 r  
    PS8_X0Y0             PS8                          0.000     0.000 r  system_bringup_i/zynq_ultra_ps_e_0/inst/PS8_i/PLCLK[0]
                         net (fo=1, routed)           0.129     0.129    system_bringup_i/zynq_ultra_ps_e_0/inst/pl_clk_unbuffered[0]
    BUFG_PS_X0Y80        BUFG_PS (Prop_BUFG_PS_I_O)
                                                      0.022     0.151 r  system_bringup_i/zynq_ultra_ps_e_0/inst/buffer_pl_clk_0.PL_CLK_0_BUFG/O
    X1Y1 (CLOCK_ROOT)    net (fo=91111, routed)       1.725     1.876    <hidden>
    SLICE_X1Y40          FDPE                                         r  <hidden>
  -------------------------------------------------------------------    -------------------
    SLICE_X1Y40          FDPE (Prop_BFF2_SLICEM_C_Q)
                                                      0.085     1.961 f  <hidden>
                         net (fo=3, routed)           0.072     2.033    <hidden>
    SLICE_X3Y40          LUT3 (Prop_G6LUT_SLICEL_I2_O)
                                                      0.067     2.100 f  <hidden>
                         net (fo=32, routed)          0.100     2.200    <hidden>
    SLICE_X2Y41          FDCE                                         f  <hidden>
  -------------------------------------------------------------------    -------------------

                         (clock clk_pl_0 rise edge)
                                                      0.000     0.000 r  
    PS8_X0Y0             PS8                          0.000     0.000 r  system_bringup_i/zynq_ultra_ps_e_0/inst/PS8_i/PLCLK[0]
                         net (fo=1, routed)           0.164     0.164    system_bringup_i/zynq_ultra_ps_e_0/inst/pl_clk_unbuffered[0]
    BUFG_PS_X0Y80        BUFG_PS (Prop_BUFG_PS_I_O)
                                                      0.023     0.187 r  system_bringup_i/zynq_ultra_ps_e_0/inst/buffer_pl_clk_0.PL_CLK_0_BUFG/O
    X1Y1 (CLOCK_ROOT)    net (fo=91111, routed)       1.896     2.083    <hidden>
    SLICE_X2Y41          FDCE                                         r  <hidden>
                         clock pessimism             -0.141     1.942    
    SLICE_X2Y41          FDCE (Remov_BFF2_SLICEM_C_CLR)
                                                     -0.018     1.924    <hidden>
  -------------------------------------------------------------------
                         required time                         -1.924    
                         arrival time                           2.200    
  -------------------------------------------------------------------
                         slack                                  0.276    

Slack (MET) :             0.276ns  (arrival time - required time)
  Source:                 <hidden>
                            (rising edge-triggered cell FDPE clocked by clk_pl_0  {rise@0.000ns fall@2.500ns period=5.000ns})
  Destination:            <hidden>
                            (removal check against rising-edge clock clk_pl_0  {rise@0.000ns fall@2.500ns period=5.000ns})
  Path Group:             **async_default**
  Path Type:              Removal (Min at Fast Process Corner)
  Requirement:            0.000ns  (clk_pl_0 rise@0.000ns - clk_pl_0 rise@0.000ns)
  Data Path Delay:        0.324ns  (logic 0.152ns (46.951%)  route 0.172ns (53.049%))
  Logic Levels:           1  (LUT3=1)
  Clock Path Skew:        0.066ns (DCD - SCD - CPR)
    Destination Clock Delay (DCD):    2.083ns
    Source Clock Delay      (SCD):    1.876ns
    Clock Pessimism Removal (CPR):    0.141ns
  Clock Net Delay (Source):      1.725ns (routing 0.886ns, distribution 0.839ns)
  Clock Net Delay (Destination): 1.896ns (routing 0.971ns, distribution 0.925ns)

    Location             Delay type                Incr(ns)  Path(ns)    Netlist Resource(s)
  -------------------------------------------------------------------    -------------------
                         (clock clk_pl_0 rise edge)
                                                      0.000     0.000 r  
    PS8_X0Y0             PS8                          0.000     0.000 r  system_bringup_i/zynq_ultra_ps_e_0/inst/PS8_i/PLCLK[0]
                         net (fo=1, routed)           0.129     0.129    system_bringup_i/zynq_ultra_ps_e_0/inst/pl_clk_unbuffered[0]
    BUFG_PS_X0Y80        BUFG_PS (Prop_BUFG_PS_I_O)
                                                      0.022     0.151 r  system_bringup_i/zynq_ultra_ps_e_0/inst/buffer_pl_clk_0.PL_CLK_0_BUFG/O
    X1Y1 (CLOCK_ROOT)    net (fo=91111, routed)       1.725     1.876    <hidden>
    SLICE_X1Y40          FDPE                                         r  <hidden>
  -------------------------------------------------------------------    -------------------
    SLICE_X1Y40          FDPE (Prop_BFF2_SLICEM_C_Q)
                                                      0.085     1.961 f  <hidden>
                         net (fo=3, routed)           0.072     2.033    <hidden>
    SLICE_X3Y40          LUT3 (Prop_G6LUT_SLICEL_I2_O)
                                                      0.067     2.100 f  <hidden>
                         net (fo=32, routed)          0.100     2.200    <hidden>
    SLICE_X2Y41          FDCE                                         f  <hidden>
  -------------------------------------------------------------------    -------------------

                         (clock clk_pl_0 rise edge)
                                                      0.000     0.000 r  
    PS8_X0Y0             PS8                          0.000     0.000 r  system_bringup_i/zynq_ultra_ps_e_0/inst/PS8_i/PLCLK[0]
                         net (fo=1, routed)           0.164     0.164    system_bringup_i/zynq_ultra_ps_e_0/inst/pl_clk_unbuffered[0]
    BUFG_PS_X0Y80        BUFG_PS (Prop_BUFG_PS_I_O)
                                                      0.023     0.187 r  system_bringup_i/zynq_ultra_ps_e_0/inst/buffer_pl_clk_0.PL_CLK_0_BUFG/O
    X1Y1 (CLOCK_ROOT)    net (fo=91111, routed)       1.896     2.083    <hidden>
    SLICE_X2Y41          FDCE                                         r  <hidden>
                         clock pessimism             -0.141     1.942    
    SLICE_X2Y41          FDCE (Remov_DFF_SLICEM_C_CLR)
                                                     -0.018     1.924    <hidden>
  -------------------------------------------------------------------
                         required time                         -1.924    
                         arrival time                           2.200    
  -------------------------------------------------------------------
                         slack                                  0.276    





--------------------------------------------------------------------------------------
Path Group:  (none)
From Clock:  
  To Clock:  clk_pl_0

Max Delay             1 Endpoint
Min Delay             1 Endpoint
--------------------------------------------------------------------------------------


Max Delay Paths
--------------------------------------------------------------------------------------
Slack:                    inf
  Source:                 system_bringup_i/zynq_ultra_ps_e_0/inst/PS8_i/EMIOGPIOO[95]
                            (internal pin)
  Destination:            system_bringup_i/rst_ps8_0_199M/U0/EXT_LPF/ACTIVE_LOW_EXT.ACT_LO_EXT/GENERATE_LEVEL_P_S_CDC.SINGLE_BIT.CROSS_PLEVEL_IN2SCNDRY_IN_cdc_to/D
                            (rising edge-triggered cell FDRE clocked by clk_pl_0  {rise@0.000ns fall@2.500ns period=5.000ns})
  Path Group:             (none)
  Path Type:              Setup (Max at Slow Process Corner)
  Data Path Delay:        0.729ns  (logic 0.227ns (31.139%)  route 0.502ns (68.861%))
  Logic Levels:           1  (LUT1=1)
  Clock Uncertainty:      0.127ns  ((TSJ^2 + DJ^2)^1/2) / 2 + PE
    Total System Jitter     (TSJ):    0.050ns
    Discrete Jitter          (DJ):    0.248ns
    Phase Error              (PE):    0.000ns
  Clock Net Delay (Destination): 2.873ns (routing 1.450ns, distribution 1.423ns)
  Timing Exception:       False Path

    Location             Delay type                Incr(ns)  Path(ns)    Netlist Resource(s)
  -------------------------------------------------------------------    -------------------
    PS8_X0Y0             PS8                          0.000     0.000 f  system_bringup_i/zynq_ultra_ps_e_0/inst/PS8_i/EMIOGPIOO[95]
                         net (fo=1, routed)           0.293     0.293    system_bringup_i/rst_ps8_0_199M/U0/EXT_LPF/ACTIVE_LOW_EXT.ACT_LO_EXT/ext_reset_in
    SLICE_X0Y239         LUT1 (Prop_H6LUT_SLICEL_I0_O)
                                                      0.227     0.520 r  system_bringup_i/rst_ps8_0_199M/U0/EXT_LPF/ACTIVE_LOW_EXT.ACT_LO_EXT/GENERATE_LEVEL_P_S_CDC.SINGLE_BIT.CROSS_PLEVEL_IN2SCNDRY_IN_cdc_to_i_1/O
                         net (fo=1, routed)           0.209     0.729    system_bringup_i/rst_ps8_0_199M/U0/EXT_LPF/ACTIVE_LOW_EXT.ACT_LO_EXT/exr_d1
    SLICE_X0Y239         FDRE                                         r  system_bringup_i/rst_ps8_0_199M/U0/EXT_LPF/ACTIVE_LOW_EXT.ACT_LO_EXT/GENERATE_LEVEL_P_S_CDC.SINGLE_BIT.CROSS_PLEVEL_IN2SCNDRY_IN_cdc_to/D
  -------------------------------------------------------------------    -------------------

                         (clock clk_pl_0 rise edge)
                                                      0.000     0.000 r  
    PS8_X0Y0             PS8                          0.000     0.000 r  system_bringup_i/zynq_ultra_ps_e_0/inst/PS8_i/PLCLK[0]
                         net (fo=1, routed)           0.181     0.181    system_bringup_i/zynq_ultra_ps_e_0/inst/pl_clk_unbuffered[0]
    BUFG_PS_X0Y80        BUFG_PS (Prop_BUFG_PS_I_O)
                                                      0.035     0.216 r  system_bringup_i/zynq_ultra_ps_e_0/inst/buffer_pl_clk_0.PL_CLK_0_BUFG/O
    X1Y1 (CLOCK_ROOT)    net (fo=91111, routed)       2.873     3.089    system_bringup_i/rst_ps8_0_199M/U0/EXT_LPF/ACTIVE_LOW_EXT.ACT_LO_EXT/slowest_sync_clk
    SLICE_X0Y239         FDRE                                         r  system_bringup_i/rst_ps8_0_199M/U0/EXT_LPF/ACTIVE_LOW_EXT.ACT_LO_EXT/GENERATE_LEVEL_P_S_CDC.SINGLE_BIT.CROSS_PLEVEL_IN2SCNDRY_IN_cdc_to/C





Min Delay Paths
--------------------------------------------------------------------------------------
Slack:                    inf
  Source:                 system_bringup_i/zynq_ultra_ps_e_0/inst/PS8_i/EMIOGPIOO[95]
                            (internal pin)
  Destination:            system_bringup_i/rst_ps8_0_199M/U0/EXT_LPF/ACTIVE_LOW_EXT.ACT_LO_EXT/GENERATE_LEVEL_P_S_CDC.SINGLE_BIT.CROSS_PLEVEL_IN2SCNDRY_IN_cdc_to/D
                            (rising edge-triggered cell FDRE clocked by clk_pl_0  {rise@0.000ns fall@2.500ns period=5.000ns})
  Path Group:             (none)
  Path Type:              Hold (Min at Fast Process Corner)
  Data Path Delay:        0.277ns  (logic 0.104ns (37.545%)  route 0.173ns (62.455%))
  Logic Levels:           1  (LUT1=1)
  Clock Uncertainty:      0.127ns  ((TSJ^2 + DJ^2)^1/2) / 2 + PE
    Total System Jitter     (TSJ):    0.050ns
    Discrete Jitter          (DJ):    0.248ns
    Phase Error              (PE):    0.000ns
  Clock Net Delay (Destination): 1.916ns (routing 0.971ns, distribution 0.945ns)
  Timing Exception:       False Path

    Location             Delay type                Incr(ns)  Path(ns)    Netlist Resource(s)
  -------------------------------------------------------------------    -------------------
    PS8_X0Y0             PS8                          0.000     0.000 f  system_bringup_i/zynq_ultra_ps_e_0/inst/PS8_i/EMIOGPIOO[95]
                         net (fo=1, routed)           0.119     0.119    system_bringup_i/rst_ps8_0_199M/U0/EXT_LPF/ACTIVE_LOW_EXT.ACT_LO_EXT/ext_reset_in
    SLICE_X0Y239         LUT1 (Prop_H6LUT_SLICEL_I0_O)
                                                      0.104     0.223 r  system_bringup_i/rst_ps8_0_199M/U0/EXT_LPF/ACTIVE_LOW_EXT.ACT_LO_EXT/GENERATE_LEVEL_P_S_CDC.SINGLE_BIT.CROSS_PLEVEL_IN2SCNDRY_IN_cdc_to_i_1/O
                         net (fo=1, routed)           0.054     0.277    system_bringup_i/rst_ps8_0_199M/U0/EXT_LPF/ACTIVE_LOW_EXT.ACT_LO_EXT/exr_d1
    SLICE_X0Y239         FDRE                                         r  system_bringup_i/rst_ps8_0_199M/U0/EXT_LPF/ACTIVE_LOW_EXT.ACT_LO_EXT/GENERATE_LEVEL_P_S_CDC.SINGLE_BIT.CROSS_PLEVEL_IN2SCNDRY_IN_cdc_to/D
  -------------------------------------------------------------------    -------------------

                         (clock clk_pl_0 rise edge)
                                                      0.000     0.000 r  
    PS8_X0Y0             PS8                          0.000     0.000 r  system_bringup_i/zynq_ultra_ps_e_0/inst/PS8_i/PLCLK[0]
                         net (fo=1, routed)           0.164     0.164    system_bringup_i/zynq_ultra_ps_e_0/inst/pl_clk_unbuffered[0]
    BUFG_PS_X0Y80        BUFG_PS (Prop_BUFG_PS_I_O)
                                                      0.023     0.187 r  system_bringup_i/zynq_ultra_ps_e_0/inst/buffer_pl_clk_0.PL_CLK_0_BUFG/O
    X1Y1 (CLOCK_ROOT)    net (fo=91111, routed)       1.916     2.103    system_bringup_i/rst_ps8_0_199M/U0/EXT_LPF/ACTIVE_LOW_EXT.ACT_LO_EXT/slowest_sync_clk
    SLICE_X0Y239         FDRE                                         r  system_bringup_i/rst_ps8_0_199M/U0/EXT_LPF/ACTIVE_LOW_EXT.ACT_LO_EXT/GENERATE_LEVEL_P_S_CDC.SINGLE_BIT.CROSS_PLEVEL_IN2SCNDRY_IN_cdc_to/C





--------------------------------------------------------------------------------------
Path Group:  (none)
From Clock:  clk_pl_0
  To Clock:  clk_pl_0

Max Delay           163 Endpoints
Min Delay           163 Endpoints
--------------------------------------------------------------------------------------


Max Delay Paths
--------------------------------------------------------------------------------------
Slack:                    inf
  Source:                 system_bringup_i/smartconnect_hp0/inst/clk_map/psr_aclk/U0/ACTIVE_LOW_BSR_OUT_DFF[0].FDRE_BSR_N/C
                            (rising edge-triggered cell FDRE clocked by clk_pl_0  {rise@0.000ns fall@2.500ns period=5.000ns})
  Destination:            <hidden>
                            (recovery check against rising-edge clock clk_pl_0  {rise@0.000ns fall@2.500ns period=5.000ns})
  Path Group:             (none)
  Path Type:              Recovery (Max at Slow Process Corner)
  Data Path Delay:        3.170ns  (logic 0.113ns (3.565%)  route 3.057ns (96.435%))
  Logic Levels:           0  
  Clock Path Skew:        -0.486ns (DCD - SCD + CPR)
    Destination Clock Delay (DCD):    2.973ns
    Source Clock Delay      (SCD):    3.459ns
    Clock Pessimism Removal (CPR):    0.000ns
  Clock Uncertainty:      0.129ns  ((TSJ^2 + DJ^2)^1/2) / 2 + PE
    Total System Jitter     (TSJ):    0.071ns
    Discrete Jitter          (DJ):    0.248ns
    Phase Error              (PE):    0.000ns
  Clock Net Delay (Source):      3.192ns (routing 1.584ns, distribution 1.608ns)
  Clock Net Delay (Destination): 2.757ns (routing 1.450ns, distribution 1.307ns)
  Timing Exception:       False Path

    Location             Delay type                Incr(ns)  Path(ns)    Netlist Resource(s)
  -------------------------------------------------------------------    -------------------
                         (clock clk_pl_0 rise edge)
                                                      0.000     0.000 r  
    PS8_X0Y0             PS8                          0.000     0.000 r  system_bringup_i/zynq_ultra_ps_e_0/inst/PS8_i/PLCLK[0]
                         net (fo=1, routed)           0.229     0.229    system_bringup_i/zynq_ultra_ps_e_0/inst/pl_clk_unbuffered[0]
    BUFG_PS_X0Y80        BUFG_PS (Prop_BUFG_PS_I_O)
                                                      0.038     0.267 r  system_bringup_i/zynq_ultra_ps_e_0/inst/buffer_pl_clk_0.PL_CLK_0_BUFG/O
    X1Y1 (CLOCK_ROOT)    net (fo=91111, routed)       3.192     3.459    system_bringup_i/smartconnect_hp0/inst/clk_map/psr_aclk/U0/aclk
    SLICE_X2Y197         FDRE                                         r  system_bringup_i/smartconnect_hp0/inst/clk_map/psr_aclk/U0/ACTIVE_LOW_BSR_OUT_DFF[0].FDRE_BSR_N/C
  -------------------------------------------------------------------    -------------------
    SLICE_X2Y197         FDRE (Prop_EFF_SLICEM_C_Q)
                                                      0.113     3.572 r  system_bringup_i/smartconnect_hp0/inst/clk_map/psr_aclk/U0/ACTIVE_LOW_BSR_OUT_DFF[0].FDRE_BSR_N/Q
                         net (fo=156, routed)         3.057     6.629    <hidden>
    SLICE_X43Y164        FDCE                                         f  <hidden>  (IS_INVERTED)
  -------------------------------------------------------------------    -------------------

                         (clock clk_pl_0 rise edge)
                                                      0.000     0.000 r  
    PS8_X0Y0             PS8                          0.000     0.000 r  system_bringup_i/zynq_ultra_ps_e_0/inst/PS8_i/PLCLK[0]
                         net (fo=1, routed)           0.181     0.181    system_bringup_i/zynq_ultra_ps_e_0/inst/pl_clk_unbuffered[0]
    BUFG_PS_X0Y80        BUFG_PS (Prop_BUFG_PS_I_O)
                                                      0.035     0.216 r  system_bringup_i/zynq_ultra_ps_e_0/inst/buffer_pl_clk_0.PL_CLK_0_BUFG/O
    X1Y1 (CLOCK_ROOT)    net (fo=91111, routed)       2.757     2.973    <hidden>
    SLICE_X43Y164        FDCE                                         r  <hidden>

Slack:                    inf
  Source:                 system_bringup_i/smartconnect_hp0/inst/clk_map/psr_aclk/U0/ACTIVE_LOW_BSR_OUT_DFF[0].FDRE_BSR_N/C
                            (rising edge-triggered cell FDRE clocked by clk_pl_0  {rise@0.000ns fall@2.500ns period=5.000ns})
  Destination:            <hidden>
                            (recovery check against rising-edge clock clk_pl_0  {rise@0.000ns fall@2.500ns period=5.000ns})
  Path Group:             (none)
  Path Type:              Recovery (Max at Slow Process Corner)
  Data Path Delay:        3.170ns  (logic 0.113ns (3.565%)  route 3.057ns (96.435%))
  Logic Levels:           0  
  Clock Path Skew:        -0.486ns (DCD - SCD + CPR)
    Destination Clock Delay (DCD):    2.973ns
    Source Clock Delay      (SCD):    3.459ns
    Clock Pessimism Removal (CPR):    0.000ns
  Clock Uncertainty:      0.129ns  ((TSJ^2 + DJ^2)^1/2) / 2 + PE
    Total System Jitter     (TSJ):    0.071ns
    Discrete Jitter          (DJ):    0.248ns
    Phase Error              (PE):    0.000ns
  Clock Net Delay (Source):      3.192ns (routing 1.584ns, distribution 1.608ns)
  Clock Net Delay (Destination): 2.757ns (routing 1.450ns, distribution 1.307ns)
  Timing Exception:       False Path

    Location             Delay type                Incr(ns)  Path(ns)    Netlist Resource(s)
  -------------------------------------------------------------------    -------------------
                         (clock clk_pl_0 rise edge)
                                                      0.000     0.000 r  
    PS8_X0Y0             PS8                          0.000     0.000 r  system_bringup_i/zynq_ultra_ps_e_0/inst/PS8_i/PLCLK[0]
                         net (fo=1, routed)           0.229     0.229    system_bringup_i/zynq_ultra_ps_e_0/inst/pl_clk_unbuffered[0]
    BUFG_PS_X0Y80        BUFG_PS (Prop_BUFG_PS_I_O)
                                                      0.038     0.267 r  system_bringup_i/zynq_ultra_ps_e_0/inst/buffer_pl_clk_0.PL_CLK_0_BUFG/O
    X1Y1 (CLOCK_ROOT)    net (fo=91111, routed)       3.192     3.459    system_bringup_i/smartconnect_hp0/inst/clk_map/psr_aclk/U0/aclk
    SLICE_X2Y197         FDRE                                         r  system_bringup_i/smartconnect_hp0/inst/clk_map/psr_aclk/U0/ACTIVE_LOW_BSR_OUT_DFF[0].FDRE_BSR_N/C
  -------------------------------------------------------------------    -------------------
    SLICE_X2Y197         FDRE (Prop_EFF_SLICEM_C_Q)
                                                      0.113     3.572 r  system_bringup_i/smartconnect_hp0/inst/clk_map/psr_aclk/U0/ACTIVE_LOW_BSR_OUT_DFF[0].FDRE_BSR_N/Q
                         net (fo=156, routed)         3.057     6.629    <hidden>
    SLICE_X43Y164        FDCE                                         f  <hidden>  (IS_INVERTED)
  -------------------------------------------------------------------    -------------------

                         (clock clk_pl_0 rise edge)
                                                      0.000     0.000 r  
    PS8_X0Y0             PS8                          0.000     0.000 r  system_bringup_i/zynq_ultra_ps_e_0/inst/PS8_i/PLCLK[0]
                         net (fo=1, routed)           0.181     0.181    system_bringup_i/zynq_ultra_ps_e_0/inst/pl_clk_unbuffered[0]
    BUFG_PS_X0Y80        BUFG_PS (Prop_BUFG_PS_I_O)
                                                      0.035     0.216 r  system_bringup_i/zynq_ultra_ps_e_0/inst/buffer_pl_clk_0.PL_CLK_0_BUFG/O
    X1Y1 (CLOCK_ROOT)    net (fo=91111, routed)       2.757     2.973    <hidden>
    SLICE_X43Y164        FDCE                                         r  <hidden>

Slack:                    inf
  Source:                 system_bringup_i/smartconnect_hp0/inst/clk_map/psr_aclk/U0/ACTIVE_LOW_BSR_OUT_DFF[0].FDRE_BSR_N/C
                            (rising edge-triggered cell FDRE clocked by clk_pl_0  {rise@0.000ns fall@2.500ns period=5.000ns})
  Destination:            <hidden>
                            (recovery check against rising-edge clock clk_pl_0  {rise@0.000ns fall@2.500ns period=5.000ns})
  Path Group:             (none)
  Path Type:              Recovery (Max at Slow Process Corner)
  Data Path Delay:        3.170ns  (logic 0.113ns (3.565%)  route 3.057ns (96.435%))
  Logic Levels:           0  
  Clock Path Skew:        -0.486ns (DCD - SCD + CPR)
    Destination Clock Delay (DCD):    2.973ns
    Source Clock Delay      (SCD):    3.459ns
    Clock Pessimism Removal (CPR):    0.000ns
  Clock Uncertainty:      0.129ns  ((TSJ^2 + DJ^2)^1/2) / 2 + PE
    Total System Jitter     (TSJ):    0.071ns
    Discrete Jitter          (DJ):    0.248ns
    Phase Error              (PE):    0.000ns
  Clock Net Delay (Source):      3.192ns (routing 1.584ns, distribution 1.608ns)
  Clock Net Delay (Destination): 2.757ns (routing 1.450ns, distribution 1.307ns)
  Timing Exception:       False Path

    Location             Delay type                Incr(ns)  Path(ns)    Netlist Resource(s)
  -------------------------------------------------------------------    -------------------
                         (clock clk_pl_0 rise edge)
                                                      0.000     0.000 r  
    PS8_X0Y0             PS8                          0.000     0.000 r  system_bringup_i/zynq_ultra_ps_e_0/inst/PS8_i/PLCLK[0]
                         net (fo=1, routed)           0.229     0.229    system_bringup_i/zynq_ultra_ps_e_0/inst/pl_clk_unbuffered[0]
    BUFG_PS_X0Y80        BUFG_PS (Prop_BUFG_PS_I_O)
                                                      0.038     0.267 r  system_bringup_i/zynq_ultra_ps_e_0/inst/buffer_pl_clk_0.PL_CLK_0_BUFG/O
    X1Y1 (CLOCK_ROOT)    net (fo=91111, routed)       3.192     3.459    system_bringup_i/smartconnect_hp0/inst/clk_map/psr_aclk/U0/aclk
    SLICE_X2Y197         FDRE                                         r  system_bringup_i/smartconnect_hp0/inst/clk_map/psr_aclk/U0/ACTIVE_LOW_BSR_OUT_DFF[0].FDRE_BSR_N/C
  -------------------------------------------------------------------    -------------------
    SLICE_X2Y197         FDRE (Prop_EFF_SLICEM_C_Q)
                                                      0.113     3.572 r  system_bringup_i/smartconnect_hp0/inst/clk_map/psr_aclk/U0/ACTIVE_LOW_BSR_OUT_DFF[0].FDRE_BSR_N/Q
                         net (fo=156, routed)         3.057     6.629    <hidden>
    SLICE_X43Y164        FDCE                                         f  <hidden>  (IS_INVERTED)
  -------------------------------------------------------------------    -------------------

                         (clock clk_pl_0 rise edge)
                                                      0.000     0.000 r  
    PS8_X0Y0             PS8                          0.000     0.000 r  system_bringup_i/zynq_ultra_ps_e_0/inst/PS8_i/PLCLK[0]
                         net (fo=1, routed)           0.181     0.181    system_bringup_i/zynq_ultra_ps_e_0/inst/pl_clk_unbuffered[0]
    BUFG_PS_X0Y80        BUFG_PS (Prop_BUFG_PS_I_O)
                                                      0.035     0.216 r  system_bringup_i/zynq_ultra_ps_e_0/inst/buffer_pl_clk_0.PL_CLK_0_BUFG/O
    X1Y1 (CLOCK_ROOT)    net (fo=91111, routed)       2.757     2.973    <hidden>
    SLICE_X43Y164        FDCE                                         r  <hidden>

Slack:                    inf
  Source:                 system_bringup_i/smartconnect_hp0/inst/clk_map/psr_aclk/U0/ACTIVE_LOW_BSR_OUT_DFF[0].FDRE_BSR_N/C
                            (rising edge-triggered cell FDRE clocked by clk_pl_0  {rise@0.000ns fall@2.500ns period=5.000ns})
  Destination:            <hidden>
                            (recovery check against rising-edge clock clk_pl_0  {rise@0.000ns fall@2.500ns period=5.000ns})
  Path Group:             (none)
  Path Type:              Recovery (Max at Slow Process Corner)
  Data Path Delay:        3.167ns  (logic 0.113ns (3.568%)  route 3.054ns (96.432%))
  Logic Levels:           0  
  Clock Path Skew:        -0.486ns (DCD - SCD + CPR)
    Destination Clock Delay (DCD):    2.973ns
    Source Clock Delay      (SCD):    3.459ns
    Clock Pessimism Removal (CPR):    0.000ns
  Clock Uncertainty:      0.129ns  ((TSJ^2 + DJ^2)^1/2) / 2 + PE
    Total System Jitter     (TSJ):    0.071ns
    Discrete Jitter          (DJ):    0.248ns
    Phase Error              (PE):    0.000ns
  Clock Net Delay (Source):      3.192ns (routing 1.584ns, distribution 1.608ns)
  Clock Net Delay (Destination): 2.757ns (routing 1.450ns, distribution 1.307ns)
  Timing Exception:       False Path

    Location             Delay type                Incr(ns)  Path(ns)    Netlist Resource(s)
  -------------------------------------------------------------------    -------------------
                         (clock clk_pl_0 rise edge)
                                                      0.000     0.000 r  
    PS8_X0Y0             PS8                          0.000     0.000 r  system_bringup_i/zynq_ultra_ps_e_0/inst/PS8_i/PLCLK[0]
                         net (fo=1, routed)           0.229     0.229    system_bringup_i/zynq_ultra_ps_e_0/inst/pl_clk_unbuffered[0]
    BUFG_PS_X0Y80        BUFG_PS (Prop_BUFG_PS_I_O)
                                                      0.038     0.267 r  system_bringup_i/zynq_ultra_ps_e_0/inst/buffer_pl_clk_0.PL_CLK_0_BUFG/O
    X1Y1 (CLOCK_ROOT)    net (fo=91111, routed)       3.192     3.459    system_bringup_i/smartconnect_hp0/inst/clk_map/psr_aclk/U0/aclk
    SLICE_X2Y197         FDRE                                         r  system_bringup_i/smartconnect_hp0/inst/clk_map/psr_aclk/U0/ACTIVE_LOW_BSR_OUT_DFF[0].FDRE_BSR_N/C
  -------------------------------------------------------------------    -------------------
    SLICE_X2Y197         FDRE (Prop_EFF_SLICEM_C_Q)
                                                      0.113     3.572 r  system_bringup_i/smartconnect_hp0/inst/clk_map/psr_aclk/U0/ACTIVE_LOW_BSR_OUT_DFF[0].FDRE_BSR_N/Q
                         net (fo=156, routed)         3.054     6.626    <hidden>
    SLICE_X43Y164        FDCE                                         f  <hidden>  (IS_INVERTED)
  -------------------------------------------------------------------    -------------------

                         (clock clk_pl_0 rise edge)
                                                      0.000     0.000 r  
    PS8_X0Y0             PS8                          0.000     0.000 r  system_bringup_i/zynq_ultra_ps_e_0/inst/PS8_i/PLCLK[0]
                         net (fo=1, routed)           0.181     0.181    system_bringup_i/zynq_ultra_ps_e_0/inst/pl_clk_unbuffered[0]
    BUFG_PS_X0Y80        BUFG_PS (Prop_BUFG_PS_I_O)
                                                      0.035     0.216 r  system_bringup_i/zynq_ultra_ps_e_0/inst/buffer_pl_clk_0.PL_CLK_0_BUFG/O
    X1Y1 (CLOCK_ROOT)    net (fo=91111, routed)       2.757     2.973    <hidden>
    SLICE_X43Y164        FDCE                                         r  <hidden>

Slack:                    inf
  Source:                 system_bringup_i/smartconnect_hp0/inst/clk_map/psr_aclk/U0/ACTIVE_LOW_BSR_OUT_DFF[0].FDRE_BSR_N/C
                            (rising edge-triggered cell FDRE clocked by clk_pl_0  {rise@0.000ns fall@2.500ns period=5.000ns})
  Destination:            <hidden>
                            (recovery check against rising-edge clock clk_pl_0  {rise@0.000ns fall@2.500ns period=5.000ns})
  Path Group:             (none)
  Path Type:              Recovery (Max at Slow Process Corner)
  Data Path Delay:        3.167ns  (logic 0.113ns (3.568%)  route 3.054ns (96.432%))
  Logic Levels:           0  
  Clock Path Skew:        -0.486ns (DCD - SCD + CPR)
    Destination Clock Delay (DCD):    2.973ns
    Source Clock Delay      (SCD):    3.459ns
    Clock Pessimism Removal (CPR):    0.000ns
  Clock Uncertainty:      0.129ns  ((TSJ^2 + DJ^2)^1/2) / 2 + PE
    Total System Jitter     (TSJ):    0.071ns
    Discrete Jitter          (DJ):    0.248ns
    Phase Error              (PE):    0.000ns
  Clock Net Delay (Source):      3.192ns (routing 1.584ns, distribution 1.608ns)
  Clock Net Delay (Destination): 2.757ns (routing 1.450ns, distribution 1.307ns)
  Timing Exception:       False Path

    Location             Delay type                Incr(ns)  Path(ns)    Netlist Resource(s)
  -------------------------------------------------------------------    -------------------
                         (clock clk_pl_0 rise edge)
                                                      0.000     0.000 r  
    PS8_X0Y0             PS8                          0.000     0.000 r  system_bringup_i/zynq_ultra_ps_e_0/inst/PS8_i/PLCLK[0]
                         net (fo=1, routed)           0.229     0.229    system_bringup_i/zynq_ultra_ps_e_0/inst/pl_clk_unbuffered[0]
    BUFG_PS_X0Y80        BUFG_PS (Prop_BUFG_PS_I_O)
                                                      0.038     0.267 r  system_bringup_i/zynq_ultra_ps_e_0/inst/buffer_pl_clk_0.PL_CLK_0_BUFG/O
    X1Y1 (CLOCK_ROOT)    net (fo=91111, routed)       3.192     3.459    system_bringup_i/smartconnect_hp0/inst/clk_map/psr_aclk/U0/aclk
    SLICE_X2Y197         FDRE                                         r  system_bringup_i/smartconnect_hp0/inst/clk_map/psr_aclk/U0/ACTIVE_LOW_BSR_OUT_DFF[0].FDRE_BSR_N/C
  -------------------------------------------------------------------    -------------------
    SLICE_X2Y197         FDRE (Prop_EFF_SLICEM_C_Q)
                                                      0.113     3.572 r  system_bringup_i/smartconnect_hp0/inst/clk_map/psr_aclk/U0/ACTIVE_LOW_BSR_OUT_DFF[0].FDRE_BSR_N/Q
                         net (fo=156, routed)         3.054     6.626    <hidden>
    SLICE_X43Y164        FDCE                                         f  <hidden>  (IS_INVERTED)
  -------------------------------------------------------------------    -------------------

                         (clock clk_pl_0 rise edge)
                                                      0.000     0.000 r  
    PS8_X0Y0             PS8                          0.000     0.000 r  system_bringup_i/zynq_ultra_ps_e_0/inst/PS8_i/PLCLK[0]
                         net (fo=1, routed)           0.181     0.181    system_bringup_i/zynq_ultra_ps_e_0/inst/pl_clk_unbuffered[0]
    BUFG_PS_X0Y80        BUFG_PS (Prop_BUFG_PS_I_O)
                                                      0.035     0.216 r  system_bringup_i/zynq_ultra_ps_e_0/inst/buffer_pl_clk_0.PL_CLK_0_BUFG/O
    X1Y1 (CLOCK_ROOT)    net (fo=91111, routed)       2.757     2.973    <hidden>
    SLICE_X43Y164        FDCE                                         r  <hidden>

Slack:                    inf
  Source:                 system_bringup_i/smartconnect_hp0/inst/clk_map/psr_aclk/U0/ACTIVE_LOW_BSR_OUT_DFF[0].FDRE_BSR_N/C
                            (rising edge-triggered cell FDRE clocked by clk_pl_0  {rise@0.000ns fall@2.500ns period=5.000ns})
  Destination:            <hidden>
                            (recovery check against rising-edge clock clk_pl_0  {rise@0.000ns fall@2.500ns period=5.000ns})
  Path Group:             (none)
  Path Type:              Recovery (Max at Slow Process Corner)
  Data Path Delay:        3.167ns  (logic 0.113ns (3.568%)  route 3.054ns (96.432%))
  Logic Levels:           0  
  Clock Path Skew:        -0.486ns (DCD - SCD + CPR)
    Destination Clock Delay (DCD):    2.973ns
    Source Clock Delay      (SCD):    3.459ns
    Clock Pessimism Removal (CPR):    0.000ns
  Clock Uncertainty:      0.129ns  ((TSJ^2 + DJ^2)^1/2) / 2 + PE
    Total System Jitter     (TSJ):    0.071ns
    Discrete Jitter          (DJ):    0.248ns
    Phase Error              (PE):    0.000ns
  Clock Net Delay (Source):      3.192ns (routing 1.584ns, distribution 1.608ns)
  Clock Net Delay (Destination): 2.757ns (routing 1.450ns, distribution 1.307ns)
  Timing Exception:       False Path

    Location             Delay type                Incr(ns)  Path(ns)    Netlist Resource(s)
  -------------------------------------------------------------------    -------------------
                         (clock clk_pl_0 rise edge)
                                                      0.000     0.000 r  
    PS8_X0Y0             PS8                          0.000     0.000 r  system_bringup_i/zynq_ultra_ps_e_0/inst/PS8_i/PLCLK[0]
                         net (fo=1, routed)           0.229     0.229    system_bringup_i/zynq_ultra_ps_e_0/inst/pl_clk_unbuffered[0]
    BUFG_PS_X0Y80        BUFG_PS (Prop_BUFG_PS_I_O)
                                                      0.038     0.267 r  system_bringup_i/zynq_ultra_ps_e_0/inst/buffer_pl_clk_0.PL_CLK_0_BUFG/O
    X1Y1 (CLOCK_ROOT)    net (fo=91111, routed)       3.192     3.459    system_bringup_i/smartconnect_hp0/inst/clk_map/psr_aclk/U0/aclk
    SLICE_X2Y197         FDRE                                         r  system_bringup_i/smartconnect_hp0/inst/clk_map/psr_aclk/U0/ACTIVE_LOW_BSR_OUT_DFF[0].FDRE_BSR_N/C
  -------------------------------------------------------------------    -------------------
    SLICE_X2Y197         FDRE (Prop_EFF_SLICEM_C_Q)
                                                      0.113     3.572 r  system_bringup_i/smartconnect_hp0/inst/clk_map/psr_aclk/U0/ACTIVE_LOW_BSR_OUT_DFF[0].FDRE_BSR_N/Q
                         net (fo=156, routed)         3.054     6.626    <hidden>
    SLICE_X43Y164        FDCE                                         f  <hidden>  (IS_INVERTED)
  -------------------------------------------------------------------    -------------------

                         (clock clk_pl_0 rise edge)
                                                      0.000     0.000 r  
    PS8_X0Y0             PS8                          0.000     0.000 r  system_bringup_i/zynq_ultra_ps_e_0/inst/PS8_i/PLCLK[0]
                         net (fo=1, routed)           0.181     0.181    system_bringup_i/zynq_ultra_ps_e_0/inst/pl_clk_unbuffered[0]
    BUFG_PS_X0Y80        BUFG_PS (Prop_BUFG_PS_I_O)
                                                      0.035     0.216 r  system_bringup_i/zynq_ultra_ps_e_0/inst/buffer_pl_clk_0.PL_CLK_0_BUFG/O
    X1Y1 (CLOCK_ROOT)    net (fo=91111, routed)       2.757     2.973    <hidden>
    SLICE_X43Y164        FDCE                                         r  <hidden>

Slack:                    inf
  Source:                 system_bringup_i/smartconnect_hp0/inst/clk_map/psr_aclk/U0/ACTIVE_LOW_BSR_OUT_DFF[0].FDRE_BSR_N/C
                            (rising edge-triggered cell FDRE clocked by clk_pl_0  {rise@0.000ns fall@2.500ns period=5.000ns})
  Destination:            <hidden>
                            (recovery check against rising-edge clock clk_pl_0  {rise@0.000ns fall@2.500ns period=5.000ns})
  Path Group:             (none)
  Path Type:              Recovery (Max at Slow Process Corner)
  Data Path Delay:        3.089ns  (logic 0.113ns (3.658%)  route 2.976ns (96.342%))
  Logic Levels:           0  
  Clock Path Skew:        -0.577ns (DCD - SCD + CPR)
    Destination Clock Delay (DCD):    2.882ns
    Source Clock Delay      (SCD):    3.459ns
    Clock Pessimism Removal (CPR):    0.000ns
  Clock Uncertainty:      0.129ns  ((TSJ^2 + DJ^2)^1/2) / 2 + PE
    Total System Jitter     (TSJ):    0.071ns
    Discrete Jitter          (DJ):    0.248ns
    Phase Error              (PE):    0.000ns
  Clock Net Delay (Source):      3.192ns (routing 1.584ns, distribution 1.608ns)
  Clock Net Delay (Destination): 2.666ns (routing 1.450ns, distribution 1.216ns)
  Timing Exception:       False Path

    Location             Delay type                Incr(ns)  Path(ns)    Netlist Resource(s)
  -------------------------------------------------------------------    -------------------
                         (clock clk_pl_0 rise edge)
                                                      0.000     0.000 r  
    PS8_X0Y0             PS8                          0.000     0.000 r  system_bringup_i/zynq_ultra_ps_e_0/inst/PS8_i/PLCLK[0]
                         net (fo=1, routed)           0.229     0.229    system_bringup_i/zynq_ultra_ps_e_0/inst/pl_clk_unbuffered[0]
    BUFG_PS_X0Y80        BUFG_PS (Prop_BUFG_PS_I_O)
                                                      0.038     0.267 r  system_bringup_i/zynq_ultra_ps_e_0/inst/buffer_pl_clk_0.PL_CLK_0_BUFG/O
    X1Y1 (CLOCK_ROOT)    net (fo=91111, routed)       3.192     3.459    system_bringup_i/smartconnect_hp0/inst/clk_map/psr_aclk/U0/aclk
    SLICE_X2Y197         FDRE                                         r  system_bringup_i/smartconnect_hp0/inst/clk_map/psr_aclk/U0/ACTIVE_LOW_BSR_OUT_DFF[0].FDRE_BSR_N/C
  -------------------------------------------------------------------    -------------------
    SLICE_X2Y197         FDRE (Prop_EFF_SLICEM_C_Q)
                                                      0.113     3.572 r  system_bringup_i/smartconnect_hp0/inst/clk_map/psr_aclk/U0/ACTIVE_LOW_BSR_OUT_DFF[0].FDRE_BSR_N/Q
                         net (fo=156, routed)         2.976     6.548    <hidden>
    SLICE_X30Y146        FDCE                                         f  <hidden>  (IS_INVERTED)
  -------------------------------------------------------------------    -------------------

                         (clock clk_pl_0 rise edge)
                                                      0.000     0.000 r  
    PS8_X0Y0             PS8                          0.000     0.000 r  system_bringup_i/zynq_ultra_ps_e_0/inst/PS8_i/PLCLK[0]
                         net (fo=1, routed)           0.181     0.181    system_bringup_i/zynq_ultra_ps_e_0/inst/pl_clk_unbuffered[0]
    BUFG_PS_X0Y80        BUFG_PS (Prop_BUFG_PS_I_O)
                                                      0.035     0.216 r  system_bringup_i/zynq_ultra_ps_e_0/inst/buffer_pl_clk_0.PL_CLK_0_BUFG/O
    X1Y1 (CLOCK_ROOT)    net (fo=91111, routed)       2.666     2.882    <hidden>
    SLICE_X30Y146        FDCE                                         r  <hidden>

Slack:                    inf
  Source:                 system_bringup_i/smartconnect_hp0/inst/clk_map/psr_aclk/U0/ACTIVE_LOW_BSR_OUT_DFF[0].FDRE_BSR_N/C
                            (rising edge-triggered cell FDRE clocked by clk_pl_0  {rise@0.000ns fall@2.500ns period=5.000ns})
  Destination:            <hidden>
                            (recovery check against rising-edge clock clk_pl_0  {rise@0.000ns fall@2.500ns period=5.000ns})
  Path Group:             (none)
  Path Type:              Recovery (Max at Slow Process Corner)
  Data Path Delay:        3.089ns  (logic 0.113ns (3.658%)  route 2.976ns (96.342%))
  Logic Levels:           0  
  Clock Path Skew:        -0.577ns (DCD - SCD + CPR)
    Destination Clock Delay (DCD):    2.882ns
    Source Clock Delay      (SCD):    3.459ns
    Clock Pessimism Removal (CPR):    0.000ns
  Clock Uncertainty:      0.129ns  ((TSJ^2 + DJ^2)^1/2) / 2 + PE
    Total System Jitter     (TSJ):    0.071ns
    Discrete Jitter          (DJ):    0.248ns
    Phase Error              (PE):    0.000ns
  Clock Net Delay (Source):      3.192ns (routing 1.584ns, distribution 1.608ns)
  Clock Net Delay (Destination): 2.666ns (routing 1.450ns, distribution 1.216ns)
  Timing Exception:       False Path

    Location             Delay type                Incr(ns)  Path(ns)    Netlist Resource(s)
  -------------------------------------------------------------------    -------------------
                         (clock clk_pl_0 rise edge)
                                                      0.000     0.000 r  
    PS8_X0Y0             PS8                          0.000     0.000 r  system_bringup_i/zynq_ultra_ps_e_0/inst/PS8_i/PLCLK[0]
                         net (fo=1, routed)           0.229     0.229    system_bringup_i/zynq_ultra_ps_e_0/inst/pl_clk_unbuffered[0]
    BUFG_PS_X0Y80        BUFG_PS (Prop_BUFG_PS_I_O)
                                                      0.038     0.267 r  system_bringup_i/zynq_ultra_ps_e_0/inst/buffer_pl_clk_0.PL_CLK_0_BUFG/O
    X1Y1 (CLOCK_ROOT)    net (fo=91111, routed)       3.192     3.459    system_bringup_i/smartconnect_hp0/inst/clk_map/psr_aclk/U0/aclk
    SLICE_X2Y197         FDRE                                         r  system_bringup_i/smartconnect_hp0/inst/clk_map/psr_aclk/U0/ACTIVE_LOW_BSR_OUT_DFF[0].FDRE_BSR_N/C
  -------------------------------------------------------------------    -------------------
    SLICE_X2Y197         FDRE (Prop_EFF_SLICEM_C_Q)
                                                      0.113     3.572 r  system_bringup_i/smartconnect_hp0/inst/clk_map/psr_aclk/U0/ACTIVE_LOW_BSR_OUT_DFF[0].FDRE_BSR_N/Q
                         net (fo=156, routed)         2.976     6.548    <hidden>
    SLICE_X30Y146        FDCE                                         f  <hidden>  (IS_INVERTED)
  -------------------------------------------------------------------    -------------------

                         (clock clk_pl_0 rise edge)
                                                      0.000     0.000 r  
    PS8_X0Y0             PS8                          0.000     0.000 r  system_bringup_i/zynq_ultra_ps_e_0/inst/PS8_i/PLCLK[0]
                         net (fo=1, routed)           0.181     0.181    system_bringup_i/zynq_ultra_ps_e_0/inst/pl_clk_unbuffered[0]
    BUFG_PS_X0Y80        BUFG_PS (Prop_BUFG_PS_I_O)
                                                      0.035     0.216 r  system_bringup_i/zynq_ultra_ps_e_0/inst/buffer_pl_clk_0.PL_CLK_0_BUFG/O
    X1Y1 (CLOCK_ROOT)    net (fo=91111, routed)       2.666     2.882    <hidden>
    SLICE_X30Y146        FDCE                                         r  <hidden>

Slack:                    inf
  Source:                 system_bringup_i/smartconnect_hp0/inst/clk_map/psr_aclk/U0/ACTIVE_LOW_BSR_OUT_DFF[0].FDRE_BSR_N/C
                            (rising edge-triggered cell FDRE clocked by clk_pl_0  {rise@0.000ns fall@2.500ns period=5.000ns})
  Destination:            <hidden>
                            (recovery check against rising-edge clock clk_pl_0  {rise@0.000ns fall@2.500ns period=5.000ns})
  Path Group:             (none)
  Path Type:              Recovery (Max at Slow Process Corner)
  Data Path Delay:        3.089ns  (logic 0.113ns (3.658%)  route 2.976ns (96.342%))
  Logic Levels:           0  
  Clock Path Skew:        -0.577ns (DCD - SCD + CPR)
    Destination Clock Delay (DCD):    2.882ns
    Source Clock Delay      (SCD):    3.459ns
    Clock Pessimism Removal (CPR):    0.000ns
  Clock Uncertainty:      0.129ns  ((TSJ^2 + DJ^2)^1/2) / 2 + PE
    Total System Jitter     (TSJ):    0.071ns
    Discrete Jitter          (DJ):    0.248ns
    Phase Error              (PE):    0.000ns
  Clock Net Delay (Source):      3.192ns (routing 1.584ns, distribution 1.608ns)
  Clock Net Delay (Destination): 2.666ns (routing 1.450ns, distribution 1.216ns)
  Timing Exception:       False Path

    Location             Delay type                Incr(ns)  Path(ns)    Netlist Resource(s)
  -------------------------------------------------------------------    -------------------
                         (clock clk_pl_0 rise edge)
                                                      0.000     0.000 r  
    PS8_X0Y0             PS8                          0.000     0.000 r  system_bringup_i/zynq_ultra_ps_e_0/inst/PS8_i/PLCLK[0]
                         net (fo=1, routed)           0.229     0.229    system_bringup_i/zynq_ultra_ps_e_0/inst/pl_clk_unbuffered[0]
    BUFG_PS_X0Y80        BUFG_PS (Prop_BUFG_PS_I_O)
                                                      0.038     0.267 r  system_bringup_i/zynq_ultra_ps_e_0/inst/buffer_pl_clk_0.PL_CLK_0_BUFG/O
    X1Y1 (CLOCK_ROOT)    net (fo=91111, routed)       3.192     3.459    system_bringup_i/smartconnect_hp0/inst/clk_map/psr_aclk/U0/aclk
    SLICE_X2Y197         FDRE                                         r  system_bringup_i/smartconnect_hp0/inst/clk_map/psr_aclk/U0/ACTIVE_LOW_BSR_OUT_DFF[0].FDRE_BSR_N/C
  -------------------------------------------------------------------    -------------------
    SLICE_X2Y197         FDRE (Prop_EFF_SLICEM_C_Q)
                                                      0.113     3.572 r  system_bringup_i/smartconnect_hp0/inst/clk_map/psr_aclk/U0/ACTIVE_LOW_BSR_OUT_DFF[0].FDRE_BSR_N/Q
                         net (fo=156, routed)         2.976     6.548    <hidden>
    SLICE_X30Y146        FDCE                                         f  <hidden>  (IS_INVERTED)
  -------------------------------------------------------------------    -------------------

                         (clock clk_pl_0 rise edge)
                                                      0.000     0.000 r  
    PS8_X0Y0             PS8                          0.000     0.000 r  system_bringup_i/zynq_ultra_ps_e_0/inst/PS8_i/PLCLK[0]
                         net (fo=1, routed)           0.181     0.181    system_bringup_i/zynq_ultra_ps_e_0/inst/pl_clk_unbuffered[0]
    BUFG_PS_X0Y80        BUFG_PS (Prop_BUFG_PS_I_O)
                                                      0.035     0.216 r  system_bringup_i/zynq_ultra_ps_e_0/inst/buffer_pl_clk_0.PL_CLK_0_BUFG/O
    X1Y1 (CLOCK_ROOT)    net (fo=91111, routed)       2.666     2.882    <hidden>
    SLICE_X30Y146        FDCE                                         r  <hidden>

Slack:                    inf
  Source:                 system_bringup_i/smartconnect_hp0/inst/clk_map/psr_aclk/U0/ACTIVE_LOW_BSR_OUT_DFF[0].FDRE_BSR_N/C
                            (rising edge-triggered cell FDRE clocked by clk_pl_0  {rise@0.000ns fall@2.500ns period=5.000ns})
  Destination:            <hidden>
                            (recovery check against rising-edge clock clk_pl_0  {rise@0.000ns fall@2.500ns period=5.000ns})
  Path Group:             (none)
  Path Type:              Recovery (Max at Slow Process Corner)
  Data Path Delay:        2.914ns  (logic 0.113ns (3.877%)  route 2.801ns (96.123%))
  Logic Levels:           0  
  Clock Path Skew:        -0.481ns (DCD - SCD + CPR)
    Destination Clock Delay (DCD):    2.978ns
    Source Clock Delay      (SCD):    3.459ns
    Clock Pessimism Removal (CPR):    0.000ns
  Clock Uncertainty:      0.129ns  ((TSJ^2 + DJ^2)^1/2) / 2 + PE
    Total System Jitter     (TSJ):    0.071ns
    Discrete Jitter          (DJ):    0.248ns
    Phase Error              (PE):    0.000ns
  Clock Net Delay (Source):      3.192ns (routing 1.584ns, distribution 1.608ns)
  Clock Net Delay (Destination): 2.762ns (routing 1.450ns, distribution 1.312ns)
  Timing Exception:       False Path

    Location             Delay type                Incr(ns)  Path(ns)    Netlist Resource(s)
  -------------------------------------------------------------------    -------------------
                         (clock clk_pl_0 rise edge)
                                                      0.000     0.000 r  
    PS8_X0Y0             PS8                          0.000     0.000 r  system_bringup_i/zynq_ultra_ps_e_0/inst/PS8_i/PLCLK[0]
                         net (fo=1, routed)           0.229     0.229    system_bringup_i/zynq_ultra_ps_e_0/inst/pl_clk_unbuffered[0]
    BUFG_PS_X0Y80        BUFG_PS (Prop_BUFG_PS_I_O)
                                                      0.038     0.267 r  system_bringup_i/zynq_ultra_ps_e_0/inst/buffer_pl_clk_0.PL_CLK_0_BUFG/O
    X1Y1 (CLOCK_ROOT)    net (fo=91111, routed)       3.192     3.459    system_bringup_i/smartconnect_hp0/inst/clk_map/psr_aclk/U0/aclk
    SLICE_X2Y197         FDRE                                         r  system_bringup_i/smartconnect_hp0/inst/clk_map/psr_aclk/U0/ACTIVE_LOW_BSR_OUT_DFF[0].FDRE_BSR_N/C
  -------------------------------------------------------------------    -------------------
    SLICE_X2Y197         FDRE (Prop_EFF_SLICEM_C_Q)
                                                      0.113     3.572 r  system_bringup_i/smartconnect_hp0/inst/clk_map/psr_aclk/U0/ACTIVE_LOW_BSR_OUT_DFF[0].FDRE_BSR_N/Q
                         net (fo=156, routed)         2.801     6.374    <hidden>
    SLICE_X41Y159        FDCE                                         f  <hidden>  (IS_INVERTED)
  -------------------------------------------------------------------    -------------------

                         (clock clk_pl_0 rise edge)
                                                      0.000     0.000 r  
    PS8_X0Y0             PS8                          0.000     0.000 r  system_bringup_i/zynq_ultra_ps_e_0/inst/PS8_i/PLCLK[0]
                         net (fo=1, routed)           0.181     0.181    system_bringup_i/zynq_ultra_ps_e_0/inst/pl_clk_unbuffered[0]
    BUFG_PS_X0Y80        BUFG_PS (Prop_BUFG_PS_I_O)
                                                      0.035     0.216 r  system_bringup_i/zynq_ultra_ps_e_0/inst/buffer_pl_clk_0.PL_CLK_0_BUFG/O
    X1Y1 (CLOCK_ROOT)    net (fo=91111, routed)       2.762     2.978    <hidden>
    SLICE_X41Y159        FDCE                                         r  <hidden>





Min Delay Paths
--------------------------------------------------------------------------------------
Slack:                    inf
  Source:                 system_bringup_i/rst_ps8_0_199M/U0/ACTIVE_LOW_PR_OUT_DFF[0].FDRE_PER_N/C
                            (rising edge-triggered cell FDRE clocked by clk_pl_0  {rise@0.000ns fall@2.500ns period=5.000ns})
  Destination:            <hidden>
                            (removal check against rising-edge clock clk_pl_0  {rise@0.000ns fall@2.500ns period=5.000ns})
  Path Group:             (none)
  Path Type:              Removal (Min at Fast Process Corner)
  Data Path Delay:        0.163ns  (logic 0.084ns (51.491%)  route 0.079ns (48.509%))
  Logic Levels:           0  
  Clock Path Skew:        0.202ns (DCD - SCD - CPR)
    Destination Clock Delay (DCD):    2.074ns
    Source Clock Delay      (SCD):    1.873ns
    Clock Pessimism Removal (CPR):    -0.000ns
  Clock Uncertainty:      0.129ns  ((TSJ^2 + DJ^2)^1/2) / 2 + PE
    Total System Jitter     (TSJ):    0.071ns
    Discrete Jitter          (DJ):    0.248ns
    Phase Error              (PE):    0.000ns
  Clock Net Delay (Source):      1.722ns (routing 0.886ns, distribution 0.836ns)
  Clock Net Delay (Destination): 1.887ns (routing 0.971ns, distribution 0.916ns)
  Timing Exception:       False Path

    Location             Delay type                Incr(ns)  Path(ns)    Netlist Resource(s)
  -------------------------------------------------------------------    -------------------
                         (clock clk_pl_0 rise edge)
                                                      0.000     0.000 r  
    PS8_X0Y0             PS8                          0.000     0.000 r  system_bringup_i/zynq_ultra_ps_e_0/inst/PS8_i/PLCLK[0]
                         net (fo=1, routed)           0.129     0.129    system_bringup_i/zynq_ultra_ps_e_0/inst/pl_clk_unbuffered[0]
    BUFG_PS_X0Y80        BUFG_PS (Prop_BUFG_PS_I_O)
                                                      0.022     0.151 r  system_bringup_i/zynq_ultra_ps_e_0/inst/buffer_pl_clk_0.PL_CLK_0_BUFG/O
    X1Y1 (CLOCK_ROOT)    net (fo=91111, routed)       1.722     1.873    system_bringup_i/rst_ps8_0_199M/U0/slowest_sync_clk
    SLICE_X1Y61          FDRE                                         r  system_bringup_i/rst_ps8_0_199M/U0/ACTIVE_LOW_PR_OUT_DFF[0].FDRE_PER_N/C
  -------------------------------------------------------------------    -------------------
    SLICE_X1Y61          FDRE (Prop_EFF2_SLICEM_C_Q)
                                                      0.084     1.957 r  system_bringup_i/rst_ps8_0_199M/U0/ACTIVE_LOW_PR_OUT_DFF[0].FDRE_PER_N/Q
                         net (fo=6, routed)           0.079     2.036    <hidden>
    SLICE_X1Y61          FDPE                                         f  <hidden>  (IS_INVERTED)
  -------------------------------------------------------------------    -------------------

                         (clock clk_pl_0 rise edge)
                                                      0.000     0.000 r  
    PS8_X0Y0             PS8                          0.000     0.000 r  system_bringup_i/zynq_ultra_ps_e_0/inst/PS8_i/PLCLK[0]
                         net (fo=1, routed)           0.164     0.164    system_bringup_i/zynq_ultra_ps_e_0/inst/pl_clk_unbuffered[0]
    BUFG_PS_X0Y80        BUFG_PS (Prop_BUFG_PS_I_O)
                                                      0.023     0.187 r  system_bringup_i/zynq_ultra_ps_e_0/inst/buffer_pl_clk_0.PL_CLK_0_BUFG/O
    X1Y1 (CLOCK_ROOT)    net (fo=91111, routed)       1.887     2.074    <hidden>
    SLICE_X1Y61          FDPE                                         r  <hidden>

Slack:                    inf
  Source:                 system_bringup_i/rst_ps8_0_199M/U0/ACTIVE_LOW_PR_OUT_DFF[0].FDRE_PER_N/C
                            (rising edge-triggered cell FDRE clocked by clk_pl_0  {rise@0.000ns fall@2.500ns period=5.000ns})
  Destination:            <hidden>
                            (removal check against rising-edge clock clk_pl_0  {rise@0.000ns fall@2.500ns period=5.000ns})
  Path Group:             (none)
  Path Type:              Removal (Min at Fast Process Corner)
  Data Path Delay:        0.163ns  (logic 0.084ns (51.491%)  route 0.079ns (48.509%))
  Logic Levels:           0  
  Clock Path Skew:        0.202ns (DCD - SCD - CPR)
    Destination Clock Delay (DCD):    2.074ns
    Source Clock Delay      (SCD):    1.873ns
    Clock Pessimism Removal (CPR):    -0.000ns
  Clock Uncertainty:      0.129ns  ((TSJ^2 + DJ^2)^1/2) / 2 + PE
    Total System Jitter     (TSJ):    0.071ns
    Discrete Jitter          (DJ):    0.248ns
    Phase Error              (PE):    0.000ns
  Clock Net Delay (Source):      1.722ns (routing 0.886ns, distribution 0.836ns)
  Clock Net Delay (Destination): 1.887ns (routing 0.971ns, distribution 0.916ns)
  Timing Exception:       False Path

    Location             Delay type                Incr(ns)  Path(ns)    Netlist Resource(s)
  -------------------------------------------------------------------    -------------------
                         (clock clk_pl_0 rise edge)
                                                      0.000     0.000 r  
    PS8_X0Y0             PS8                          0.000     0.000 r  system_bringup_i/zynq_ultra_ps_e_0/inst/PS8_i/PLCLK[0]
                         net (fo=1, routed)           0.129     0.129    system_bringup_i/zynq_ultra_ps_e_0/inst/pl_clk_unbuffered[0]
    BUFG_PS_X0Y80        BUFG_PS (Prop_BUFG_PS_I_O)
                                                      0.022     0.151 r  system_bringup_i/zynq_ultra_ps_e_0/inst/buffer_pl_clk_0.PL_CLK_0_BUFG/O
    X1Y1 (CLOCK_ROOT)    net (fo=91111, routed)       1.722     1.873    system_bringup_i/rst_ps8_0_199M/U0/slowest_sync_clk
    SLICE_X1Y61          FDRE                                         r  system_bringup_i/rst_ps8_0_199M/U0/ACTIVE_LOW_PR_OUT_DFF[0].FDRE_PER_N/C
  -------------------------------------------------------------------    -------------------
    SLICE_X1Y61          FDRE (Prop_EFF2_SLICEM_C_Q)
                                                      0.084     1.957 r  system_bringup_i/rst_ps8_0_199M/U0/ACTIVE_LOW_PR_OUT_DFF[0].FDRE_PER_N/Q
                         net (fo=6, routed)           0.079     2.036    <hidden>
    SLICE_X1Y61          FDPE                                         f  <hidden>  (IS_INVERTED)
  -------------------------------------------------------------------    -------------------

                         (clock clk_pl_0 rise edge)
                                                      0.000     0.000 r  
    PS8_X0Y0             PS8                          0.000     0.000 r  system_bringup_i/zynq_ultra_ps_e_0/inst/PS8_i/PLCLK[0]
                         net (fo=1, routed)           0.164     0.164    system_bringup_i/zynq_ultra_ps_e_0/inst/pl_clk_unbuffered[0]
    BUFG_PS_X0Y80        BUFG_PS (Prop_BUFG_PS_I_O)
                                                      0.023     0.187 r  system_bringup_i/zynq_ultra_ps_e_0/inst/buffer_pl_clk_0.PL_CLK_0_BUFG/O
    X1Y1 (CLOCK_ROOT)    net (fo=91111, routed)       1.887     2.074    <hidden>
    SLICE_X1Y61          FDPE                                         r  <hidden>

Slack:                    inf
  Source:                 system_bringup_i/rst_ps8_0_199M/U0/ACTIVE_LOW_PR_OUT_DFF[0].FDRE_PER_N/C
                            (rising edge-triggered cell FDRE clocked by clk_pl_0  {rise@0.000ns fall@2.500ns period=5.000ns})
  Destination:            <hidden>
                            (removal check against rising-edge clock clk_pl_0  {rise@0.000ns fall@2.500ns period=5.000ns})
  Path Group:             (none)
  Path Type:              Removal (Min at Fast Process Corner)
  Data Path Delay:        0.283ns  (logic 0.084ns (29.662%)  route 0.199ns (70.338%))
  Logic Levels:           0  
  Clock Path Skew:        0.194ns (DCD - SCD - CPR)
    Destination Clock Delay (DCD):    2.067ns
    Source Clock Delay      (SCD):    1.873ns
    Clock Pessimism Removal (CPR):    -0.000ns
  Clock Uncertainty:      0.129ns  ((TSJ^2 + DJ^2)^1/2) / 2 + PE
    Total System Jitter     (TSJ):    0.071ns
    Discrete Jitter          (DJ):    0.248ns
    Phase Error              (PE):    0.000ns
  Clock Net Delay (Source):      1.722ns (routing 0.886ns, distribution 0.836ns)
  Clock Net Delay (Destination): 1.880ns (routing 0.971ns, distribution 0.909ns)
  Timing Exception:       False Path

    Location             Delay type                Incr(ns)  Path(ns)    Netlist Resource(s)
  -------------------------------------------------------------------    -------------------
                         (clock clk_pl_0 rise edge)
                                                      0.000     0.000 r  
    PS8_X0Y0             PS8                          0.000     0.000 r  system_bringup_i/zynq_ultra_ps_e_0/inst/PS8_i/PLCLK[0]
                         net (fo=1, routed)           0.129     0.129    system_bringup_i/zynq_ultra_ps_e_0/inst/pl_clk_unbuffered[0]
    BUFG_PS_X0Y80        BUFG_PS (Prop_BUFG_PS_I_O)
                                                      0.022     0.151 r  system_bringup_i/zynq_ultra_ps_e_0/inst/buffer_pl_clk_0.PL_CLK_0_BUFG/O
    X1Y1 (CLOCK_ROOT)    net (fo=91111, routed)       1.722     1.873    system_bringup_i/rst_ps8_0_199M/U0/slowest_sync_clk
    SLICE_X1Y61          FDRE                                         r  system_bringup_i/rst_ps8_0_199M/U0/ACTIVE_LOW_PR_OUT_DFF[0].FDRE_PER_N/C
  -------------------------------------------------------------------    -------------------
    SLICE_X1Y61          FDRE (Prop_EFF2_SLICEM_C_Q)
                                                      0.084     1.957 r  system_bringup_i/rst_ps8_0_199M/U0/ACTIVE_LOW_PR_OUT_DFF[0].FDRE_PER_N/Q
                         net (fo=6, routed)           0.199     2.156    <hidden>
    SLICE_X1Y40          FDPE                                         f  <hidden>  (IS_INVERTED)
  -------------------------------------------------------------------    -------------------

                         (clock clk_pl_0 rise edge)
                                                      0.000     0.000 r  
    PS8_X0Y0             PS8                          0.000     0.000 r  system_bringup_i/zynq_ultra_ps_e_0/inst/PS8_i/PLCLK[0]
                         net (fo=1, routed)           0.164     0.164    system_bringup_i/zynq_ultra_ps_e_0/inst/pl_clk_unbuffered[0]
    BUFG_PS_X0Y80        BUFG_PS (Prop_BUFG_PS_I_O)
                                                      0.023     0.187 r  system_bringup_i/zynq_ultra_ps_e_0/inst/buffer_pl_clk_0.PL_CLK_0_BUFG/O
    X1Y1 (CLOCK_ROOT)    net (fo=91111, routed)       1.880     2.067    <hidden>
    SLICE_X1Y40          FDPE                                         r  <hidden>

Slack:                    inf
  Source:                 system_bringup_i/rst_ps8_0_199M/U0/ACTIVE_LOW_PR_OUT_DFF[0].FDRE_PER_N/C
                            (rising edge-triggered cell FDRE clocked by clk_pl_0  {rise@0.000ns fall@2.500ns period=5.000ns})
  Destination:            <hidden>
                            (removal check against rising-edge clock clk_pl_0  {rise@0.000ns fall@2.500ns period=5.000ns})
  Path Group:             (none)
  Path Type:              Removal (Min at Fast Process Corner)
  Data Path Delay:        0.283ns  (logic 0.084ns (29.662%)  route 0.199ns (70.338%))
  Logic Levels:           0  
  Clock Path Skew:        0.194ns (DCD - SCD - CPR)
    Destination Clock Delay (DCD):    2.067ns
    Source Clock Delay      (SCD):    1.873ns
    Clock Pessimism Removal (CPR):    -0.000ns
  Clock Uncertainty:      0.129ns  ((TSJ^2 + DJ^2)^1/2) / 2 + PE
    Total System Jitter     (TSJ):    0.071ns
    Discrete Jitter          (DJ):    0.248ns
    Phase Error              (PE):    0.000ns
  Clock Net Delay (Source):      1.722ns (routing 0.886ns, distribution 0.836ns)
  Clock Net Delay (Destination): 1.880ns (routing 0.971ns, distribution 0.909ns)
  Timing Exception:       False Path

    Location             Delay type                Incr(ns)  Path(ns)    Netlist Resource(s)
  -------------------------------------------------------------------    -------------------
                         (clock clk_pl_0 rise edge)
                                                      0.000     0.000 r  
    PS8_X0Y0             PS8                          0.000     0.000 r  system_bringup_i/zynq_ultra_ps_e_0/inst/PS8_i/PLCLK[0]
                         net (fo=1, routed)           0.129     0.129    system_bringup_i/zynq_ultra_ps_e_0/inst/pl_clk_unbuffered[0]
    BUFG_PS_X0Y80        BUFG_PS (Prop_BUFG_PS_I_O)
                                                      0.022     0.151 r  system_bringup_i/zynq_ultra_ps_e_0/inst/buffer_pl_clk_0.PL_CLK_0_BUFG/O
    X1Y1 (CLOCK_ROOT)    net (fo=91111, routed)       1.722     1.873    system_bringup_i/rst_ps8_0_199M/U0/slowest_sync_clk
    SLICE_X1Y61          FDRE                                         r  system_bringup_i/rst_ps8_0_199M/U0/ACTIVE_LOW_PR_OUT_DFF[0].FDRE_PER_N/C
  -------------------------------------------------------------------    -------------------
    SLICE_X1Y61          FDRE (Prop_EFF2_SLICEM_C_Q)
                                                      0.084     1.957 r  system_bringup_i/rst_ps8_0_199M/U0/ACTIVE_LOW_PR_OUT_DFF[0].FDRE_PER_N/Q
                         net (fo=6, routed)           0.199     2.156    <hidden>
    SLICE_X1Y40          FDPE                                         f  <hidden>  (IS_INVERTED)
  -------------------------------------------------------------------    -------------------

                         (clock clk_pl_0 rise edge)
                                                      0.000     0.000 r  
    PS8_X0Y0             PS8                          0.000     0.000 r  system_bringup_i/zynq_ultra_ps_e_0/inst/PS8_i/PLCLK[0]
                         net (fo=1, routed)           0.164     0.164    system_bringup_i/zynq_ultra_ps_e_0/inst/pl_clk_unbuffered[0]
    BUFG_PS_X0Y80        BUFG_PS (Prop_BUFG_PS_I_O)
                                                      0.023     0.187 r  system_bringup_i/zynq_ultra_ps_e_0/inst/buffer_pl_clk_0.PL_CLK_0_BUFG/O
    X1Y1 (CLOCK_ROOT)    net (fo=91111, routed)       1.880     2.067    <hidden>
    SLICE_X1Y40          FDPE                                         r  <hidden>

Slack:                    inf
  Source:                 system_bringup_i/rst_ps8_0_199M/U0/ACTIVE_LOW_PR_OUT_DFF[0].FDRE_PER_N/C
                            (rising edge-triggered cell FDRE clocked by clk_pl_0  {rise@0.000ns fall@2.500ns period=5.000ns})
  Destination:            <hidden>
                            (removal check against rising-edge clock clk_pl_0  {rise@0.000ns fall@2.500ns period=5.000ns})
  Path Group:             (none)
  Path Type:              Removal (Min at Fast Process Corner)
  Data Path Delay:        0.283ns  (logic 0.084ns (29.662%)  route 0.199ns (70.338%))
  Logic Levels:           0  
  Clock Path Skew:        0.194ns (DCD - SCD - CPR)
    Destination Clock Delay (DCD):    2.067ns
    Source Clock Delay      (SCD):    1.873ns
    Clock Pessimism Removal (CPR):    -0.000ns
  Clock Uncertainty:      0.129ns  ((TSJ^2 + DJ^2)^1/2) / 2 + PE
    Total System Jitter     (TSJ):    0.071ns
    Discrete Jitter          (DJ):    0.248ns
    Phase Error              (PE):    0.000ns
  Clock Net Delay (Source):      1.722ns (routing 0.886ns, distribution 0.836ns)
  Clock Net Delay (Destination): 1.880ns (routing 0.971ns, distribution 0.909ns)
  Timing Exception:       False Path

    Location             Delay type                Incr(ns)  Path(ns)    Netlist Resource(s)
  -------------------------------------------------------------------    -------------------
                         (clock clk_pl_0 rise edge)
                                                      0.000     0.000 r  
    PS8_X0Y0             PS8                          0.000     0.000 r  system_bringup_i/zynq_ultra_ps_e_0/inst/PS8_i/PLCLK[0]
                         net (fo=1, routed)           0.129     0.129    system_bringup_i/zynq_ultra_ps_e_0/inst/pl_clk_unbuffered[0]
    BUFG_PS_X0Y80        BUFG_PS (Prop_BUFG_PS_I_O)
                                                      0.022     0.151 r  system_bringup_i/zynq_ultra_ps_e_0/inst/buffer_pl_clk_0.PL_CLK_0_BUFG/O
    X1Y1 (CLOCK_ROOT)    net (fo=91111, routed)       1.722     1.873    system_bringup_i/rst_ps8_0_199M/U0/slowest_sync_clk
    SLICE_X1Y61          FDRE                                         r  system_bringup_i/rst_ps8_0_199M/U0/ACTIVE_LOW_PR_OUT_DFF[0].FDRE_PER_N/C
  -------------------------------------------------------------------    -------------------
    SLICE_X1Y61          FDRE (Prop_EFF2_SLICEM_C_Q)
                                                      0.084     1.957 r  system_bringup_i/rst_ps8_0_199M/U0/ACTIVE_LOW_PR_OUT_DFF[0].FDRE_PER_N/Q
                         net (fo=6, routed)           0.199     2.156    <hidden>
    SLICE_X1Y40          FDPE                                         f  <hidden>  (IS_INVERTED)
  -------------------------------------------------------------------    -------------------

                         (clock clk_pl_0 rise edge)
                                                      0.000     0.000 r  
    PS8_X0Y0             PS8                          0.000     0.000 r  system_bringup_i/zynq_ultra_ps_e_0/inst/PS8_i/PLCLK[0]
                         net (fo=1, routed)           0.164     0.164    system_bringup_i/zynq_ultra_ps_e_0/inst/pl_clk_unbuffered[0]
    BUFG_PS_X0Y80        BUFG_PS (Prop_BUFG_PS_I_O)
                                                      0.023     0.187 r  system_bringup_i/zynq_ultra_ps_e_0/inst/buffer_pl_clk_0.PL_CLK_0_BUFG/O
    X1Y1 (CLOCK_ROOT)    net (fo=91111, routed)       1.880     2.067    <hidden>
    SLICE_X1Y40          FDPE                                         r  <hidden>

Slack:                    inf
  Source:                 system_bringup_i/rst_ps8_0_199M/U0/ACTIVE_LOW_PR_OUT_DFF[0].FDRE_PER_N/C
                            (rising edge-triggered cell FDRE clocked by clk_pl_0  {rise@0.000ns fall@2.500ns period=5.000ns})
  Destination:            <hidden>
                            (removal check against rising-edge clock clk_pl_0  {rise@0.000ns fall@2.500ns period=5.000ns})
  Path Group:             (none)
  Path Type:              Removal (Min at Fast Process Corner)
  Data Path Delay:        0.283ns  (logic 0.084ns (29.662%)  route 0.199ns (70.338%))
  Logic Levels:           0  
  Clock Path Skew:        0.194ns (DCD - SCD - CPR)
    Destination Clock Delay (DCD):    2.067ns
    Source Clock Delay      (SCD):    1.873ns
    Clock Pessimism Removal (CPR):    -0.000ns
  Clock Uncertainty:      0.129ns  ((TSJ^2 + DJ^2)^1/2) / 2 + PE
    Total System Jitter     (TSJ):    0.071ns
    Discrete Jitter          (DJ):    0.248ns
    Phase Error              (PE):    0.000ns
  Clock Net Delay (Source):      1.722ns (routing 0.886ns, distribution 0.836ns)
  Clock Net Delay (Destination): 1.880ns (routing 0.971ns, distribution 0.909ns)
  Timing Exception:       False Path

    Location             Delay type                Incr(ns)  Path(ns)    Netlist Resource(s)
  -------------------------------------------------------------------    -------------------
                         (clock clk_pl_0 rise edge)
                                                      0.000     0.000 r  
    PS8_X0Y0             PS8                          0.000     0.000 r  system_bringup_i/zynq_ultra_ps_e_0/inst/PS8_i/PLCLK[0]
                         net (fo=1, routed)           0.129     0.129    system_bringup_i/zynq_ultra_ps_e_0/inst/pl_clk_unbuffered[0]
    BUFG_PS_X0Y80        BUFG_PS (Prop_BUFG_PS_I_O)
                                                      0.022     0.151 r  system_bringup_i/zynq_ultra_ps_e_0/inst/buffer_pl_clk_0.PL_CLK_0_BUFG/O
    X1Y1 (CLOCK_ROOT)    net (fo=91111, routed)       1.722     1.873    system_bringup_i/rst_ps8_0_199M/U0/slowest_sync_clk
    SLICE_X1Y61          FDRE                                         r  system_bringup_i/rst_ps8_0_199M/U0/ACTIVE_LOW_PR_OUT_DFF[0].FDRE_PER_N/C
  -------------------------------------------------------------------    -------------------
    SLICE_X1Y61          FDRE (Prop_EFF2_SLICEM_C_Q)
                                                      0.084     1.957 r  system_bringup_i/rst_ps8_0_199M/U0/ACTIVE_LOW_PR_OUT_DFF[0].FDRE_PER_N/Q
                         net (fo=6, routed)           0.199     2.156    <hidden>
    SLICE_X1Y40          FDPE                                         f  <hidden>  (IS_INVERTED)
  -------------------------------------------------------------------    -------------------

                         (clock clk_pl_0 rise edge)
                                                      0.000     0.000 r  
    PS8_X0Y0             PS8                          0.000     0.000 r  system_bringup_i/zynq_ultra_ps_e_0/inst/PS8_i/PLCLK[0]
                         net (fo=1, routed)           0.164     0.164    system_bringup_i/zynq_ultra_ps_e_0/inst/pl_clk_unbuffered[0]
    BUFG_PS_X0Y80        BUFG_PS (Prop_BUFG_PS_I_O)
                                                      0.023     0.187 r  system_bringup_i/zynq_ultra_ps_e_0/inst/buffer_pl_clk_0.PL_CLK_0_BUFG/O
    X1Y1 (CLOCK_ROOT)    net (fo=91111, routed)       1.880     2.067    <hidden>
    SLICE_X1Y40          FDPE                                         r  <hidden>

Slack:                    inf
  Source:                 system_bringup_i/smartconnect_hp0/inst/clk_map/psr_aclk/U0/ACTIVE_LOW_BSR_OUT_DFF[0].FDRE_BSR_N/C
                            (rising edge-triggered cell FDRE clocked by clk_pl_0  {rise@0.000ns fall@2.500ns period=5.000ns})
  Destination:            <hidden>
                            (removal check against rising-edge clock clk_pl_0  {rise@0.000ns fall@2.500ns period=5.000ns})
  Path Group:             (none)
  Path Type:              Removal (Min at Fast Process Corner)
  Data Path Delay:        0.267ns  (logic 0.082ns (30.746%)  route 0.185ns (69.254%))
  Logic Levels:           0  
  Clock Path Skew:        0.179ns (DCD - SCD - CPR)
    Destination Clock Delay (DCD):    2.102ns
    Source Clock Delay      (SCD):    1.923ns
    Clock Pessimism Removal (CPR):    -0.000ns
  Clock Uncertainty:      0.129ns  ((TSJ^2 + DJ^2)^1/2) / 2 + PE
    Total System Jitter     (TSJ):    0.071ns
    Discrete Jitter          (DJ):    0.248ns
    Phase Error              (PE):    0.000ns
  Clock Net Delay (Source):      1.772ns (routing 0.886ns, distribution 0.886ns)
  Clock Net Delay (Destination): 1.915ns (routing 0.971ns, distribution 0.944ns)
  Timing Exception:       False Path

    Location             Delay type                Incr(ns)  Path(ns)    Netlist Resource(s)
  -------------------------------------------------------------------    -------------------
                         (clock clk_pl_0 rise edge)
                                                      0.000     0.000 r  
    PS8_X0Y0             PS8                          0.000     0.000 r  system_bringup_i/zynq_ultra_ps_e_0/inst/PS8_i/PLCLK[0]
                         net (fo=1, routed)           0.129     0.129    system_bringup_i/zynq_ultra_ps_e_0/inst/pl_clk_unbuffered[0]
    BUFG_PS_X0Y80        BUFG_PS (Prop_BUFG_PS_I_O)
                                                      0.022     0.151 r  system_bringup_i/zynq_ultra_ps_e_0/inst/buffer_pl_clk_0.PL_CLK_0_BUFG/O
    X1Y1 (CLOCK_ROOT)    net (fo=91111, routed)       1.772     1.923    system_bringup_i/smartconnect_hp0/inst/clk_map/psr_aclk/U0/aclk
    SLICE_X2Y197         FDRE                                         r  system_bringup_i/smartconnect_hp0/inst/clk_map/psr_aclk/U0/ACTIVE_LOW_BSR_OUT_DFF[0].FDRE_BSR_N/C
  -------------------------------------------------------------------    -------------------
    SLICE_X2Y197         FDRE (Prop_EFF_SLICEM_C_Q)
                                                      0.082     2.005 r  system_bringup_i/smartconnect_hp0/inst/clk_map/psr_aclk/U0/ACTIVE_LOW_BSR_OUT_DFF[0].FDRE_BSR_N/Q
                         net (fo=156, routed)         0.185     2.190    <hidden>
    SLICE_X0Y173         FDCE                                         f  <hidden>  (IS_INVERTED)
  -------------------------------------------------------------------    -------------------

                         (clock clk_pl_0 rise edge)
                                                      0.000     0.000 r  
    PS8_X0Y0             PS8                          0.000     0.000 r  system_bringup_i/zynq_ultra_ps_e_0/inst/PS8_i/PLCLK[0]
                         net (fo=1, routed)           0.164     0.164    system_bringup_i/zynq_ultra_ps_e_0/inst/pl_clk_unbuffered[0]
    BUFG_PS_X0Y80        BUFG_PS (Prop_BUFG_PS_I_O)
                                                      0.023     0.187 r  system_bringup_i/zynq_ultra_ps_e_0/inst/buffer_pl_clk_0.PL_CLK_0_BUFG/O
    X1Y1 (CLOCK_ROOT)    net (fo=91111, routed)       1.915     2.102    <hidden>
    SLICE_X0Y173         FDCE                                         r  <hidden>

Slack:                    inf
  Source:                 system_bringup_i/smartconnect_hp0/inst/clk_map/psr_aclk/U0/ACTIVE_LOW_BSR_OUT_DFF[0].FDRE_BSR_N/C
                            (rising edge-triggered cell FDRE clocked by clk_pl_0  {rise@0.000ns fall@2.500ns period=5.000ns})
  Destination:            <hidden>
                            (removal check against rising-edge clock clk_pl_0  {rise@0.000ns fall@2.500ns period=5.000ns})
  Path Group:             (none)
  Path Type:              Removal (Min at Fast Process Corner)
  Data Path Delay:        0.267ns  (logic 0.082ns (30.746%)  route 0.185ns (69.254%))
  Logic Levels:           0  
  Clock Path Skew:        0.179ns (DCD - SCD - CPR)
    Destination Clock Delay (DCD):    2.102ns
    Source Clock Delay      (SCD):    1.923ns
    Clock Pessimism Removal (CPR):    -0.000ns
  Clock Uncertainty:      0.129ns  ((TSJ^2 + DJ^2)^1/2) / 2 + PE
    Total System Jitter     (TSJ):    0.071ns
    Discrete Jitter          (DJ):    0.248ns
    Phase Error              (PE):    0.000ns
  Clock Net Delay (Source):      1.772ns (routing 0.886ns, distribution 0.886ns)
  Clock Net Delay (Destination): 1.915ns (routing 0.971ns, distribution 0.944ns)
  Timing Exception:       False Path

    Location             Delay type                Incr(ns)  Path(ns)    Netlist Resource(s)
  -------------------------------------------------------------------    -------------------
                         (clock clk_pl_0 rise edge)
                                                      0.000     0.000 r  
    PS8_X0Y0             PS8                          0.000     0.000 r  system_bringup_i/zynq_ultra_ps_e_0/inst/PS8_i/PLCLK[0]
                         net (fo=1, routed)           0.129     0.129    system_bringup_i/zynq_ultra_ps_e_0/inst/pl_clk_unbuffered[0]
    BUFG_PS_X0Y80        BUFG_PS (Prop_BUFG_PS_I_O)
                                                      0.022     0.151 r  system_bringup_i/zynq_ultra_ps_e_0/inst/buffer_pl_clk_0.PL_CLK_0_BUFG/O
    X1Y1 (CLOCK_ROOT)    net (fo=91111, routed)       1.772     1.923    system_bringup_i/smartconnect_hp0/inst/clk_map/psr_aclk/U0/aclk
    SLICE_X2Y197         FDRE                                         r  system_bringup_i/smartconnect_hp0/inst/clk_map/psr_aclk/U0/ACTIVE_LOW_BSR_OUT_DFF[0].FDRE_BSR_N/C
  -------------------------------------------------------------------    -------------------
    SLICE_X2Y197         FDRE (Prop_EFF_SLICEM_C_Q)
                                                      0.082     2.005 r  system_bringup_i/smartconnect_hp0/inst/clk_map/psr_aclk/U0/ACTIVE_LOW_BSR_OUT_DFF[0].FDRE_BSR_N/Q
                         net (fo=156, routed)         0.185     2.190    <hidden>
    SLICE_X0Y173         FDCE                                         f  <hidden>  (IS_INVERTED)
  -------------------------------------------------------------------    -------------------

                         (clock clk_pl_0 rise edge)
                                                      0.000     0.000 r  
    PS8_X0Y0             PS8                          0.000     0.000 r  system_bringup_i/zynq_ultra_ps_e_0/inst/PS8_i/PLCLK[0]
                         net (fo=1, routed)           0.164     0.164    system_bringup_i/zynq_ultra_ps_e_0/inst/pl_clk_unbuffered[0]
    BUFG_PS_X0Y80        BUFG_PS (Prop_BUFG_PS_I_O)
                                                      0.023     0.187 r  system_bringup_i/zynq_ultra_ps_e_0/inst/buffer_pl_clk_0.PL_CLK_0_BUFG/O
    X1Y1 (CLOCK_ROOT)    net (fo=91111, routed)       1.915     2.102    <hidden>
    SLICE_X0Y173         FDCE                                         r  <hidden>

Slack:                    inf
  Source:                 system_bringup_i/smartconnect_hp0/inst/clk_map/psr_aclk/U0/ACTIVE_LOW_BSR_OUT_DFF[0].FDRE_BSR_N/C
                            (rising edge-triggered cell FDRE clocked by clk_pl_0  {rise@0.000ns fall@2.500ns period=5.000ns})
  Destination:            <hidden>
                            (removal check against rising-edge clock clk_pl_0  {rise@0.000ns fall@2.500ns period=5.000ns})
  Path Group:             (none)
  Path Type:              Removal (Min at Fast Process Corner)
  Data Path Delay:        0.267ns  (logic 0.082ns (30.746%)  route 0.185ns (69.254%))
  Logic Levels:           0  
  Clock Path Skew:        0.179ns (DCD - SCD - CPR)
    Destination Clock Delay (DCD):    2.102ns
    Source Clock Delay      (SCD):    1.923ns
    Clock Pessimism Removal (CPR):    -0.000ns
  Clock Uncertainty:      0.129ns  ((TSJ^2 + DJ^2)^1/2) / 2 + PE
    Total System Jitter     (TSJ):    0.071ns
    Discrete Jitter          (DJ):    0.248ns
    Phase Error              (PE):    0.000ns
  Clock Net Delay (Source):      1.772ns (routing 0.886ns, distribution 0.886ns)
  Clock Net Delay (Destination): 1.915ns (routing 0.971ns, distribution 0.944ns)
  Timing Exception:       False Path

    Location             Delay type                Incr(ns)  Path(ns)    Netlist Resource(s)
  -------------------------------------------------------------------    -------------------
                         (clock clk_pl_0 rise edge)
                                                      0.000     0.000 r  
    PS8_X0Y0             PS8                          0.000     0.000 r  system_bringup_i/zynq_ultra_ps_e_0/inst/PS8_i/PLCLK[0]
                         net (fo=1, routed)           0.129     0.129    system_bringup_i/zynq_ultra_ps_e_0/inst/pl_clk_unbuffered[0]
    BUFG_PS_X0Y80        BUFG_PS (Prop_BUFG_PS_I_O)
                                                      0.022     0.151 r  system_bringup_i/zynq_ultra_ps_e_0/inst/buffer_pl_clk_0.PL_CLK_0_BUFG/O
    X1Y1 (CLOCK_ROOT)    net (fo=91111, routed)       1.772     1.923    system_bringup_i/smartconnect_hp0/inst/clk_map/psr_aclk/U0/aclk
    SLICE_X2Y197         FDRE                                         r  system_bringup_i/smartconnect_hp0/inst/clk_map/psr_aclk/U0/ACTIVE_LOW_BSR_OUT_DFF[0].FDRE_BSR_N/C
  -------------------------------------------------------------------    -------------------
    SLICE_X2Y197         FDRE (Prop_EFF_SLICEM_C_Q)
                                                      0.082     2.005 r  system_bringup_i/smartconnect_hp0/inst/clk_map/psr_aclk/U0/ACTIVE_LOW_BSR_OUT_DFF[0].FDRE_BSR_N/Q
                         net (fo=156, routed)         0.185     2.190    <hidden>
    SLICE_X0Y173         FDCE                                         f  <hidden>  (IS_INVERTED)
  -------------------------------------------------------------------    -------------------

                         (clock clk_pl_0 rise edge)
                                                      0.000     0.000 r  
    PS8_X0Y0             PS8                          0.000     0.000 r  system_bringup_i/zynq_ultra_ps_e_0/inst/PS8_i/PLCLK[0]
                         net (fo=1, routed)           0.164     0.164    system_bringup_i/zynq_ultra_ps_e_0/inst/pl_clk_unbuffered[0]
    BUFG_PS_X0Y80        BUFG_PS (Prop_BUFG_PS_I_O)
                                                      0.023     0.187 r  system_bringup_i/zynq_ultra_ps_e_0/inst/buffer_pl_clk_0.PL_CLK_0_BUFG/O
    X1Y1 (CLOCK_ROOT)    net (fo=91111, routed)       1.915     2.102    <hidden>
    SLICE_X0Y173         FDCE                                         r  <hidden>

Slack:                    inf
  Source:                 system_bringup_i/smartconnect_hp0/inst/clk_map/psr_aclk/U0/ACTIVE_LOW_BSR_OUT_DFF[0].FDRE_BSR_N/C
                            (rising edge-triggered cell FDRE clocked by clk_pl_0  {rise@0.000ns fall@2.500ns period=5.000ns})
  Destination:            <hidden>
                            (removal check against rising-edge clock clk_pl_0  {rise@0.000ns fall@2.500ns period=5.000ns})
  Path Group:             (none)
  Path Type:              Removal (Min at Fast Process Corner)
  Data Path Delay:        0.315ns  (logic 0.082ns (26.057%)  route 0.233ns (73.943%))
  Logic Levels:           0  
  Clock Path Skew:        0.171ns (DCD - SCD - CPR)
    Destination Clock Delay (DCD):    2.094ns
    Source Clock Delay      (SCD):    1.923ns
    Clock Pessimism Removal (CPR):    -0.000ns
  Clock Uncertainty:      0.129ns  ((TSJ^2 + DJ^2)^1/2) / 2 + PE
    Total System Jitter     (TSJ):    0.071ns
    Discrete Jitter          (DJ):    0.248ns
    Phase Error              (PE):    0.000ns
  Clock Net Delay (Source):      1.772ns (routing 0.886ns, distribution 0.886ns)
  Clock Net Delay (Destination): 1.907ns (routing 0.971ns, distribution 0.936ns)
  Timing Exception:       False Path

    Location             Delay type                Incr(ns)  Path(ns)    Netlist Resource(s)
  -------------------------------------------------------------------    -------------------
                         (clock clk_pl_0 rise edge)
                                                      0.000     0.000 r  
    PS8_X0Y0             PS8                          0.000     0.000 r  system_bringup_i/zynq_ultra_ps_e_0/inst/PS8_i/PLCLK[0]
                         net (fo=1, routed)           0.129     0.129    system_bringup_i/zynq_ultra_ps_e_0/inst/pl_clk_unbuffered[0]
    BUFG_PS_X0Y80        BUFG_PS (Prop_BUFG_PS_I_O)
                                                      0.022     0.151 r  system_bringup_i/zynq_ultra_ps_e_0/inst/buffer_pl_clk_0.PL_CLK_0_BUFG/O
    X1Y1 (CLOCK_ROOT)    net (fo=91111, routed)       1.772     1.923    system_bringup_i/smartconnect_hp0/inst/clk_map/psr_aclk/U0/aclk
    SLICE_X2Y197         FDRE                                         r  system_bringup_i/smartconnect_hp0/inst/clk_map/psr_aclk/U0/ACTIVE_LOW_BSR_OUT_DFF[0].FDRE_BSR_N/C
  -------------------------------------------------------------------    -------------------
    SLICE_X2Y197         FDRE (Prop_EFF_SLICEM_C_Q)
                                                      0.082     2.005 r  system_bringup_i/smartconnect_hp0/inst/clk_map/psr_aclk/U0/ACTIVE_LOW_BSR_OUT_DFF[0].FDRE_BSR_N/Q
                         net (fo=156, routed)         0.233     2.238    <hidden>
    SLICE_X0Y178         FDCE                                         f  <hidden>  (IS_INVERTED)
  -------------------------------------------------------------------    -------------------

                         (clock clk_pl_0 rise edge)
                                                      0.000     0.000 r  
    PS8_X0Y0             PS8                          0.000     0.000 r  system_bringup_i/zynq_ultra_ps_e_0/inst/PS8_i/PLCLK[0]
                         net (fo=1, routed)           0.164     0.164    system_bringup_i/zynq_ultra_ps_e_0/inst/pl_clk_unbuffered[0]
    BUFG_PS_X0Y80        BUFG_PS (Prop_BUFG_PS_I_O)
                                                      0.023     0.187 r  system_bringup_i/zynq_ultra_ps_e_0/inst/buffer_pl_clk_0.PL_CLK_0_BUFG/O
    X1Y1 (CLOCK_ROOT)    net (fo=91111, routed)       1.907     2.094    <hidden>
    SLICE_X0Y178         FDCE                                         r  <hidden>





--------------------------------------------------------------------------------------
Path Group:  (none)
From Clock:  
  To Clock:  clk_pl_0

Max Delay           128 Endpoints
Min Delay           128 Endpoints
--------------------------------------------------------------------------------------


Max Delay Paths
--------------------------------------------------------------------------------------
Slack:                    inf
  Source:                 system_bringup_i/conv0_engine_0/inst/grp_conv0_engine_Pipeline_COL_GROUP_fu_2717/mul_10ns_12ns_21_1_1_U544/tmp_product/DSP_A_B_DATA_INST/B2_DATA[13]
                            (internal pin)
  Destination:            system_bringup_i/conv0_engine_0/inst/p_ZZ12conv0_enginePK6ap_intILi8EES2_PKS_ILi32EEP7ap_uintILi32EEttihhE7row_buf_3_1_2_U/ram_reg_bram_0/ADDRARDADDR[6]
                            (rising edge-triggered cell RAMB18E2 clocked by clk_pl_0  {rise@0.000ns fall@2.500ns period=5.000ns})
  Path Group:             (none)
  Path Type:              Setup (Max at Slow Process Corner)
  Data Path Delay:        3.421ns  (logic 1.901ns (55.575%)  route 1.520ns (44.425%))
  Logic Levels:           6  (DSP_ALU=1 DSP_M_DATA=1 DSP_MULTIPLIER=1 DSP_OUTPUT=1 DSP_PREADD_DATA=1 LUT3=1)
  Clock Uncertainty:      0.127ns  ((TSJ^2 + DJ^2)^1/2) / 2 + PE
    Total System Jitter     (TSJ):    0.050ns
    Discrete Jitter          (DJ):    0.248ns
    Phase Error              (PE):    0.000ns
  Clock Net Delay (Destination): 2.695ns (routing 1.450ns, distribution 1.245ns)

    Location             Delay type                Incr(ns)  Path(ns)    Netlist Resource(s)
  -------------------------------------------------------------------    -------------------
    DSP48E2_X11Y80       DSP_A_B_DATA                 0.000     0.000 r  system_bringup_i/conv0_engine_0/inst/grp_conv0_engine_Pipeline_COL_GROUP_fu_2717/mul_10ns_12ns_21_1_1_U544/tmp_product/DSP_A_B_DATA_INST/B2_DATA[13]
                         net (fo=1, routed)           0.000     0.000    system_bringup_i/conv0_engine_0/inst/grp_conv0_engine_Pipeline_COL_GROUP_fu_2717/mul_10ns_12ns_21_1_1_U544/tmp_product/DSP_A_B_DATA.B2_DATA<13>
    DSP48E2_X11Y80       DSP_PREADD_DATA (Prop_DSP_PREADD_DATA_DSP48E2_B2_DATA[13]_B2B1[13])
                                                      0.097     0.097 r  system_bringup_i/conv0_engine_0/inst/grp_conv0_engine_Pipeline_COL_GROUP_fu_2717/mul_10ns_12ns_21_1_1_U544/tmp_product/DSP_PREADD_DATA_INST/B2B1[13]
                         net (fo=1, routed)           0.000     0.097    system_bringup_i/conv0_engine_0/inst/grp_conv0_engine_Pipeline_COL_GROUP_fu_2717/mul_10ns_12ns_21_1_1_U544/tmp_product/DSP_PREADD_DATA.B2B1<13>
    DSP48E2_X11Y80       DSP_MULTIPLIER (Prop_DSP_MULTIPLIER_DSP48E2_B2B1[13]_U[14])
                                                      0.773     0.870 f  system_bringup_i/conv0_engine_0/inst/grp_conv0_engine_Pipeline_COL_GROUP_fu_2717/mul_10ns_12ns_21_1_1_U544/tmp_product/DSP_MULTIPLIER_INST/U[14]
                         net (fo=1, routed)           0.000     0.870    system_bringup_i/conv0_engine_0/inst/grp_conv0_engine_Pipeline_COL_GROUP_fu_2717/mul_10ns_12ns_21_1_1_U544/tmp_product/DSP_MULTIPLIER.U<14>
    DSP48E2_X11Y80       DSP_M_DATA (Prop_DSP_M_DATA_DSP48E2_U[14]_U_DATA[14])
                                                      0.067     0.937 r  system_bringup_i/conv0_engine_0/inst/grp_conv0_engine_Pipeline_COL_GROUP_fu_2717/mul_10ns_12ns_21_1_1_U544/tmp_product/DSP_M_DATA_INST/U_DATA[14]
                         net (fo=1, routed)           0.000     0.937    system_bringup_i/conv0_engine_0/inst/grp_conv0_engine_Pipeline_COL_GROUP_fu_2717/mul_10ns_12ns_21_1_1_U544/tmp_product/DSP_M_DATA.U_DATA<14>
    DSP48E2_X11Y80       DSP_ALU (Prop_DSP_ALU_DSP48E2_U_DATA[14]_ALU_OUT[14])
                                                      0.727     1.664 f  system_bringup_i/conv0_engine_0/inst/grp_conv0_engine_Pipeline_COL_GROUP_fu_2717/mul_10ns_12ns_21_1_1_U544/tmp_product/DSP_ALU_INST/ALU_OUT[14]
                         net (fo=1, routed)           0.000     1.664    system_bringup_i/conv0_engine_0/inst/grp_conv0_engine_Pipeline_COL_GROUP_fu_2717/mul_10ns_12ns_21_1_1_U544/tmp_product/DSP_ALU.ALU_OUT<14>
    DSP48E2_X11Y80       DSP_OUTPUT (Prop_DSP_OUTPUT_DSP48E2_ALU_OUT[14]_P[14])
                                                      0.146     1.810 r  system_bringup_i/conv0_engine_0/inst/grp_conv0_engine_Pipeline_COL_GROUP_fu_2717/mul_10ns_12ns_21_1_1_U544/tmp_product/DSP_OUTPUT_INST/P[14]
                         net (fo=3, routed)           1.063     2.873    system_bringup_i/conv0_engine_0/inst/grp_conv0_engine_Pipeline_COL_GROUP_fu_2717/mul_10ns_12ns_21_1_1_U544/D[2]
    SLICE_X29Y222        LUT3 (Prop_D5LUT_SLICEM_I0_O)
                                                      0.091     2.964 r  system_bringup_i/conv0_engine_0/inst/grp_conv0_engine_Pipeline_COL_GROUP_fu_2717/mul_10ns_12ns_21_1_1_U544/ram_reg_bram_0_i_8__32/O
                         net (fo=3, routed)           0.456     3.421    system_bringup_i/conv0_engine_0/inst/p_ZZ12conv0_enginePK6ap_intILi8EES2_PKS_ILi32EEP7ap_uintILi32EEttihhE7row_buf_3_1_2_U/ram_reg_bram_0_2[2]
    RAMB18_X0Y90         RAMB18E2                                     r  system_bringup_i/conv0_engine_0/inst/p_ZZ12conv0_enginePK6ap_intILi8EES2_PKS_ILi32EEP7ap_uintILi32EEttihhE7row_buf_3_1_2_U/ram_reg_bram_0/ADDRARDADDR[6]
  -------------------------------------------------------------------    -------------------

                         (clock clk_pl_0 rise edge)
                                                      0.000     0.000 r  
    PS8_X0Y0             PS8                          0.000     0.000 r  system_bringup_i/zynq_ultra_ps_e_0/inst/PS8_i/PLCLK[0]
                         net (fo=1, routed)           0.181     0.181    system_bringup_i/zynq_ultra_ps_e_0/inst/pl_clk_unbuffered[0]
    BUFG_PS_X0Y80        BUFG_PS (Prop_BUFG_PS_I_O)
                                                      0.035     0.216 r  system_bringup_i/zynq_ultra_ps_e_0/inst/buffer_pl_clk_0.PL_CLK_0_BUFG/O
    X1Y1 (CLOCK_ROOT)    net (fo=91111, routed)       2.695     2.911    system_bringup_i/conv0_engine_0/inst/p_ZZ12conv0_enginePK6ap_intILi8EES2_PKS_ILi32EEP7ap_uintILi32EEttihhE7row_buf_3_1_2_U/ap_clk
    RAMB18_X0Y90         RAMB18E2                                     r  system_bringup_i/conv0_engine_0/inst/p_ZZ12conv0_enginePK6ap_intILi8EES2_PKS_ILi32EEP7ap_uintILi32EEttihhE7row_buf_3_1_2_U/ram_reg_bram_0/CLKARDCLK

Slack:                    inf
  Source:                 system_bringup_i/conv0_engine_0/inst/grp_conv0_engine_Pipeline_COL_GROUP_fu_2717/mul_10ns_12ns_21_1_1_U544/tmp_product/DSP_A_B_DATA_INST/B2_DATA[13]
                            (internal pin)
  Destination:            system_bringup_i/conv0_engine_0/inst/p_ZZ12conv0_enginePK6ap_intILi8EES2_PKS_ILi32EEP7ap_uintILi32EEttihhE7row_buf_3_0_2_U/ram_reg_bram_0/ADDRARDADDR[6]
                            (rising edge-triggered cell RAMB18E2 clocked by clk_pl_0  {rise@0.000ns fall@2.500ns period=5.000ns})
  Path Group:             (none)
  Path Type:              Setup (Max at Slow Process Corner)
  Data Path Delay:        3.421ns  (logic 1.901ns (55.576%)  route 1.520ns (44.424%))
  Logic Levels:           6  (DSP_ALU=1 DSP_M_DATA=1 DSP_MULTIPLIER=1 DSP_OUTPUT=1 DSP_PREADD_DATA=1 LUT3=1)
  Clock Uncertainty:      0.127ns  ((TSJ^2 + DJ^2)^1/2) / 2 + PE
    Total System Jitter     (TSJ):    0.050ns
    Discrete Jitter          (DJ):    0.248ns
    Phase Error              (PE):    0.000ns
  Clock Net Delay (Destination): 2.691ns (routing 1.450ns, distribution 1.241ns)

    Location             Delay type                Incr(ns)  Path(ns)    Netlist Resource(s)
  -------------------------------------------------------------------    -------------------
    DSP48E2_X11Y80       DSP_A_B_DATA                 0.000     0.000 r  system_bringup_i/conv0_engine_0/inst/grp_conv0_engine_Pipeline_COL_GROUP_fu_2717/mul_10ns_12ns_21_1_1_U544/tmp_product/DSP_A_B_DATA_INST/B2_DATA[13]
                         net (fo=1, routed)           0.000     0.000    system_bringup_i/conv0_engine_0/inst/grp_conv0_engine_Pipeline_COL_GROUP_fu_2717/mul_10ns_12ns_21_1_1_U544/tmp_product/DSP_A_B_DATA.B2_DATA<13>
    DSP48E2_X11Y80       DSP_PREADD_DATA (Prop_DSP_PREADD_DATA_DSP48E2_B2_DATA[13]_B2B1[13])
                                                      0.097     0.097 r  system_bringup_i/conv0_engine_0/inst/grp_conv0_engine_Pipeline_COL_GROUP_fu_2717/mul_10ns_12ns_21_1_1_U544/tmp_product/DSP_PREADD_DATA_INST/B2B1[13]
                         net (fo=1, routed)           0.000     0.097    system_bringup_i/conv0_engine_0/inst/grp_conv0_engine_Pipeline_COL_GROUP_fu_2717/mul_10ns_12ns_21_1_1_U544/tmp_product/DSP_PREADD_DATA.B2B1<13>
    DSP48E2_X11Y80       DSP_MULTIPLIER (Prop_DSP_MULTIPLIER_DSP48E2_B2B1[13]_U[14])
                                                      0.773     0.870 f  system_bringup_i/conv0_engine_0/inst/grp_conv0_engine_Pipeline_COL_GROUP_fu_2717/mul_10ns_12ns_21_1_1_U544/tmp_product/DSP_MULTIPLIER_INST/U[14]
                         net (fo=1, routed)           0.000     0.870    system_bringup_i/conv0_engine_0/inst/grp_conv0_engine_Pipeline_COL_GROUP_fu_2717/mul_10ns_12ns_21_1_1_U544/tmp_product/DSP_MULTIPLIER.U<14>
    DSP48E2_X11Y80       DSP_M_DATA (Prop_DSP_M_DATA_DSP48E2_U[14]_U_DATA[14])
                                                      0.067     0.937 r  system_bringup_i/conv0_engine_0/inst/grp_conv0_engine_Pipeline_COL_GROUP_fu_2717/mul_10ns_12ns_21_1_1_U544/tmp_product/DSP_M_DATA_INST/U_DATA[14]
                         net (fo=1, routed)           0.000     0.937    system_bringup_i/conv0_engine_0/inst/grp_conv0_engine_Pipeline_COL_GROUP_fu_2717/mul_10ns_12ns_21_1_1_U544/tmp_product/DSP_M_DATA.U_DATA<14>
    DSP48E2_X11Y80       DSP_ALU (Prop_DSP_ALU_DSP48E2_U_DATA[14]_ALU_OUT[14])
                                                      0.727     1.664 f  system_bringup_i/conv0_engine_0/inst/grp_conv0_engine_Pipeline_COL_GROUP_fu_2717/mul_10ns_12ns_21_1_1_U544/tmp_product/DSP_ALU_INST/ALU_OUT[14]
                         net (fo=1, routed)           0.000     1.664    system_bringup_i/conv0_engine_0/inst/grp_conv0_engine_Pipeline_COL_GROUP_fu_2717/mul_10ns_12ns_21_1_1_U544/tmp_product/DSP_ALU.ALU_OUT<14>
    DSP48E2_X11Y80       DSP_OUTPUT (Prop_DSP_OUTPUT_DSP48E2_ALU_OUT[14]_P[14])
                                                      0.146     1.810 r  system_bringup_i/conv0_engine_0/inst/grp_conv0_engine_Pipeline_COL_GROUP_fu_2717/mul_10ns_12ns_21_1_1_U544/tmp_product/DSP_OUTPUT_INST/P[14]
                         net (fo=3, routed)           1.063     2.873    system_bringup_i/conv0_engine_0/inst/grp_conv0_engine_Pipeline_COL_GROUP_fu_2717/mul_10ns_12ns_21_1_1_U544/D[2]
    SLICE_X29Y222        LUT3 (Prop_D5LUT_SLICEM_I0_O)
                                                      0.091     2.964 r  system_bringup_i/conv0_engine_0/inst/grp_conv0_engine_Pipeline_COL_GROUP_fu_2717/mul_10ns_12ns_21_1_1_U544/ram_reg_bram_0_i_8__32/O
                         net (fo=3, routed)           0.456     3.421    system_bringup_i/conv0_engine_0/inst/p_ZZ12conv0_enginePK6ap_intILi8EES2_PKS_ILi32EEP7ap_uintILi32EEttihhE7row_buf_3_0_2_U/ram_reg_bram_0_1[2]
    RAMB18_X0Y88         RAMB18E2                                     r  system_bringup_i/conv0_engine_0/inst/p_ZZ12conv0_enginePK6ap_intILi8EES2_PKS_ILi32EEP7ap_uintILi32EEttihhE7row_buf_3_0_2_U/ram_reg_bram_0/ADDRARDADDR[6]
  -------------------------------------------------------------------    -------------------

                         (clock clk_pl_0 rise edge)
                                                      0.000     0.000 r  
    PS8_X0Y0             PS8                          0.000     0.000 r  system_bringup_i/zynq_ultra_ps_e_0/inst/PS8_i/PLCLK[0]
                         net (fo=1, routed)           0.181     0.181    system_bringup_i/zynq_ultra_ps_e_0/inst/pl_clk_unbuffered[0]
    BUFG_PS_X0Y80        BUFG_PS (Prop_BUFG_PS_I_O)
                                                      0.035     0.216 r  system_bringup_i/zynq_ultra_ps_e_0/inst/buffer_pl_clk_0.PL_CLK_0_BUFG/O
    X1Y1 (CLOCK_ROOT)    net (fo=91111, routed)       2.691     2.907    system_bringup_i/conv0_engine_0/inst/p_ZZ12conv0_enginePK6ap_intILi8EES2_PKS_ILi32EEP7ap_uintILi32EEttihhE7row_buf_3_0_2_U/ap_clk
    RAMB18_X0Y88         RAMB18E2                                     r  system_bringup_i/conv0_engine_0/inst/p_ZZ12conv0_enginePK6ap_intILi8EES2_PKS_ILi32EEP7ap_uintILi32EEttihhE7row_buf_3_0_2_U/ram_reg_bram_0/CLKARDCLK

Slack:                    inf
  Source:                 system_bringup_i/conv0_engine_0/inst/grp_conv0_engine_Pipeline_COL_GROUP_fu_2717/mul_10ns_12ns_21_1_1_U544/tmp_product/DSP_A_B_DATA_INST/B2_DATA[13]
                            (internal pin)
  Destination:            system_bringup_i/conv0_engine_0/inst/p_ZZ12conv0_enginePK6ap_intILi8EES2_PKS_ILi32EEP7ap_uintILi32EEttihhE7row_buf_3_2_2_U/ram_reg_bram_0/ADDRARDADDR[6]
                            (rising edge-triggered cell RAMB18E2 clocked by clk_pl_0  {rise@0.000ns fall@2.500ns period=5.000ns})
  Path Group:             (none)
  Path Type:              Setup (Max at Slow Process Corner)
  Data Path Delay:        3.396ns  (logic 1.901ns (55.986%)  route 1.495ns (44.014%))
  Logic Levels:           6  (DSP_ALU=1 DSP_M_DATA=1 DSP_MULTIPLIER=1 DSP_OUTPUT=1 DSP_PREADD_DATA=1 LUT3=1)
  Clock Uncertainty:      0.127ns  ((TSJ^2 + DJ^2)^1/2) / 2 + PE
    Total System Jitter     (TSJ):    0.050ns
    Discrete Jitter          (DJ):    0.248ns
    Phase Error              (PE):    0.000ns
  Clock Net Delay (Destination): 2.708ns (routing 1.450ns, distribution 1.258ns)

    Location             Delay type                Incr(ns)  Path(ns)    Netlist Resource(s)
  -------------------------------------------------------------------    -------------------
    DSP48E2_X11Y80       DSP_A_B_DATA                 0.000     0.000 r  system_bringup_i/conv0_engine_0/inst/grp_conv0_engine_Pipeline_COL_GROUP_fu_2717/mul_10ns_12ns_21_1_1_U544/tmp_product/DSP_A_B_DATA_INST/B2_DATA[13]
                         net (fo=1, routed)           0.000     0.000    system_bringup_i/conv0_engine_0/inst/grp_conv0_engine_Pipeline_COL_GROUP_fu_2717/mul_10ns_12ns_21_1_1_U544/tmp_product/DSP_A_B_DATA.B2_DATA<13>
    DSP48E2_X11Y80       DSP_PREADD_DATA (Prop_DSP_PREADD_DATA_DSP48E2_B2_DATA[13]_B2B1[13])
                                                      0.097     0.097 r  system_bringup_i/conv0_engine_0/inst/grp_conv0_engine_Pipeline_COL_GROUP_fu_2717/mul_10ns_12ns_21_1_1_U544/tmp_product/DSP_PREADD_DATA_INST/B2B1[13]
                         net (fo=1, routed)           0.000     0.097    system_bringup_i/conv0_engine_0/inst/grp_conv0_engine_Pipeline_COL_GROUP_fu_2717/mul_10ns_12ns_21_1_1_U544/tmp_product/DSP_PREADD_DATA.B2B1<13>
    DSP48E2_X11Y80       DSP_MULTIPLIER (Prop_DSP_MULTIPLIER_DSP48E2_B2B1[13]_U[14])
                                                      0.773     0.870 f  system_bringup_i/conv0_engine_0/inst/grp_conv0_engine_Pipeline_COL_GROUP_fu_2717/mul_10ns_12ns_21_1_1_U544/tmp_product/DSP_MULTIPLIER_INST/U[14]
                         net (fo=1, routed)           0.000     0.870    system_bringup_i/conv0_engine_0/inst/grp_conv0_engine_Pipeline_COL_GROUP_fu_2717/mul_10ns_12ns_21_1_1_U544/tmp_product/DSP_MULTIPLIER.U<14>
    DSP48E2_X11Y80       DSP_M_DATA (Prop_DSP_M_DATA_DSP48E2_U[14]_U_DATA[14])
                                                      0.067     0.937 r  system_bringup_i/conv0_engine_0/inst/grp_conv0_engine_Pipeline_COL_GROUP_fu_2717/mul_10ns_12ns_21_1_1_U544/tmp_product/DSP_M_DATA_INST/U_DATA[14]
                         net (fo=1, routed)           0.000     0.937    system_bringup_i/conv0_engine_0/inst/grp_conv0_engine_Pipeline_COL_GROUP_fu_2717/mul_10ns_12ns_21_1_1_U544/tmp_product/DSP_M_DATA.U_DATA<14>
    DSP48E2_X11Y80       DSP_ALU (Prop_DSP_ALU_DSP48E2_U_DATA[14]_ALU_OUT[14])
                                                      0.727     1.664 f  system_bringup_i/conv0_engine_0/inst/grp_conv0_engine_Pipeline_COL_GROUP_fu_2717/mul_10ns_12ns_21_1_1_U544/tmp_product/DSP_ALU_INST/ALU_OUT[14]
                         net (fo=1, routed)           0.000     1.664    system_bringup_i/conv0_engine_0/inst/grp_conv0_engine_Pipeline_COL_GROUP_fu_2717/mul_10ns_12ns_21_1_1_U544/tmp_product/DSP_ALU.ALU_OUT<14>
    DSP48E2_X11Y80       DSP_OUTPUT (Prop_DSP_OUTPUT_DSP48E2_ALU_OUT[14]_P[14])
                                                      0.146     1.810 r  system_bringup_i/conv0_engine_0/inst/grp_conv0_engine_Pipeline_COL_GROUP_fu_2717/mul_10ns_12ns_21_1_1_U544/tmp_product/DSP_OUTPUT_INST/P[14]
                         net (fo=3, routed)           1.063     2.873    system_bringup_i/conv0_engine_0/inst/grp_conv0_engine_Pipeline_COL_GROUP_fu_2717/mul_10ns_12ns_21_1_1_U544/D[2]
    SLICE_X29Y222        LUT3 (Prop_D5LUT_SLICEM_I0_O)
                                                      0.091     2.964 r  system_bringup_i/conv0_engine_0/inst/grp_conv0_engine_Pipeline_COL_GROUP_fu_2717/mul_10ns_12ns_21_1_1_U544/ram_reg_bram_0_i_8__32/O
                         net (fo=3, routed)           0.431     3.396    system_bringup_i/conv0_engine_0/inst/p_ZZ12conv0_enginePK6ap_intILi8EES2_PKS_ILi32EEP7ap_uintILi32EEttihhE7row_buf_3_2_2_U/ram_reg_bram_0_2[2]
    RAMB18_X0Y89         RAMB18E2                                     r  system_bringup_i/conv0_engine_0/inst/p_ZZ12conv0_enginePK6ap_intILi8EES2_PKS_ILi32EEP7ap_uintILi32EEttihhE7row_buf_3_2_2_U/ram_reg_bram_0/ADDRARDADDR[6]
  -------------------------------------------------------------------    -------------------

                         (clock clk_pl_0 rise edge)
                                                      0.000     0.000 r  
    PS8_X0Y0             PS8                          0.000     0.000 r  system_bringup_i/zynq_ultra_ps_e_0/inst/PS8_i/PLCLK[0]
                         net (fo=1, routed)           0.181     0.181    system_bringup_i/zynq_ultra_ps_e_0/inst/pl_clk_unbuffered[0]
    BUFG_PS_X0Y80        BUFG_PS (Prop_BUFG_PS_I_O)
                                                      0.035     0.216 r  system_bringup_i/zynq_ultra_ps_e_0/inst/buffer_pl_clk_0.PL_CLK_0_BUFG/O
    X1Y1 (CLOCK_ROOT)    net (fo=91111, routed)       2.708     2.924    system_bringup_i/conv0_engine_0/inst/p_ZZ12conv0_enginePK6ap_intILi8EES2_PKS_ILi32EEP7ap_uintILi32EEttihhE7row_buf_3_2_2_U/ap_clk
    RAMB18_X0Y89         RAMB18E2                                     r  system_bringup_i/conv0_engine_0/inst/p_ZZ12conv0_enginePK6ap_intILi8EES2_PKS_ILi32EEP7ap_uintILi32EEttihhE7row_buf_3_2_2_U/ram_reg_bram_0/CLKARDCLK

Slack:                    inf
  Source:                 system_bringup_i/conv0_engine_0/inst/grp_conv0_engine_Pipeline_COL_GROUP_fu_2717/mul_10ns_12ns_21_1_1_U544/tmp_product/DSP_A_B_DATA_INST/B2_DATA[11]
                            (internal pin)
  Destination:            system_bringup_i/conv0_engine_0/inst/p_ZZ12conv0_enginePK6ap_intILi8EES2_PKS_ILi32EEP7ap_uintILi32EEttihhE7row_buf_3_1_2_U/ram_reg_bram_0/ADDRARDADDR[4]
                            (rising edge-triggered cell RAMB18E2 clocked by clk_pl_0  {rise@0.000ns fall@2.500ns period=5.000ns})
  Path Group:             (none)
  Path Type:              Setup (Max at Slow Process Corner)
  Data Path Delay:        3.386ns  (logic 1.944ns (57.408%)  route 1.442ns (42.592%))
  Logic Levels:           6  (DSP_ALU=1 DSP_M_DATA=1 DSP_MULTIPLIER=1 DSP_OUTPUT=1 DSP_PREADD_DATA=1 LUT3=1)
  Clock Uncertainty:      0.127ns  ((TSJ^2 + DJ^2)^1/2) / 2 + PE
    Total System Jitter     (TSJ):    0.050ns
    Discrete Jitter          (DJ):    0.248ns
    Phase Error              (PE):    0.000ns
  Clock Net Delay (Destination): 2.695ns (routing 1.450ns, distribution 1.245ns)

    Location             Delay type                Incr(ns)  Path(ns)    Netlist Resource(s)
  -------------------------------------------------------------------    -------------------
    DSP48E2_X11Y80       DSP_A_B_DATA                 0.000     0.000 r  system_bringup_i/conv0_engine_0/inst/grp_conv0_engine_Pipeline_COL_GROUP_fu_2717/mul_10ns_12ns_21_1_1_U544/tmp_product/DSP_A_B_DATA_INST/B2_DATA[11]
                         net (fo=1, routed)           0.000     0.000    system_bringup_i/conv0_engine_0/inst/grp_conv0_engine_Pipeline_COL_GROUP_fu_2717/mul_10ns_12ns_21_1_1_U544/tmp_product/DSP_A_B_DATA.B2_DATA<11>
    DSP48E2_X11Y80       DSP_PREADD_DATA (Prop_DSP_PREADD_DATA_DSP48E2_B2_DATA[11]_B2B1[11])
                                                      0.097     0.097 r  system_bringup_i/conv0_engine_0/inst/grp_conv0_engine_Pipeline_COL_GROUP_fu_2717/mul_10ns_12ns_21_1_1_U544/tmp_product/DSP_PREADD_DATA_INST/B2B1[11]
                         net (fo=1, routed)           0.000     0.097    system_bringup_i/conv0_engine_0/inst/grp_conv0_engine_Pipeline_COL_GROUP_fu_2717/mul_10ns_12ns_21_1_1_U544/tmp_product/DSP_PREADD_DATA.B2B1<11>
    DSP48E2_X11Y80       DSP_MULTIPLIER (Prop_DSP_MULTIPLIER_DSP48E2_B2B1[11]_U[12])
                                                      0.773     0.870 f  system_bringup_i/conv0_engine_0/inst/grp_conv0_engine_Pipeline_COL_GROUP_fu_2717/mul_10ns_12ns_21_1_1_U544/tmp_product/DSP_MULTIPLIER_INST/U[12]
                         net (fo=1, routed)           0.000     0.870    system_bringup_i/conv0_engine_0/inst/grp_conv0_engine_Pipeline_COL_GROUP_fu_2717/mul_10ns_12ns_21_1_1_U544/tmp_product/DSP_MULTIPLIER.U<12>
    DSP48E2_X11Y80       DSP_M_DATA (Prop_DSP_M_DATA_DSP48E2_U[12]_U_DATA[12])
                                                      0.067     0.937 r  system_bringup_i/conv0_engine_0/inst/grp_conv0_engine_Pipeline_COL_GROUP_fu_2717/mul_10ns_12ns_21_1_1_U544/tmp_product/DSP_M_DATA_INST/U_DATA[12]
                         net (fo=1, routed)           0.000     0.937    system_bringup_i/conv0_engine_0/inst/grp_conv0_engine_Pipeline_COL_GROUP_fu_2717/mul_10ns_12ns_21_1_1_U544/tmp_product/DSP_M_DATA.U_DATA<12>
    DSP48E2_X11Y80       DSP_ALU (Prop_DSP_ALU_DSP48E2_U_DATA[12]_ALU_OUT[12])
                                                      0.727     1.664 f  system_bringup_i/conv0_engine_0/inst/grp_conv0_engine_Pipeline_COL_GROUP_fu_2717/mul_10ns_12ns_21_1_1_U544/tmp_product/DSP_ALU_INST/ALU_OUT[12]
                         net (fo=1, routed)           0.000     1.664    system_bringup_i/conv0_engine_0/inst/grp_conv0_engine_Pipeline_COL_GROUP_fu_2717/mul_10ns_12ns_21_1_1_U544/tmp_product/DSP_ALU.ALU_OUT<12>
    DSP48E2_X11Y80       DSP_OUTPUT (Prop_DSP_OUTPUT_DSP48E2_ALU_OUT[12]_P[12])
                                                      0.146     1.810 r  system_bringup_i/conv0_engine_0/inst/grp_conv0_engine_Pipeline_COL_GROUP_fu_2717/mul_10ns_12ns_21_1_1_U544/tmp_product/DSP_OUTPUT_INST/P[12]
                         net (fo=3, routed)           0.738     2.548    system_bringup_i/conv0_engine_0/inst/grp_conv0_engine_Pipeline_COL_GROUP_fu_2717/mul_10ns_12ns_21_1_1_U544/D[0]
    SLICE_X29Y208        LUT3 (Prop_D6LUT_SLICEM_I0_O)
                                                      0.134     2.682 r  system_bringup_i/conv0_engine_0/inst/grp_conv0_engine_Pipeline_COL_GROUP_fu_2717/mul_10ns_12ns_21_1_1_U544/ram_reg_bram_0_i_10__4/O
                         net (fo=3, routed)           0.705     3.386    system_bringup_i/conv0_engine_0/inst/p_ZZ12conv0_enginePK6ap_intILi8EES2_PKS_ILi32EEP7ap_uintILi32EEttihhE7row_buf_3_1_2_U/ram_reg_bram_0_2[0]
    RAMB18_X0Y90         RAMB18E2                                     r  system_bringup_i/conv0_engine_0/inst/p_ZZ12conv0_enginePK6ap_intILi8EES2_PKS_ILi32EEP7ap_uintILi32EEttihhE7row_buf_3_1_2_U/ram_reg_bram_0/ADDRARDADDR[4]
  -------------------------------------------------------------------    -------------------

                         (clock clk_pl_0 rise edge)
                                                      0.000     0.000 r  
    PS8_X0Y0             PS8                          0.000     0.000 r  system_bringup_i/zynq_ultra_ps_e_0/inst/PS8_i/PLCLK[0]
                         net (fo=1, routed)           0.181     0.181    system_bringup_i/zynq_ultra_ps_e_0/inst/pl_clk_unbuffered[0]
    BUFG_PS_X0Y80        BUFG_PS (Prop_BUFG_PS_I_O)
                                                      0.035     0.216 r  system_bringup_i/zynq_ultra_ps_e_0/inst/buffer_pl_clk_0.PL_CLK_0_BUFG/O
    X1Y1 (CLOCK_ROOT)    net (fo=91111, routed)       2.695     2.911    system_bringup_i/conv0_engine_0/inst/p_ZZ12conv0_enginePK6ap_intILi8EES2_PKS_ILi32EEP7ap_uintILi32EEttihhE7row_buf_3_1_2_U/ap_clk
    RAMB18_X0Y90         RAMB18E2                                     r  system_bringup_i/conv0_engine_0/inst/p_ZZ12conv0_enginePK6ap_intILi8EES2_PKS_ILi32EEP7ap_uintILi32EEttihhE7row_buf_3_1_2_U/ram_reg_bram_0/CLKARDCLK

Slack:                    inf
  Source:                 system_bringup_i/conv0_engine_0/inst/grp_conv0_engine_Pipeline_COL_GROUP_fu_2717/mul_10ns_12ns_21_1_1_U544/tmp_product/DSP_A_B_DATA_INST/B2_DATA[17]
                            (internal pin)
  Destination:            system_bringup_i/conv0_engine_0/inst/p_ZZ12conv0_enginePK6ap_intILi8EES2_PKS_ILi32EEP7ap_uintILi32EEttihhE7row_buf_2_1_2_U/ram_reg_bram_0/ADDRARDADDR[10]
                            (rising edge-triggered cell RAMB18E2 clocked by clk_pl_0  {rise@0.000ns fall@2.500ns period=5.000ns})
  Path Group:             (none)
  Path Type:              Setup (Max at Slow Process Corner)
  Data Path Delay:        3.383ns  (logic 1.999ns (59.089%)  route 1.384ns (40.911%))
  Logic Levels:           6  (DSP_ALU=1 DSP_M_DATA=1 DSP_MULTIPLIER=1 DSP_OUTPUT=1 DSP_PREADD_DATA=1 LUT6=1)
  Clock Uncertainty:      0.127ns  ((TSJ^2 + DJ^2)^1/2) / 2 + PE
    Total System Jitter     (TSJ):    0.050ns
    Discrete Jitter          (DJ):    0.248ns
    Phase Error              (PE):    0.000ns
  Clock Net Delay (Destination): 2.703ns (routing 1.450ns, distribution 1.253ns)

    Location             Delay type                Incr(ns)  Path(ns)    Netlist Resource(s)
  -------------------------------------------------------------------    -------------------
    DSP48E2_X11Y80       DSP_A_B_DATA                 0.000     0.000 r  system_bringup_i/conv0_engine_0/inst/grp_conv0_engine_Pipeline_COL_GROUP_fu_2717/mul_10ns_12ns_21_1_1_U544/tmp_product/DSP_A_B_DATA_INST/B2_DATA[17]
                         net (fo=1, routed)           0.000     0.000    system_bringup_i/conv0_engine_0/inst/grp_conv0_engine_Pipeline_COL_GROUP_fu_2717/mul_10ns_12ns_21_1_1_U544/tmp_product/DSP_A_B_DATA.B2_DATA<17>
    DSP48E2_X11Y80       DSP_PREADD_DATA (Prop_DSP_PREADD_DATA_DSP48E2_B2_DATA[17]_B2B1[17])
                                                      0.097     0.097 r  system_bringup_i/conv0_engine_0/inst/grp_conv0_engine_Pipeline_COL_GROUP_fu_2717/mul_10ns_12ns_21_1_1_U544/tmp_product/DSP_PREADD_DATA_INST/B2B1[17]
                         net (fo=1, routed)           0.000     0.097    system_bringup_i/conv0_engine_0/inst/grp_conv0_engine_Pipeline_COL_GROUP_fu_2717/mul_10ns_12ns_21_1_1_U544/tmp_product/DSP_PREADD_DATA.B2B1<17>
    DSP48E2_X11Y80       DSP_MULTIPLIER (Prop_DSP_MULTIPLIER_DSP48E2_B2B1[17]_U[18])
                                                      0.773     0.870 f  system_bringup_i/conv0_engine_0/inst/grp_conv0_engine_Pipeline_COL_GROUP_fu_2717/mul_10ns_12ns_21_1_1_U544/tmp_product/DSP_MULTIPLIER_INST/U[18]
                         net (fo=1, routed)           0.000     0.870    system_bringup_i/conv0_engine_0/inst/grp_conv0_engine_Pipeline_COL_GROUP_fu_2717/mul_10ns_12ns_21_1_1_U544/tmp_product/DSP_MULTIPLIER.U<18>
    DSP48E2_X11Y80       DSP_M_DATA (Prop_DSP_M_DATA_DSP48E2_U[18]_U_DATA[18])
                                                      0.067     0.937 r  system_bringup_i/conv0_engine_0/inst/grp_conv0_engine_Pipeline_COL_GROUP_fu_2717/mul_10ns_12ns_21_1_1_U544/tmp_product/DSP_M_DATA_INST/U_DATA[18]
                         net (fo=1, routed)           0.000     0.937    system_bringup_i/conv0_engine_0/inst/grp_conv0_engine_Pipeline_COL_GROUP_fu_2717/mul_10ns_12ns_21_1_1_U544/tmp_product/DSP_M_DATA.U_DATA<18>
    DSP48E2_X11Y80       DSP_ALU (Prop_DSP_ALU_DSP48E2_U_DATA[18]_ALU_OUT[18])
                                                      0.727     1.664 f  system_bringup_i/conv0_engine_0/inst/grp_conv0_engine_Pipeline_COL_GROUP_fu_2717/mul_10ns_12ns_21_1_1_U544/tmp_product/DSP_ALU_INST/ALU_OUT[18]
                         net (fo=1, routed)           0.000     1.664    system_bringup_i/conv0_engine_0/inst/grp_conv0_engine_Pipeline_COL_GROUP_fu_2717/mul_10ns_12ns_21_1_1_U544/tmp_product/DSP_ALU.ALU_OUT<18>
    DSP48E2_X11Y80       DSP_OUTPUT (Prop_DSP_OUTPUT_DSP48E2_ALU_OUT[18]_P[18])
                                                      0.146     1.810 r  system_bringup_i/conv0_engine_0/inst/grp_conv0_engine_Pipeline_COL_GROUP_fu_2717/mul_10ns_12ns_21_1_1_U544/tmp_product/DSP_OUTPUT_INST/P[18]
                         net (fo=3, routed)           0.678     2.488    system_bringup_i/conv0_engine_0/inst/grp_conv0_engine_Pipeline_COL_GROUP_fu_2717/mul_10ns_12ns_21_1_1_U544/D[6]
    SLICE_X34Y207        LUT6 (Prop_H6LUT_SLICEM_I0_O)
                                                      0.189     2.677 r  system_bringup_i/conv0_engine_0/inst/grp_conv0_engine_Pipeline_COL_GROUP_fu_2717/mul_10ns_12ns_21_1_1_U544/ram_reg_bram_0_i_4__35/O
                         net (fo=9, routed)           0.706     3.383    system_bringup_i/conv0_engine_0/inst/p_ZZ12conv0_enginePK6ap_intILi8EES2_PKS_ILi32EEP7ap_uintILi32EEttihhE7row_buf_2_1_2_U/ram_reg_bram_0_2[6]
    RAMB18_X0Y87         RAMB18E2                                     r  system_bringup_i/conv0_engine_0/inst/p_ZZ12conv0_enginePK6ap_intILi8EES2_PKS_ILi32EEP7ap_uintILi32EEttihhE7row_buf_2_1_2_U/ram_reg_bram_0/ADDRARDADDR[10]
  -------------------------------------------------------------------    -------------------

                         (clock clk_pl_0 rise edge)
                                                      0.000     0.000 r  
    PS8_X0Y0             PS8                          0.000     0.000 r  system_bringup_i/zynq_ultra_ps_e_0/inst/PS8_i/PLCLK[0]
                         net (fo=1, routed)           0.181     0.181    system_bringup_i/zynq_ultra_ps_e_0/inst/pl_clk_unbuffered[0]
    BUFG_PS_X0Y80        BUFG_PS (Prop_BUFG_PS_I_O)
                                                      0.035     0.216 r  system_bringup_i/zynq_ultra_ps_e_0/inst/buffer_pl_clk_0.PL_CLK_0_BUFG/O
    X1Y1 (CLOCK_ROOT)    net (fo=91111, routed)       2.703     2.919    system_bringup_i/conv0_engine_0/inst/p_ZZ12conv0_enginePK6ap_intILi8EES2_PKS_ILi32EEP7ap_uintILi32EEttihhE7row_buf_2_1_2_U/ap_clk
    RAMB18_X0Y87         RAMB18E2                                     r  system_bringup_i/conv0_engine_0/inst/p_ZZ12conv0_enginePK6ap_intILi8EES2_PKS_ILi32EEP7ap_uintILi32EEttihhE7row_buf_2_1_2_U/ram_reg_bram_0/CLKARDCLK

Slack:                    inf
  Source:                 system_bringup_i/conv0_engine_0/inst/grp_conv0_engine_Pipeline_COL_GROUP_fu_2717/mul_10ns_12ns_21_1_1_U544/tmp_product/DSP_A_B_DATA_INST/B2_DATA[17]
                            (internal pin)
  Destination:            system_bringup_i/conv0_engine_0/inst/p_ZZ12conv0_enginePK6ap_intILi8EES2_PKS_ILi32EEP7ap_uintILi32EEttihhE7row_buf_2_2_2_U/ram_reg_bram_0/ADDRARDADDR[10]
                            (rising edge-triggered cell RAMB18E2 clocked by clk_pl_0  {rise@0.000ns fall@2.500ns period=5.000ns})
  Path Group:             (none)
  Path Type:              Setup (Max at Slow Process Corner)
  Data Path Delay:        3.379ns  (logic 1.999ns (59.159%)  route 1.380ns (40.841%))
  Logic Levels:           6  (DSP_ALU=1 DSP_M_DATA=1 DSP_MULTIPLIER=1 DSP_OUTPUT=1 DSP_PREADD_DATA=1 LUT6=1)
  Clock Uncertainty:      0.127ns  ((TSJ^2 + DJ^2)^1/2) / 2 + PE
    Total System Jitter     (TSJ):    0.050ns
    Discrete Jitter          (DJ):    0.248ns
    Phase Error              (PE):    0.000ns
  Clock Net Delay (Destination): 2.698ns (routing 1.450ns, distribution 1.248ns)

    Location             Delay type                Incr(ns)  Path(ns)    Netlist Resource(s)
  -------------------------------------------------------------------    -------------------
    DSP48E2_X11Y80       DSP_A_B_DATA                 0.000     0.000 r  system_bringup_i/conv0_engine_0/inst/grp_conv0_engine_Pipeline_COL_GROUP_fu_2717/mul_10ns_12ns_21_1_1_U544/tmp_product/DSP_A_B_DATA_INST/B2_DATA[17]
                         net (fo=1, routed)           0.000     0.000    system_bringup_i/conv0_engine_0/inst/grp_conv0_engine_Pipeline_COL_GROUP_fu_2717/mul_10ns_12ns_21_1_1_U544/tmp_product/DSP_A_B_DATA.B2_DATA<17>
    DSP48E2_X11Y80       DSP_PREADD_DATA (Prop_DSP_PREADD_DATA_DSP48E2_B2_DATA[17]_B2B1[17])
                                                      0.097     0.097 r  system_bringup_i/conv0_engine_0/inst/grp_conv0_engine_Pipeline_COL_GROUP_fu_2717/mul_10ns_12ns_21_1_1_U544/tmp_product/DSP_PREADD_DATA_INST/B2B1[17]
                         net (fo=1, routed)           0.000     0.097    system_bringup_i/conv0_engine_0/inst/grp_conv0_engine_Pipeline_COL_GROUP_fu_2717/mul_10ns_12ns_21_1_1_U544/tmp_product/DSP_PREADD_DATA.B2B1<17>
    DSP48E2_X11Y80       DSP_MULTIPLIER (Prop_DSP_MULTIPLIER_DSP48E2_B2B1[17]_U[18])
                                                      0.773     0.870 f  system_bringup_i/conv0_engine_0/inst/grp_conv0_engine_Pipeline_COL_GROUP_fu_2717/mul_10ns_12ns_21_1_1_U544/tmp_product/DSP_MULTIPLIER_INST/U[18]
                         net (fo=1, routed)           0.000     0.870    system_bringup_i/conv0_engine_0/inst/grp_conv0_engine_Pipeline_COL_GROUP_fu_2717/mul_10ns_12ns_21_1_1_U544/tmp_product/DSP_MULTIPLIER.U<18>
    DSP48E2_X11Y80       DSP_M_DATA (Prop_DSP_M_DATA_DSP48E2_U[18]_U_DATA[18])
                                                      0.067     0.937 r  system_bringup_i/conv0_engine_0/inst/grp_conv0_engine_Pipeline_COL_GROUP_fu_2717/mul_10ns_12ns_21_1_1_U544/tmp_product/DSP_M_DATA_INST/U_DATA[18]
                         net (fo=1, routed)           0.000     0.937    system_bringup_i/conv0_engine_0/inst/grp_conv0_engine_Pipeline_COL_GROUP_fu_2717/mul_10ns_12ns_21_1_1_U544/tmp_product/DSP_M_DATA.U_DATA<18>
    DSP48E2_X11Y80       DSP_ALU (Prop_DSP_ALU_DSP48E2_U_DATA[18]_ALU_OUT[18])
                                                      0.727     1.664 f  system_bringup_i/conv0_engine_0/inst/grp_conv0_engine_Pipeline_COL_GROUP_fu_2717/mul_10ns_12ns_21_1_1_U544/tmp_product/DSP_ALU_INST/ALU_OUT[18]
                         net (fo=1, routed)           0.000     1.664    system_bringup_i/conv0_engine_0/inst/grp_conv0_engine_Pipeline_COL_GROUP_fu_2717/mul_10ns_12ns_21_1_1_U544/tmp_product/DSP_ALU.ALU_OUT<18>
    DSP48E2_X11Y80       DSP_OUTPUT (Prop_DSP_OUTPUT_DSP48E2_ALU_OUT[18]_P[18])
                                                      0.146     1.810 r  system_bringup_i/conv0_engine_0/inst/grp_conv0_engine_Pipeline_COL_GROUP_fu_2717/mul_10ns_12ns_21_1_1_U544/tmp_product/DSP_OUTPUT_INST/P[18]
                         net (fo=3, routed)           0.678     2.488    system_bringup_i/conv0_engine_0/inst/grp_conv0_engine_Pipeline_COL_GROUP_fu_2717/mul_10ns_12ns_21_1_1_U544/D[6]
    SLICE_X34Y207        LUT6 (Prop_H6LUT_SLICEM_I0_O)
                                                      0.189     2.677 r  system_bringup_i/conv0_engine_0/inst/grp_conv0_engine_Pipeline_COL_GROUP_fu_2717/mul_10ns_12ns_21_1_1_U544/ram_reg_bram_0_i_4__35/O
                         net (fo=9, routed)           0.702     3.379    system_bringup_i/conv0_engine_0/inst/p_ZZ12conv0_enginePK6ap_intILi8EES2_PKS_ILi32EEP7ap_uintILi32EEttihhE7row_buf_2_2_2_U/ram_reg_bram_0_2[6]
    RAMB18_X0Y86         RAMB18E2                                     r  system_bringup_i/conv0_engine_0/inst/p_ZZ12conv0_enginePK6ap_intILi8EES2_PKS_ILi32EEP7ap_uintILi32EEttihhE7row_buf_2_2_2_U/ram_reg_bram_0/ADDRARDADDR[10]
  -------------------------------------------------------------------    -------------------

                         (clock clk_pl_0 rise edge)
                                                      0.000     0.000 r  
    PS8_X0Y0             PS8                          0.000     0.000 r  system_bringup_i/zynq_ultra_ps_e_0/inst/PS8_i/PLCLK[0]
                         net (fo=1, routed)           0.181     0.181    system_bringup_i/zynq_ultra_ps_e_0/inst/pl_clk_unbuffered[0]
    BUFG_PS_X0Y80        BUFG_PS (Prop_BUFG_PS_I_O)
                                                      0.035     0.216 r  system_bringup_i/zynq_ultra_ps_e_0/inst/buffer_pl_clk_0.PL_CLK_0_BUFG/O
    X1Y1 (CLOCK_ROOT)    net (fo=91111, routed)       2.698     2.914    system_bringup_i/conv0_engine_0/inst/p_ZZ12conv0_enginePK6ap_intILi8EES2_PKS_ILi32EEP7ap_uintILi32EEttihhE7row_buf_2_2_2_U/ap_clk
    RAMB18_X0Y86         RAMB18E2                                     r  system_bringup_i/conv0_engine_0/inst/p_ZZ12conv0_enginePK6ap_intILi8EES2_PKS_ILi32EEP7ap_uintILi32EEttihhE7row_buf_2_2_2_U/ram_reg_bram_0/CLKARDCLK

Slack:                    inf
  Source:                 system_bringup_i/conv0_engine_0/inst/grp_conv0_engine_Pipeline_COL_GROUP_fu_2717/mul_10ns_12ns_21_1_1_U544/tmp_product/DSP_A_B_DATA_INST/B2_DATA[15]
                            (internal pin)
  Destination:            system_bringup_i/conv0_engine_0/inst/p_ZZ12conv0_enginePK6ap_intILi8EES2_PKS_ILi32EEP7ap_uintILi32EEttihhE7row_buf_3_1_2_U/ram_reg_bram_0/ADDRARDADDR[8]
                            (rising edge-triggered cell RAMB18E2 clocked by clk_pl_0  {rise@0.000ns fall@2.500ns period=5.000ns})
  Path Group:             (none)
  Path Type:              Setup (Max at Slow Process Corner)
  Data Path Delay:        3.350ns  (logic 2.000ns (59.698%)  route 1.350ns (40.302%))
  Logic Levels:           6  (DSP_ALU=1 DSP_M_DATA=1 DSP_MULTIPLIER=1 DSP_OUTPUT=1 DSP_PREADD_DATA=1 LUT3=1)
  Clock Uncertainty:      0.127ns  ((TSJ^2 + DJ^2)^1/2) / 2 + PE
    Total System Jitter     (TSJ):    0.050ns
    Discrete Jitter          (DJ):    0.248ns
    Phase Error              (PE):    0.000ns
  Clock Net Delay (Destination): 2.695ns (routing 1.450ns, distribution 1.245ns)

    Location             Delay type                Incr(ns)  Path(ns)    Netlist Resource(s)
  -------------------------------------------------------------------    -------------------
    DSP48E2_X11Y80       DSP_A_B_DATA                 0.000     0.000 r  system_bringup_i/conv0_engine_0/inst/grp_conv0_engine_Pipeline_COL_GROUP_fu_2717/mul_10ns_12ns_21_1_1_U544/tmp_product/DSP_A_B_DATA_INST/B2_DATA[15]
                         net (fo=1, routed)           0.000     0.000    system_bringup_i/conv0_engine_0/inst/grp_conv0_engine_Pipeline_COL_GROUP_fu_2717/mul_10ns_12ns_21_1_1_U544/tmp_product/DSP_A_B_DATA.B2_DATA<15>
    DSP48E2_X11Y80       DSP_PREADD_DATA (Prop_DSP_PREADD_DATA_DSP48E2_B2_DATA[15]_B2B1[15])
                                                      0.097     0.097 r  system_bringup_i/conv0_engine_0/inst/grp_conv0_engine_Pipeline_COL_GROUP_fu_2717/mul_10ns_12ns_21_1_1_U544/tmp_product/DSP_PREADD_DATA_INST/B2B1[15]
                         net (fo=1, routed)           0.000     0.097    system_bringup_i/conv0_engine_0/inst/grp_conv0_engine_Pipeline_COL_GROUP_fu_2717/mul_10ns_12ns_21_1_1_U544/tmp_product/DSP_PREADD_DATA.B2B1<15>
    DSP48E2_X11Y80       DSP_MULTIPLIER (Prop_DSP_MULTIPLIER_DSP48E2_B2B1[15]_U[16])
                                                      0.773     0.870 f  system_bringup_i/conv0_engine_0/inst/grp_conv0_engine_Pipeline_COL_GROUP_fu_2717/mul_10ns_12ns_21_1_1_U544/tmp_product/DSP_MULTIPLIER_INST/U[16]
                         net (fo=1, routed)           0.000     0.870    system_bringup_i/conv0_engine_0/inst/grp_conv0_engine_Pipeline_COL_GROUP_fu_2717/mul_10ns_12ns_21_1_1_U544/tmp_product/DSP_MULTIPLIER.U<16>
    DSP48E2_X11Y80       DSP_M_DATA (Prop_DSP_M_DATA_DSP48E2_U[16]_U_DATA[16])
                                                      0.067     0.937 r  system_bringup_i/conv0_engine_0/inst/grp_conv0_engine_Pipeline_COL_GROUP_fu_2717/mul_10ns_12ns_21_1_1_U544/tmp_product/DSP_M_DATA_INST/U_DATA[16]
                         net (fo=1, routed)           0.000     0.937    system_bringup_i/conv0_engine_0/inst/grp_conv0_engine_Pipeline_COL_GROUP_fu_2717/mul_10ns_12ns_21_1_1_U544/tmp_product/DSP_M_DATA.U_DATA<16>
    DSP48E2_X11Y80       DSP_ALU (Prop_DSP_ALU_DSP48E2_U_DATA[16]_ALU_OUT[16])
                                                      0.727     1.664 f  system_bringup_i/conv0_engine_0/inst/grp_conv0_engine_Pipeline_COL_GROUP_fu_2717/mul_10ns_12ns_21_1_1_U544/tmp_product/DSP_ALU_INST/ALU_OUT[16]
                         net (fo=1, routed)           0.000     1.664    system_bringup_i/conv0_engine_0/inst/grp_conv0_engine_Pipeline_COL_GROUP_fu_2717/mul_10ns_12ns_21_1_1_U544/tmp_product/DSP_ALU.ALU_OUT<16>
    DSP48E2_X11Y80       DSP_OUTPUT (Prop_DSP_OUTPUT_DSP48E2_ALU_OUT[16]_P[16])
                                                      0.146     1.810 r  system_bringup_i/conv0_engine_0/inst/grp_conv0_engine_Pipeline_COL_GROUP_fu_2717/mul_10ns_12ns_21_1_1_U544/tmp_product/DSP_OUTPUT_INST/P[16]
                         net (fo=3, routed)           0.619     2.429    system_bringup_i/conv0_engine_0/inst/grp_conv0_engine_Pipeline_COL_GROUP_fu_2717/mul_10ns_12ns_21_1_1_U544/D[4]
    SLICE_X28Y205        LUT3 (Prop_D5LUT_SLICEM_I0_O)
                                                      0.190     2.619 r  system_bringup_i/conv0_engine_0/inst/grp_conv0_engine_Pipeline_COL_GROUP_fu_2717/mul_10ns_12ns_21_1_1_U544/ram_reg_bram_0_i_6__32/O
                         net (fo=3, routed)           0.731     3.350    system_bringup_i/conv0_engine_0/inst/p_ZZ12conv0_enginePK6ap_intILi8EES2_PKS_ILi32EEP7ap_uintILi32EEttihhE7row_buf_3_1_2_U/ram_reg_bram_0_2[4]
    RAMB18_X0Y90         RAMB18E2                                     r  system_bringup_i/conv0_engine_0/inst/p_ZZ12conv0_enginePK6ap_intILi8EES2_PKS_ILi32EEP7ap_uintILi32EEttihhE7row_buf_3_1_2_U/ram_reg_bram_0/ADDRARDADDR[8]
  -------------------------------------------------------------------    -------------------

                         (clock clk_pl_0 rise edge)
                                                      0.000     0.000 r  
    PS8_X0Y0             PS8                          0.000     0.000 r  system_bringup_i/zynq_ultra_ps_e_0/inst/PS8_i/PLCLK[0]
                         net (fo=1, routed)           0.181     0.181    system_bringup_i/zynq_ultra_ps_e_0/inst/pl_clk_unbuffered[0]
    BUFG_PS_X0Y80        BUFG_PS (Prop_BUFG_PS_I_O)
                                                      0.035     0.216 r  system_bringup_i/zynq_ultra_ps_e_0/inst/buffer_pl_clk_0.PL_CLK_0_BUFG/O
    X1Y1 (CLOCK_ROOT)    net (fo=91111, routed)       2.695     2.911    system_bringup_i/conv0_engine_0/inst/p_ZZ12conv0_enginePK6ap_intILi8EES2_PKS_ILi32EEP7ap_uintILi32EEttihhE7row_buf_3_1_2_U/ap_clk
    RAMB18_X0Y90         RAMB18E2                                     r  system_bringup_i/conv0_engine_0/inst/p_ZZ12conv0_enginePK6ap_intILi8EES2_PKS_ILi32EEP7ap_uintILi32EEttihhE7row_buf_3_1_2_U/ram_reg_bram_0/CLKARDCLK

Slack:                    inf
  Source:                 system_bringup_i/conv0_engine_0/inst/grp_conv0_engine_Pipeline_COL_GROUP_fu_2717/mul_10ns_12ns_21_1_1_U544/tmp_product/DSP_A_B_DATA_INST/B2_DATA[17]
                            (internal pin)
  Destination:            system_bringup_i/conv0_engine_0/inst/p_ZZ12conv0_enginePK6ap_intILi8EES2_PKS_ILi32EEP7ap_uintILi32EEttihhE7row_buf_0_2_2_U/ram_reg_bram_0/ADDRARDADDR[10]
                            (rising edge-triggered cell RAMB18E2 clocked by clk_pl_0  {rise@0.000ns fall@2.500ns period=5.000ns})
  Path Group:             (none)
  Path Type:              Setup (Max at Slow Process Corner)
  Data Path Delay:        3.296ns  (logic 1.999ns (60.654%)  route 1.297ns (39.346%))
  Logic Levels:           6  (DSP_ALU=1 DSP_M_DATA=1 DSP_MULTIPLIER=1 DSP_OUTPUT=1 DSP_PREADD_DATA=1 LUT6=1)
  Clock Uncertainty:      0.127ns  ((TSJ^2 + DJ^2)^1/2) / 2 + PE
    Total System Jitter     (TSJ):    0.050ns
    Discrete Jitter          (DJ):    0.248ns
    Phase Error              (PE):    0.000ns
  Clock Net Delay (Destination): 2.705ns (routing 1.450ns, distribution 1.255ns)

    Location             Delay type                Incr(ns)  Path(ns)    Netlist Resource(s)
  -------------------------------------------------------------------    -------------------
    DSP48E2_X11Y80       DSP_A_B_DATA                 0.000     0.000 r  system_bringup_i/conv0_engine_0/inst/grp_conv0_engine_Pipeline_COL_GROUP_fu_2717/mul_10ns_12ns_21_1_1_U544/tmp_product/DSP_A_B_DATA_INST/B2_DATA[17]
                         net (fo=1, routed)           0.000     0.000    system_bringup_i/conv0_engine_0/inst/grp_conv0_engine_Pipeline_COL_GROUP_fu_2717/mul_10ns_12ns_21_1_1_U544/tmp_product/DSP_A_B_DATA.B2_DATA<17>
    DSP48E2_X11Y80       DSP_PREADD_DATA (Prop_DSP_PREADD_DATA_DSP48E2_B2_DATA[17]_B2B1[17])
                                                      0.097     0.097 r  system_bringup_i/conv0_engine_0/inst/grp_conv0_engine_Pipeline_COL_GROUP_fu_2717/mul_10ns_12ns_21_1_1_U544/tmp_product/DSP_PREADD_DATA_INST/B2B1[17]
                         net (fo=1, routed)           0.000     0.097    system_bringup_i/conv0_engine_0/inst/grp_conv0_engine_Pipeline_COL_GROUP_fu_2717/mul_10ns_12ns_21_1_1_U544/tmp_product/DSP_PREADD_DATA.B2B1<17>
    DSP48E2_X11Y80       DSP_MULTIPLIER (Prop_DSP_MULTIPLIER_DSP48E2_B2B1[17]_U[18])
                                                      0.773     0.870 f  system_bringup_i/conv0_engine_0/inst/grp_conv0_engine_Pipeline_COL_GROUP_fu_2717/mul_10ns_12ns_21_1_1_U544/tmp_product/DSP_MULTIPLIER_INST/U[18]
                         net (fo=1, routed)           0.000     0.870    system_bringup_i/conv0_engine_0/inst/grp_conv0_engine_Pipeline_COL_GROUP_fu_2717/mul_10ns_12ns_21_1_1_U544/tmp_product/DSP_MULTIPLIER.U<18>
    DSP48E2_X11Y80       DSP_M_DATA (Prop_DSP_M_DATA_DSP48E2_U[18]_U_DATA[18])
                                                      0.067     0.937 r  system_bringup_i/conv0_engine_0/inst/grp_conv0_engine_Pipeline_COL_GROUP_fu_2717/mul_10ns_12ns_21_1_1_U544/tmp_product/DSP_M_DATA_INST/U_DATA[18]
                         net (fo=1, routed)           0.000     0.937    system_bringup_i/conv0_engine_0/inst/grp_conv0_engine_Pipeline_COL_GROUP_fu_2717/mul_10ns_12ns_21_1_1_U544/tmp_product/DSP_M_DATA.U_DATA<18>
    DSP48E2_X11Y80       DSP_ALU (Prop_DSP_ALU_DSP48E2_U_DATA[18]_ALU_OUT[18])
                                                      0.727     1.664 f  system_bringup_i/conv0_engine_0/inst/grp_conv0_engine_Pipeline_COL_GROUP_fu_2717/mul_10ns_12ns_21_1_1_U544/tmp_product/DSP_ALU_INST/ALU_OUT[18]
                         net (fo=1, routed)           0.000     1.664    system_bringup_i/conv0_engine_0/inst/grp_conv0_engine_Pipeline_COL_GROUP_fu_2717/mul_10ns_12ns_21_1_1_U544/tmp_product/DSP_ALU.ALU_OUT<18>
    DSP48E2_X11Y80       DSP_OUTPUT (Prop_DSP_OUTPUT_DSP48E2_ALU_OUT[18]_P[18])
                                                      0.146     1.810 r  system_bringup_i/conv0_engine_0/inst/grp_conv0_engine_Pipeline_COL_GROUP_fu_2717/mul_10ns_12ns_21_1_1_U544/tmp_product/DSP_OUTPUT_INST/P[18]
                         net (fo=3, routed)           0.678     2.488    system_bringup_i/conv0_engine_0/inst/grp_conv0_engine_Pipeline_COL_GROUP_fu_2717/mul_10ns_12ns_21_1_1_U544/D[6]
    SLICE_X34Y207        LUT6 (Prop_H6LUT_SLICEM_I0_O)
                                                      0.189     2.677 r  system_bringup_i/conv0_engine_0/inst/grp_conv0_engine_Pipeline_COL_GROUP_fu_2717/mul_10ns_12ns_21_1_1_U544/ram_reg_bram_0_i_4__35/O
                         net (fo=9, routed)           0.619     3.296    system_bringup_i/conv0_engine_0/inst/p_ZZ12conv0_enginePK6ap_intILi8EES2_PKS_ILi32EEP7ap_uintILi32EEttihhE7row_buf_0_2_2_U/ram_reg_bram_0_2[6]
    RAMB18_X0Y83         RAMB18E2                                     r  system_bringup_i/conv0_engine_0/inst/p_ZZ12conv0_enginePK6ap_intILi8EES2_PKS_ILi32EEP7ap_uintILi32EEttihhE7row_buf_0_2_2_U/ram_reg_bram_0/ADDRARDADDR[10]
  -------------------------------------------------------------------    -------------------

                         (clock clk_pl_0 rise edge)
                                                      0.000     0.000 r  
    PS8_X0Y0             PS8                          0.000     0.000 r  system_bringup_i/zynq_ultra_ps_e_0/inst/PS8_i/PLCLK[0]
                         net (fo=1, routed)           0.181     0.181    system_bringup_i/zynq_ultra_ps_e_0/inst/pl_clk_unbuffered[0]
    BUFG_PS_X0Y80        BUFG_PS (Prop_BUFG_PS_I_O)
                                                      0.035     0.216 r  system_bringup_i/zynq_ultra_ps_e_0/inst/buffer_pl_clk_0.PL_CLK_0_BUFG/O
    X1Y1 (CLOCK_ROOT)    net (fo=91111, routed)       2.705     2.921    system_bringup_i/conv0_engine_0/inst/p_ZZ12conv0_enginePK6ap_intILi8EES2_PKS_ILi32EEP7ap_uintILi32EEttihhE7row_buf_0_2_2_U/ap_clk
    RAMB18_X0Y83         RAMB18E2                                     r  system_bringup_i/conv0_engine_0/inst/p_ZZ12conv0_enginePK6ap_intILi8EES2_PKS_ILi32EEP7ap_uintILi32EEttihhE7row_buf_0_2_2_U/ram_reg_bram_0/CLKARDCLK

Slack:                    inf
  Source:                 system_bringup_i/conv0_engine_0/inst/grp_conv0_engine_Pipeline_COL_GROUP_fu_2717/mul_10ns_12ns_21_1_1_U544/tmp_product/DSP_A_B_DATA_INST/B2_DATA[11]
                            (internal pin)
  Destination:            system_bringup_i/conv0_engine_0/inst/p_ZZ12conv0_enginePK6ap_intILi8EES2_PKS_ILi32EEP7ap_uintILi32EEttihhE7row_buf_2_2_2_U/ram_reg_bram_0/ADDRARDADDR[4]
                            (rising edge-triggered cell RAMB18E2 clocked by clk_pl_0  {rise@0.000ns fall@2.500ns period=5.000ns})
  Path Group:             (none)
  Path Type:              Setup (Max at Slow Process Corner)
  Data Path Delay:        3.275ns  (logic 1.998ns (61.002%)  route 1.277ns (38.998%))
  Logic Levels:           6  (DSP_ALU=1 DSP_M_DATA=1 DSP_MULTIPLIER=1 DSP_OUTPUT=1 DSP_PREADD_DATA=1 LUT6=1)
  Clock Uncertainty:      0.127ns  ((TSJ^2 + DJ^2)^1/2) / 2 + PE
    Total System Jitter     (TSJ):    0.050ns
    Discrete Jitter          (DJ):    0.248ns
    Phase Error              (PE):    0.000ns
  Clock Net Delay (Destination): 2.698ns (routing 1.450ns, distribution 1.248ns)

    Location             Delay type                Incr(ns)  Path(ns)    Netlist Resource(s)
  -------------------------------------------------------------------    -------------------
    DSP48E2_X11Y80       DSP_A_B_DATA                 0.000     0.000 r  system_bringup_i/conv0_engine_0/inst/grp_conv0_engine_Pipeline_COL_GROUP_fu_2717/mul_10ns_12ns_21_1_1_U544/tmp_product/DSP_A_B_DATA_INST/B2_DATA[11]
                         net (fo=1, routed)           0.000     0.000    system_bringup_i/conv0_engine_0/inst/grp_conv0_engine_Pipeline_COL_GROUP_fu_2717/mul_10ns_12ns_21_1_1_U544/tmp_product/DSP_A_B_DATA.B2_DATA<11>
    DSP48E2_X11Y80       DSP_PREADD_DATA (Prop_DSP_PREADD_DATA_DSP48E2_B2_DATA[11]_B2B1[11])
                                                      0.097     0.097 r  system_bringup_i/conv0_engine_0/inst/grp_conv0_engine_Pipeline_COL_GROUP_fu_2717/mul_10ns_12ns_21_1_1_U544/tmp_product/DSP_PREADD_DATA_INST/B2B1[11]
                         net (fo=1, routed)           0.000     0.097    system_bringup_i/conv0_engine_0/inst/grp_conv0_engine_Pipeline_COL_GROUP_fu_2717/mul_10ns_12ns_21_1_1_U544/tmp_product/DSP_PREADD_DATA.B2B1<11>
    DSP48E2_X11Y80       DSP_MULTIPLIER (Prop_DSP_MULTIPLIER_DSP48E2_B2B1[11]_U[12])
                                                      0.773     0.870 f  system_bringup_i/conv0_engine_0/inst/grp_conv0_engine_Pipeline_COL_GROUP_fu_2717/mul_10ns_12ns_21_1_1_U544/tmp_product/DSP_MULTIPLIER_INST/U[12]
                         net (fo=1, routed)           0.000     0.870    system_bringup_i/conv0_engine_0/inst/grp_conv0_engine_Pipeline_COL_GROUP_fu_2717/mul_10ns_12ns_21_1_1_U544/tmp_product/DSP_MULTIPLIER.U<12>
    DSP48E2_X11Y80       DSP_M_DATA (Prop_DSP_M_DATA_DSP48E2_U[12]_U_DATA[12])
                                                      0.067     0.937 r  system_bringup_i/conv0_engine_0/inst/grp_conv0_engine_Pipeline_COL_GROUP_fu_2717/mul_10ns_12ns_21_1_1_U544/tmp_product/DSP_M_DATA_INST/U_DATA[12]
                         net (fo=1, routed)           0.000     0.937    system_bringup_i/conv0_engine_0/inst/grp_conv0_engine_Pipeline_COL_GROUP_fu_2717/mul_10ns_12ns_21_1_1_U544/tmp_product/DSP_M_DATA.U_DATA<12>
    DSP48E2_X11Y80       DSP_ALU (Prop_DSP_ALU_DSP48E2_U_DATA[12]_ALU_OUT[12])
                                                      0.727     1.664 f  system_bringup_i/conv0_engine_0/inst/grp_conv0_engine_Pipeline_COL_GROUP_fu_2717/mul_10ns_12ns_21_1_1_U544/tmp_product/DSP_ALU_INST/ALU_OUT[12]
                         net (fo=1, routed)           0.000     1.664    system_bringup_i/conv0_engine_0/inst/grp_conv0_engine_Pipeline_COL_GROUP_fu_2717/mul_10ns_12ns_21_1_1_U544/tmp_product/DSP_ALU.ALU_OUT<12>
    DSP48E2_X11Y80       DSP_OUTPUT (Prop_DSP_OUTPUT_DSP48E2_ALU_OUT[12]_P[12])
                                                      0.146     1.810 r  system_bringup_i/conv0_engine_0/inst/grp_conv0_engine_Pipeline_COL_GROUP_fu_2717/mul_10ns_12ns_21_1_1_U544/tmp_product/DSP_OUTPUT_INST/P[12]
                         net (fo=3, routed)           0.623     2.433    system_bringup_i/conv0_engine_0/inst/grp_conv0_engine_Pipeline_COL_GROUP_fu_2717/mul_10ns_12ns_21_1_1_U544/D[0]
    SLICE_X33Y208        LUT6 (Prop_H6LUT_SLICEL_I0_O)
                                                      0.188     2.621 r  system_bringup_i/conv0_engine_0/inst/grp_conv0_engine_Pipeline_COL_GROUP_fu_2717/mul_10ns_12ns_21_1_1_U544/ram_reg_bram_0_i_10__14/O
                         net (fo=9, routed)           0.654     3.275    system_bringup_i/conv0_engine_0/inst/p_ZZ12conv0_enginePK6ap_intILi8EES2_PKS_ILi32EEP7ap_uintILi32EEttihhE7row_buf_2_2_2_U/ram_reg_bram_0_2[0]
    RAMB18_X0Y86         RAMB18E2                                     r  system_bringup_i/conv0_engine_0/inst/p_ZZ12conv0_enginePK6ap_intILi8EES2_PKS_ILi32EEP7ap_uintILi32EEttihhE7row_buf_2_2_2_U/ram_reg_bram_0/ADDRARDADDR[4]
  -------------------------------------------------------------------    -------------------

                         (clock clk_pl_0 rise edge)
                                                      0.000     0.000 r  
    PS8_X0Y0             PS8                          0.000     0.000 r  system_bringup_i/zynq_ultra_ps_e_0/inst/PS8_i/PLCLK[0]
                         net (fo=1, routed)           0.181     0.181    system_bringup_i/zynq_ultra_ps_e_0/inst/pl_clk_unbuffered[0]
    BUFG_PS_X0Y80        BUFG_PS (Prop_BUFG_PS_I_O)
                                                      0.035     0.216 r  system_bringup_i/zynq_ultra_ps_e_0/inst/buffer_pl_clk_0.PL_CLK_0_BUFG/O
    X1Y1 (CLOCK_ROOT)    net (fo=91111, routed)       2.698     2.914    system_bringup_i/conv0_engine_0/inst/p_ZZ12conv0_enginePK6ap_intILi8EES2_PKS_ILi32EEP7ap_uintILi32EEttihhE7row_buf_2_2_2_U/ap_clk
    RAMB18_X0Y86         RAMB18E2                                     r  system_bringup_i/conv0_engine_0/inst/p_ZZ12conv0_enginePK6ap_intILi8EES2_PKS_ILi32EEP7ap_uintILi32EEttihhE7row_buf_2_2_2_U/ram_reg_bram_0/CLKARDCLK

Slack:                    inf
  Source:                 system_bringup_i/conv0_engine_0/inst/grp_conv0_engine_Pipeline_COL_GROUP_fu_2717/mul_10ns_12ns_21_1_1_U544/tmp_product/DSP_A_B_DATA_INST/B2_DATA[11]
                            (internal pin)
  Destination:            system_bringup_i/conv0_engine_0/inst/p_ZZ12conv0_enginePK6ap_intILi8EES2_PKS_ILi32EEP7ap_uintILi32EEttihhE7row_buf_3_0_2_U/ram_reg_bram_0/ADDRARDADDR[4]
                            (rising edge-triggered cell RAMB18E2 clocked by clk_pl_0  {rise@0.000ns fall@2.500ns period=5.000ns})
  Path Group:             (none)
  Path Type:              Setup (Max at Slow Process Corner)
  Data Path Delay:        3.272ns  (logic 1.944ns (59.416%)  route 1.328ns (40.584%))
  Logic Levels:           6  (DSP_ALU=1 DSP_M_DATA=1 DSP_MULTIPLIER=1 DSP_OUTPUT=1 DSP_PREADD_DATA=1 LUT3=1)
  Clock Uncertainty:      0.127ns  ((TSJ^2 + DJ^2)^1/2) / 2 + PE
    Total System Jitter     (TSJ):    0.050ns
    Discrete Jitter          (DJ):    0.248ns
    Phase Error              (PE):    0.000ns
  Clock Net Delay (Destination): 2.691ns (routing 1.450ns, distribution 1.241ns)

    Location             Delay type                Incr(ns)  Path(ns)    Netlist Resource(s)
  -------------------------------------------------------------------    -------------------
    DSP48E2_X11Y80       DSP_A_B_DATA                 0.000     0.000 r  system_bringup_i/conv0_engine_0/inst/grp_conv0_engine_Pipeline_COL_GROUP_fu_2717/mul_10ns_12ns_21_1_1_U544/tmp_product/DSP_A_B_DATA_INST/B2_DATA[11]
                         net (fo=1, routed)           0.000     0.000    system_bringup_i/conv0_engine_0/inst/grp_conv0_engine_Pipeline_COL_GROUP_fu_2717/mul_10ns_12ns_21_1_1_U544/tmp_product/DSP_A_B_DATA.B2_DATA<11>
    DSP48E2_X11Y80       DSP_PREADD_DATA (Prop_DSP_PREADD_DATA_DSP48E2_B2_DATA[11]_B2B1[11])
                                                      0.097     0.097 r  system_bringup_i/conv0_engine_0/inst/grp_conv0_engine_Pipeline_COL_GROUP_fu_2717/mul_10ns_12ns_21_1_1_U544/tmp_product/DSP_PREADD_DATA_INST/B2B1[11]
                         net (fo=1, routed)           0.000     0.097    system_bringup_i/conv0_engine_0/inst/grp_conv0_engine_Pipeline_COL_GROUP_fu_2717/mul_10ns_12ns_21_1_1_U544/tmp_product/DSP_PREADD_DATA.B2B1<11>
    DSP48E2_X11Y80       DSP_MULTIPLIER (Prop_DSP_MULTIPLIER_DSP48E2_B2B1[11]_U[12])
                                                      0.773     0.870 f  system_bringup_i/conv0_engine_0/inst/grp_conv0_engine_Pipeline_COL_GROUP_fu_2717/mul_10ns_12ns_21_1_1_U544/tmp_product/DSP_MULTIPLIER_INST/U[12]
                         net (fo=1, routed)           0.000     0.870    system_bringup_i/conv0_engine_0/inst/grp_conv0_engine_Pipeline_COL_GROUP_fu_2717/mul_10ns_12ns_21_1_1_U544/tmp_product/DSP_MULTIPLIER.U<12>
    DSP48E2_X11Y80       DSP_M_DATA (Prop_DSP_M_DATA_DSP48E2_U[12]_U_DATA[12])
                                                      0.067     0.937 r  system_bringup_i/conv0_engine_0/inst/grp_conv0_engine_Pipeline_COL_GROUP_fu_2717/mul_10ns_12ns_21_1_1_U544/tmp_product/DSP_M_DATA_INST/U_DATA[12]
                         net (fo=1, routed)           0.000     0.937    system_bringup_i/conv0_engine_0/inst/grp_conv0_engine_Pipeline_COL_GROUP_fu_2717/mul_10ns_12ns_21_1_1_U544/tmp_product/DSP_M_DATA.U_DATA<12>
    DSP48E2_X11Y80       DSP_ALU (Prop_DSP_ALU_DSP48E2_U_DATA[12]_ALU_OUT[12])
                                                      0.727     1.664 f  system_bringup_i/conv0_engine_0/inst/grp_conv0_engine_Pipeline_COL_GROUP_fu_2717/mul_10ns_12ns_21_1_1_U544/tmp_product/DSP_ALU_INST/ALU_OUT[12]
                         net (fo=1, routed)           0.000     1.664    system_bringup_i/conv0_engine_0/inst/grp_conv0_engine_Pipeline_COL_GROUP_fu_2717/mul_10ns_12ns_21_1_1_U544/tmp_product/DSP_ALU.ALU_OUT<12>
    DSP48E2_X11Y80       DSP_OUTPUT (Prop_DSP_OUTPUT_DSP48E2_ALU_OUT[12]_P[12])
                                                      0.146     1.810 r  system_bringup_i/conv0_engine_0/inst/grp_conv0_engine_Pipeline_COL_GROUP_fu_2717/mul_10ns_12ns_21_1_1_U544/tmp_product/DSP_OUTPUT_INST/P[12]
                         net (fo=3, routed)           0.738     2.548    system_bringup_i/conv0_engine_0/inst/grp_conv0_engine_Pipeline_COL_GROUP_fu_2717/mul_10ns_12ns_21_1_1_U544/D[0]
    SLICE_X29Y208        LUT3 (Prop_D6LUT_SLICEM_I0_O)
                                                      0.134     2.682 r  system_bringup_i/conv0_engine_0/inst/grp_conv0_engine_Pipeline_COL_GROUP_fu_2717/mul_10ns_12ns_21_1_1_U544/ram_reg_bram_0_i_10__4/O
                         net (fo=3, routed)           0.590     3.272    system_bringup_i/conv0_engine_0/inst/p_ZZ12conv0_enginePK6ap_intILi8EES2_PKS_ILi32EEP7ap_uintILi32EEttihhE7row_buf_3_0_2_U/ram_reg_bram_0_1[0]
    RAMB18_X0Y88         RAMB18E2                                     r  system_bringup_i/conv0_engine_0/inst/p_ZZ12conv0_enginePK6ap_intILi8EES2_PKS_ILi32EEP7ap_uintILi32EEttihhE7row_buf_3_0_2_U/ram_reg_bram_0/ADDRARDADDR[4]
  -------------------------------------------------------------------    -------------------

                         (clock clk_pl_0 rise edge)
                                                      0.000     0.000 r  
    PS8_X0Y0             PS8                          0.000     0.000 r  system_bringup_i/zynq_ultra_ps_e_0/inst/PS8_i/PLCLK[0]
                         net (fo=1, routed)           0.181     0.181    system_bringup_i/zynq_ultra_ps_e_0/inst/pl_clk_unbuffered[0]
    BUFG_PS_X0Y80        BUFG_PS (Prop_BUFG_PS_I_O)
                                                      0.035     0.216 r  system_bringup_i/zynq_ultra_ps_e_0/inst/buffer_pl_clk_0.PL_CLK_0_BUFG/O
    X1Y1 (CLOCK_ROOT)    net (fo=91111, routed)       2.691     2.907    system_bringup_i/conv0_engine_0/inst/p_ZZ12conv0_enginePK6ap_intILi8EES2_PKS_ILi32EEP7ap_uintILi32EEttihhE7row_buf_3_0_2_U/ap_clk
    RAMB18_X0Y88         RAMB18E2                                     r  system_bringup_i/conv0_engine_0/inst/p_ZZ12conv0_enginePK6ap_intILi8EES2_PKS_ILi32EEP7ap_uintILi32EEttihhE7row_buf_3_0_2_U/ram_reg_bram_0/CLKARDCLK





Min Delay Paths
--------------------------------------------------------------------------------------
Slack:                    inf
  Source:                 system_bringup_i/conv0_engine_0/inst/grp_conv0_engine_Pipeline_READ_ROW_fu_2635/mul_32ns_34ns_65_1_1_U493/tmp_product/DSP_A_B_DATA_INST/A2_DATA[6]
                            (internal pin)
  Destination:            system_bringup_i/conv0_engine_0/inst/grp_conv0_engine_Pipeline_READ_ROW_fu_2635/tmp_reg_1163_reg[7]/D
                            (rising edge-triggered cell FDRE clocked by clk_pl_0  {rise@0.000ns fall@2.500ns period=5.000ns})
  Path Group:             (none)
  Path Type:              Hold (Min at Fast Process Corner)
  Data Path Delay:        0.362ns  (logic 0.269ns (74.309%)  route 0.093ns (25.691%))
  Logic Levels:           5  (DSP_ALU=1 DSP_M_DATA=1 DSP_MULTIPLIER=1 DSP_OUTPUT=1 DSP_PREADD_DATA=1)
  Clock Uncertainty:      0.127ns  ((TSJ^2 + DJ^2)^1/2) / 2 + PE
    Total System Jitter     (TSJ):    0.050ns
    Discrete Jitter          (DJ):    0.248ns
    Phase Error              (PE):    0.000ns
  Clock Net Delay (Destination): 1.896ns (routing 0.971ns, distribution 0.925ns)

    Location             Delay type                Incr(ns)  Path(ns)    Netlist Resource(s)
  -------------------------------------------------------------------    -------------------
    DSP48E2_X4Y82        DSP_A_B_DATA                 0.000     0.000 r  system_bringup_i/conv0_engine_0/inst/grp_conv0_engine_Pipeline_READ_ROW_fu_2635/mul_32ns_34ns_65_1_1_U493/tmp_product/DSP_A_B_DATA_INST/A2_DATA[6]
                         net (fo=1, routed)           0.000     0.000    system_bringup_i/conv0_engine_0/inst/grp_conv0_engine_Pipeline_READ_ROW_fu_2635/mul_32ns_34ns_65_1_1_U493/tmp_product/DSP_A_B_DATA.A2_DATA<6>
    DSP48E2_X4Y82        DSP_PREADD_DATA (Prop_DSP_PREADD_DATA_DSP48E2_A2_DATA[6]_A2A1[6])
                                                      0.021     0.021 r  system_bringup_i/conv0_engine_0/inst/grp_conv0_engine_Pipeline_READ_ROW_fu_2635/mul_32ns_34ns_65_1_1_U493/tmp_product/DSP_PREADD_DATA_INST/A2A1[6]
                         net (fo=1, routed)           0.000     0.021    system_bringup_i/conv0_engine_0/inst/grp_conv0_engine_Pipeline_READ_ROW_fu_2635/mul_32ns_34ns_65_1_1_U493/tmp_product/DSP_PREADD_DATA.A2A1<6>
    DSP48E2_X4Y82        DSP_MULTIPLIER (Prop_DSP_MULTIPLIER_DSP48E2_A2A1[6]_U[7])
                                                      0.074     0.095 f  system_bringup_i/conv0_engine_0/inst/grp_conv0_engine_Pipeline_READ_ROW_fu_2635/mul_32ns_34ns_65_1_1_U493/tmp_product/DSP_MULTIPLIER_INST/U[7]
                         net (fo=1, routed)           0.000     0.095    system_bringup_i/conv0_engine_0/inst/grp_conv0_engine_Pipeline_READ_ROW_fu_2635/mul_32ns_34ns_65_1_1_U493/tmp_product/DSP_MULTIPLIER.U<7>
    DSP48E2_X4Y82        DSP_M_DATA (Prop_DSP_M_DATA_DSP48E2_U[7]_U_DATA[7])
                                                      0.014     0.109 r  system_bringup_i/conv0_engine_0/inst/grp_conv0_engine_Pipeline_READ_ROW_fu_2635/mul_32ns_34ns_65_1_1_U493/tmp_product/DSP_M_DATA_INST/U_DATA[7]
                         net (fo=1, routed)           0.000     0.109    system_bringup_i/conv0_engine_0/inst/grp_conv0_engine_Pipeline_READ_ROW_fu_2635/mul_32ns_34ns_65_1_1_U493/tmp_product/DSP_M_DATA.U_DATA<7>
    DSP48E2_X4Y82        DSP_ALU (Prop_DSP_ALU_DSP48E2_U_DATA[7]_ALU_OUT[7])
                                                      0.127     0.236 f  system_bringup_i/conv0_engine_0/inst/grp_conv0_engine_Pipeline_READ_ROW_fu_2635/mul_32ns_34ns_65_1_1_U493/tmp_product/DSP_ALU_INST/ALU_OUT[7]
                         net (fo=1, routed)           0.000     0.236    system_bringup_i/conv0_engine_0/inst/grp_conv0_engine_Pipeline_READ_ROW_fu_2635/mul_32ns_34ns_65_1_1_U493/tmp_product/DSP_ALU.ALU_OUT<7>
    DSP48E2_X4Y82        DSP_OUTPUT (Prop_DSP_OUTPUT_DSP48E2_ALU_OUT[7]_P[7])
                                                      0.033     0.269 r  system_bringup_i/conv0_engine_0/inst/grp_conv0_engine_Pipeline_READ_ROW_fu_2635/mul_32ns_34ns_65_1_1_U493/tmp_product/DSP_OUTPUT_INST/P[7]
                         net (fo=1, routed)           0.093     0.362    system_bringup_i/conv0_engine_0/inst/grp_conv0_engine_Pipeline_READ_ROW_fu_2635/mul_32ns_34ns_65_1_1_U493_n_29
    SLICE_X17Y204        FDRE                                         r  system_bringup_i/conv0_engine_0/inst/grp_conv0_engine_Pipeline_READ_ROW_fu_2635/tmp_reg_1163_reg[7]/D
  -------------------------------------------------------------------    -------------------

                         (clock clk_pl_0 rise edge)
                                                      0.000     0.000 r  
    PS8_X0Y0             PS8                          0.000     0.000 r  system_bringup_i/zynq_ultra_ps_e_0/inst/PS8_i/PLCLK[0]
                         net (fo=1, routed)           0.164     0.164    system_bringup_i/zynq_ultra_ps_e_0/inst/pl_clk_unbuffered[0]
    BUFG_PS_X0Y80        BUFG_PS (Prop_BUFG_PS_I_O)
                                                      0.023     0.187 r  system_bringup_i/zynq_ultra_ps_e_0/inst/buffer_pl_clk_0.PL_CLK_0_BUFG/O
    X1Y1 (CLOCK_ROOT)    net (fo=91111, routed)       1.896     2.083    system_bringup_i/conv0_engine_0/inst/grp_conv0_engine_Pipeline_READ_ROW_fu_2635/ap_clk
    SLICE_X17Y204        FDRE                                         r  system_bringup_i/conv0_engine_0/inst/grp_conv0_engine_Pipeline_READ_ROW_fu_2635/tmp_reg_1163_reg[7]/C

Slack:                    inf
  Source:                 system_bringup_i/conv0_engine_0/inst/grp_conv0_engine_Pipeline_READ_ROW_fu_2635/mul_32ns_34ns_65_1_1_U493/tmp_product/DSP_A_B_DATA_INST/A2_DATA[10]
                            (internal pin)
  Destination:            system_bringup_i/conv0_engine_0/inst/grp_conv0_engine_Pipeline_READ_ROW_fu_2635/tmp_reg_1163_reg[11]/D
                            (rising edge-triggered cell FDRE clocked by clk_pl_0  {rise@0.000ns fall@2.500ns period=5.000ns})
  Path Group:             (none)
  Path Type:              Hold (Min at Fast Process Corner)
  Data Path Delay:        0.364ns  (logic 0.269ns (73.901%)  route 0.095ns (26.099%))
  Logic Levels:           5  (DSP_ALU=1 DSP_M_DATA=1 DSP_MULTIPLIER=1 DSP_OUTPUT=1 DSP_PREADD_DATA=1)
  Clock Uncertainty:      0.127ns  ((TSJ^2 + DJ^2)^1/2) / 2 + PE
    Total System Jitter     (TSJ):    0.050ns
    Discrete Jitter          (DJ):    0.248ns
    Phase Error              (PE):    0.000ns
  Clock Net Delay (Destination): 1.897ns (routing 0.971ns, distribution 0.926ns)

    Location             Delay type                Incr(ns)  Path(ns)    Netlist Resource(s)
  -------------------------------------------------------------------    -------------------
    DSP48E2_X4Y82        DSP_A_B_DATA                 0.000     0.000 r  system_bringup_i/conv0_engine_0/inst/grp_conv0_engine_Pipeline_READ_ROW_fu_2635/mul_32ns_34ns_65_1_1_U493/tmp_product/DSP_A_B_DATA_INST/A2_DATA[10]
                         net (fo=1, routed)           0.000     0.000    system_bringup_i/conv0_engine_0/inst/grp_conv0_engine_Pipeline_READ_ROW_fu_2635/mul_32ns_34ns_65_1_1_U493/tmp_product/DSP_A_B_DATA.A2_DATA<10>
    DSP48E2_X4Y82        DSP_PREADD_DATA (Prop_DSP_PREADD_DATA_DSP48E2_A2_DATA[10]_A2A1[10])
                                                      0.021     0.021 r  system_bringup_i/conv0_engine_0/inst/grp_conv0_engine_Pipeline_READ_ROW_fu_2635/mul_32ns_34ns_65_1_1_U493/tmp_product/DSP_PREADD_DATA_INST/A2A1[10]
                         net (fo=1, routed)           0.000     0.021    system_bringup_i/conv0_engine_0/inst/grp_conv0_engine_Pipeline_READ_ROW_fu_2635/mul_32ns_34ns_65_1_1_U493/tmp_product/DSP_PREADD_DATA.A2A1<10>
    DSP48E2_X4Y82        DSP_MULTIPLIER (Prop_DSP_MULTIPLIER_DSP48E2_A2A1[10]_U[11])
                                                      0.074     0.095 f  system_bringup_i/conv0_engine_0/inst/grp_conv0_engine_Pipeline_READ_ROW_fu_2635/mul_32ns_34ns_65_1_1_U493/tmp_product/DSP_MULTIPLIER_INST/U[11]
                         net (fo=1, routed)           0.000     0.095    system_bringup_i/conv0_engine_0/inst/grp_conv0_engine_Pipeline_READ_ROW_fu_2635/mul_32ns_34ns_65_1_1_U493/tmp_product/DSP_MULTIPLIER.U<11>
    DSP48E2_X4Y82        DSP_M_DATA (Prop_DSP_M_DATA_DSP48E2_U[11]_U_DATA[11])
                                                      0.014     0.109 r  system_bringup_i/conv0_engine_0/inst/grp_conv0_engine_Pipeline_READ_ROW_fu_2635/mul_32ns_34ns_65_1_1_U493/tmp_product/DSP_M_DATA_INST/U_DATA[11]
                         net (fo=1, routed)           0.000     0.109    system_bringup_i/conv0_engine_0/inst/grp_conv0_engine_Pipeline_READ_ROW_fu_2635/mul_32ns_34ns_65_1_1_U493/tmp_product/DSP_M_DATA.U_DATA<11>
    DSP48E2_X4Y82        DSP_ALU (Prop_DSP_ALU_DSP48E2_U_DATA[11]_ALU_OUT[11])
                                                      0.127     0.236 f  system_bringup_i/conv0_engine_0/inst/grp_conv0_engine_Pipeline_READ_ROW_fu_2635/mul_32ns_34ns_65_1_1_U493/tmp_product/DSP_ALU_INST/ALU_OUT[11]
                         net (fo=1, routed)           0.000     0.236    system_bringup_i/conv0_engine_0/inst/grp_conv0_engine_Pipeline_READ_ROW_fu_2635/mul_32ns_34ns_65_1_1_U493/tmp_product/DSP_ALU.ALU_OUT<11>
    DSP48E2_X4Y82        DSP_OUTPUT (Prop_DSP_OUTPUT_DSP48E2_ALU_OUT[11]_P[11])
                                                      0.033     0.269 r  system_bringup_i/conv0_engine_0/inst/grp_conv0_engine_Pipeline_READ_ROW_fu_2635/mul_32ns_34ns_65_1_1_U493/tmp_product/DSP_OUTPUT_INST/P[11]
                         net (fo=1, routed)           0.095     0.364    system_bringup_i/conv0_engine_0/inst/grp_conv0_engine_Pipeline_READ_ROW_fu_2635/mul_32ns_34ns_65_1_1_U493_n_25
    SLICE_X17Y204        FDRE                                         r  system_bringup_i/conv0_engine_0/inst/grp_conv0_engine_Pipeline_READ_ROW_fu_2635/tmp_reg_1163_reg[11]/D
  -------------------------------------------------------------------    -------------------

                         (clock clk_pl_0 rise edge)
                                                      0.000     0.000 r  
    PS8_X0Y0             PS8                          0.000     0.000 r  system_bringup_i/zynq_ultra_ps_e_0/inst/PS8_i/PLCLK[0]
                         net (fo=1, routed)           0.164     0.164    system_bringup_i/zynq_ultra_ps_e_0/inst/pl_clk_unbuffered[0]
    BUFG_PS_X0Y80        BUFG_PS (Prop_BUFG_PS_I_O)
                                                      0.023     0.187 r  system_bringup_i/zynq_ultra_ps_e_0/inst/buffer_pl_clk_0.PL_CLK_0_BUFG/O
    X1Y1 (CLOCK_ROOT)    net (fo=91111, routed)       1.897     2.084    system_bringup_i/conv0_engine_0/inst/grp_conv0_engine_Pipeline_READ_ROW_fu_2635/ap_clk
    SLICE_X17Y204        FDRE                                         r  system_bringup_i/conv0_engine_0/inst/grp_conv0_engine_Pipeline_READ_ROW_fu_2635/tmp_reg_1163_reg[11]/C

Slack:                    inf
  Source:                 system_bringup_i/conv0_engine_0/inst/grp_conv0_engine_Pipeline_READ_ROW_fu_2635/mul_32ns_34ns_65_1_1_U493/tmp_product/DSP_A_B_DATA_INST/A2_DATA[9]
                            (internal pin)
  Destination:            system_bringup_i/conv0_engine_0/inst/grp_conv0_engine_Pipeline_READ_ROW_fu_2635/tmp_reg_1163_reg[10]/D
                            (rising edge-triggered cell FDRE clocked by clk_pl_0  {rise@0.000ns fall@2.500ns period=5.000ns})
  Path Group:             (none)
  Path Type:              Hold (Min at Fast Process Corner)
  Data Path Delay:        0.367ns  (logic 0.269ns (73.297%)  route 0.098ns (26.703%))
  Logic Levels:           5  (DSP_ALU=1 DSP_M_DATA=1 DSP_MULTIPLIER=1 DSP_OUTPUT=1 DSP_PREADD_DATA=1)
  Clock Uncertainty:      0.127ns  ((TSJ^2 + DJ^2)^1/2) / 2 + PE
    Total System Jitter     (TSJ):    0.050ns
    Discrete Jitter          (DJ):    0.248ns
    Phase Error              (PE):    0.000ns
  Clock Net Delay (Destination): 1.897ns (routing 0.971ns, distribution 0.926ns)

    Location             Delay type                Incr(ns)  Path(ns)    Netlist Resource(s)
  -------------------------------------------------------------------    -------------------
    DSP48E2_X4Y82        DSP_A_B_DATA                 0.000     0.000 r  system_bringup_i/conv0_engine_0/inst/grp_conv0_engine_Pipeline_READ_ROW_fu_2635/mul_32ns_34ns_65_1_1_U493/tmp_product/DSP_A_B_DATA_INST/A2_DATA[9]
                         net (fo=1, routed)           0.000     0.000    system_bringup_i/conv0_engine_0/inst/grp_conv0_engine_Pipeline_READ_ROW_fu_2635/mul_32ns_34ns_65_1_1_U493/tmp_product/DSP_A_B_DATA.A2_DATA<9>
    DSP48E2_X4Y82        DSP_PREADD_DATA (Prop_DSP_PREADD_DATA_DSP48E2_A2_DATA[9]_A2A1[9])
                                                      0.021     0.021 r  system_bringup_i/conv0_engine_0/inst/grp_conv0_engine_Pipeline_READ_ROW_fu_2635/mul_32ns_34ns_65_1_1_U493/tmp_product/DSP_PREADD_DATA_INST/A2A1[9]
                         net (fo=1, routed)           0.000     0.021    system_bringup_i/conv0_engine_0/inst/grp_conv0_engine_Pipeline_READ_ROW_fu_2635/mul_32ns_34ns_65_1_1_U493/tmp_product/DSP_PREADD_DATA.A2A1<9>
    DSP48E2_X4Y82        DSP_MULTIPLIER (Prop_DSP_MULTIPLIER_DSP48E2_A2A1[9]_U[10])
                                                      0.074     0.095 f  system_bringup_i/conv0_engine_0/inst/grp_conv0_engine_Pipeline_READ_ROW_fu_2635/mul_32ns_34ns_65_1_1_U493/tmp_product/DSP_MULTIPLIER_INST/U[10]
                         net (fo=1, routed)           0.000     0.095    system_bringup_i/conv0_engine_0/inst/grp_conv0_engine_Pipeline_READ_ROW_fu_2635/mul_32ns_34ns_65_1_1_U493/tmp_product/DSP_MULTIPLIER.U<10>
    DSP48E2_X4Y82        DSP_M_DATA (Prop_DSP_M_DATA_DSP48E2_U[10]_U_DATA[10])
                                                      0.014     0.109 r  system_bringup_i/conv0_engine_0/inst/grp_conv0_engine_Pipeline_READ_ROW_fu_2635/mul_32ns_34ns_65_1_1_U493/tmp_product/DSP_M_DATA_INST/U_DATA[10]
                         net (fo=1, routed)           0.000     0.109    system_bringup_i/conv0_engine_0/inst/grp_conv0_engine_Pipeline_READ_ROW_fu_2635/mul_32ns_34ns_65_1_1_U493/tmp_product/DSP_M_DATA.U_DATA<10>
    DSP48E2_X4Y82        DSP_ALU (Prop_DSP_ALU_DSP48E2_U_DATA[10]_ALU_OUT[10])
                                                      0.127     0.236 f  system_bringup_i/conv0_engine_0/inst/grp_conv0_engine_Pipeline_READ_ROW_fu_2635/mul_32ns_34ns_65_1_1_U493/tmp_product/DSP_ALU_INST/ALU_OUT[10]
                         net (fo=1, routed)           0.000     0.236    system_bringup_i/conv0_engine_0/inst/grp_conv0_engine_Pipeline_READ_ROW_fu_2635/mul_32ns_34ns_65_1_1_U493/tmp_product/DSP_ALU.ALU_OUT<10>
    DSP48E2_X4Y82        DSP_OUTPUT (Prop_DSP_OUTPUT_DSP48E2_ALU_OUT[10]_P[10])
                                                      0.033     0.269 r  system_bringup_i/conv0_engine_0/inst/grp_conv0_engine_Pipeline_READ_ROW_fu_2635/mul_32ns_34ns_65_1_1_U493/tmp_product/DSP_OUTPUT_INST/P[10]
                         net (fo=1, routed)           0.098     0.367    system_bringup_i/conv0_engine_0/inst/grp_conv0_engine_Pipeline_READ_ROW_fu_2635/mul_32ns_34ns_65_1_1_U493_n_26
    SLICE_X17Y204        FDRE                                         r  system_bringup_i/conv0_engine_0/inst/grp_conv0_engine_Pipeline_READ_ROW_fu_2635/tmp_reg_1163_reg[10]/D
  -------------------------------------------------------------------    -------------------

                         (clock clk_pl_0 rise edge)
                                                      0.000     0.000 r  
    PS8_X0Y0             PS8                          0.000     0.000 r  system_bringup_i/zynq_ultra_ps_e_0/inst/PS8_i/PLCLK[0]
                         net (fo=1, routed)           0.164     0.164    system_bringup_i/zynq_ultra_ps_e_0/inst/pl_clk_unbuffered[0]
    BUFG_PS_X0Y80        BUFG_PS (Prop_BUFG_PS_I_O)
                                                      0.023     0.187 r  system_bringup_i/zynq_ultra_ps_e_0/inst/buffer_pl_clk_0.PL_CLK_0_BUFG/O
    X1Y1 (CLOCK_ROOT)    net (fo=91111, routed)       1.897     2.084    system_bringup_i/conv0_engine_0/inst/grp_conv0_engine_Pipeline_READ_ROW_fu_2635/ap_clk
    SLICE_X17Y204        FDRE                                         r  system_bringup_i/conv0_engine_0/inst/grp_conv0_engine_Pipeline_READ_ROW_fu_2635/tmp_reg_1163_reg[10]/C

Slack:                    inf
  Source:                 system_bringup_i/conv0_engine_0/inst/grp_conv0_engine_Pipeline_READ_ROW_fu_2635/mul_32ns_34ns_65_1_1_U493/tmp_product/DSP_A_B_DATA_INST/A2_DATA[5]
                            (internal pin)
  Destination:            system_bringup_i/conv0_engine_0/inst/grp_conv0_engine_Pipeline_READ_ROW_fu_2635/tmp_reg_1163_reg[6]/D
                            (rising edge-triggered cell FDRE clocked by clk_pl_0  {rise@0.000ns fall@2.500ns period=5.000ns})
  Path Group:             (none)
  Path Type:              Hold (Min at Fast Process Corner)
  Data Path Delay:        0.370ns  (logic 0.269ns (72.703%)  route 0.101ns (27.297%))
  Logic Levels:           5  (DSP_ALU=1 DSP_M_DATA=1 DSP_MULTIPLIER=1 DSP_OUTPUT=1 DSP_PREADD_DATA=1)
  Clock Uncertainty:      0.127ns  ((TSJ^2 + DJ^2)^1/2) / 2 + PE
    Total System Jitter     (TSJ):    0.050ns
    Discrete Jitter          (DJ):    0.248ns
    Phase Error              (PE):    0.000ns
  Clock Net Delay (Destination): 1.894ns (routing 0.971ns, distribution 0.923ns)

    Location             Delay type                Incr(ns)  Path(ns)    Netlist Resource(s)
  -------------------------------------------------------------------    -------------------
    DSP48E2_X4Y82        DSP_A_B_DATA                 0.000     0.000 r  system_bringup_i/conv0_engine_0/inst/grp_conv0_engine_Pipeline_READ_ROW_fu_2635/mul_32ns_34ns_65_1_1_U493/tmp_product/DSP_A_B_DATA_INST/A2_DATA[5]
                         net (fo=1, routed)           0.000     0.000    system_bringup_i/conv0_engine_0/inst/grp_conv0_engine_Pipeline_READ_ROW_fu_2635/mul_32ns_34ns_65_1_1_U493/tmp_product/DSP_A_B_DATA.A2_DATA<5>
    DSP48E2_X4Y82        DSP_PREADD_DATA (Prop_DSP_PREADD_DATA_DSP48E2_A2_DATA[5]_A2A1[5])
                                                      0.021     0.021 r  system_bringup_i/conv0_engine_0/inst/grp_conv0_engine_Pipeline_READ_ROW_fu_2635/mul_32ns_34ns_65_1_1_U493/tmp_product/DSP_PREADD_DATA_INST/A2A1[5]
                         net (fo=1, routed)           0.000     0.021    system_bringup_i/conv0_engine_0/inst/grp_conv0_engine_Pipeline_READ_ROW_fu_2635/mul_32ns_34ns_65_1_1_U493/tmp_product/DSP_PREADD_DATA.A2A1<5>
    DSP48E2_X4Y82        DSP_MULTIPLIER (Prop_DSP_MULTIPLIER_DSP48E2_A2A1[5]_U[6])
                                                      0.074     0.095 f  system_bringup_i/conv0_engine_0/inst/grp_conv0_engine_Pipeline_READ_ROW_fu_2635/mul_32ns_34ns_65_1_1_U493/tmp_product/DSP_MULTIPLIER_INST/U[6]
                         net (fo=1, routed)           0.000     0.095    system_bringup_i/conv0_engine_0/inst/grp_conv0_engine_Pipeline_READ_ROW_fu_2635/mul_32ns_34ns_65_1_1_U493/tmp_product/DSP_MULTIPLIER.U<6>
    DSP48E2_X4Y82        DSP_M_DATA (Prop_DSP_M_DATA_DSP48E2_U[6]_U_DATA[6])
                                                      0.014     0.109 r  system_bringup_i/conv0_engine_0/inst/grp_conv0_engine_Pipeline_READ_ROW_fu_2635/mul_32ns_34ns_65_1_1_U493/tmp_product/DSP_M_DATA_INST/U_DATA[6]
                         net (fo=1, routed)           0.000     0.109    system_bringup_i/conv0_engine_0/inst/grp_conv0_engine_Pipeline_READ_ROW_fu_2635/mul_32ns_34ns_65_1_1_U493/tmp_product/DSP_M_DATA.U_DATA<6>
    DSP48E2_X4Y82        DSP_ALU (Prop_DSP_ALU_DSP48E2_U_DATA[6]_ALU_OUT[6])
                                                      0.127     0.236 f  system_bringup_i/conv0_engine_0/inst/grp_conv0_engine_Pipeline_READ_ROW_fu_2635/mul_32ns_34ns_65_1_1_U493/tmp_product/DSP_ALU_INST/ALU_OUT[6]
                         net (fo=1, routed)           0.000     0.236    system_bringup_i/conv0_engine_0/inst/grp_conv0_engine_Pipeline_READ_ROW_fu_2635/mul_32ns_34ns_65_1_1_U493/tmp_product/DSP_ALU.ALU_OUT<6>
    DSP48E2_X4Y82        DSP_OUTPUT (Prop_DSP_OUTPUT_DSP48E2_ALU_OUT[6]_P[6])
                                                      0.033     0.269 r  system_bringup_i/conv0_engine_0/inst/grp_conv0_engine_Pipeline_READ_ROW_fu_2635/mul_32ns_34ns_65_1_1_U493/tmp_product/DSP_OUTPUT_INST/P[6]
                         net (fo=1, routed)           0.101     0.370    system_bringup_i/conv0_engine_0/inst/grp_conv0_engine_Pipeline_READ_ROW_fu_2635/mul_32ns_34ns_65_1_1_U493_n_30
    SLICE_X19Y203        FDRE                                         r  system_bringup_i/conv0_engine_0/inst/grp_conv0_engine_Pipeline_READ_ROW_fu_2635/tmp_reg_1163_reg[6]/D
  -------------------------------------------------------------------    -------------------

                         (clock clk_pl_0 rise edge)
                                                      0.000     0.000 r  
    PS8_X0Y0             PS8                          0.000     0.000 r  system_bringup_i/zynq_ultra_ps_e_0/inst/PS8_i/PLCLK[0]
                         net (fo=1, routed)           0.164     0.164    system_bringup_i/zynq_ultra_ps_e_0/inst/pl_clk_unbuffered[0]
    BUFG_PS_X0Y80        BUFG_PS (Prop_BUFG_PS_I_O)
                                                      0.023     0.187 r  system_bringup_i/zynq_ultra_ps_e_0/inst/buffer_pl_clk_0.PL_CLK_0_BUFG/O
    X1Y1 (CLOCK_ROOT)    net (fo=91111, routed)       1.894     2.081    system_bringup_i/conv0_engine_0/inst/grp_conv0_engine_Pipeline_READ_ROW_fu_2635/ap_clk
    SLICE_X19Y203        FDRE                                         r  system_bringup_i/conv0_engine_0/inst/grp_conv0_engine_Pipeline_READ_ROW_fu_2635/tmp_reg_1163_reg[6]/C

Slack:                    inf
  Source:                 system_bringup_i/conv0_engine_0/inst/grp_conv0_engine_Pipeline_READ_ROW_fu_2635/mul_32ns_34ns_65_1_1_U493/tmp_product/DSP_A_B_DATA_INST/A2_DATA[3]
                            (internal pin)
  Destination:            system_bringup_i/conv0_engine_0/inst/grp_conv0_engine_Pipeline_READ_ROW_fu_2635/tmp_reg_1163_reg[4]/D
                            (rising edge-triggered cell FDRE clocked by clk_pl_0  {rise@0.000ns fall@2.500ns period=5.000ns})
  Path Group:             (none)
  Path Type:              Hold (Min at Fast Process Corner)
  Data Path Delay:        0.374ns  (logic 0.269ns (71.925%)  route 0.105ns (28.075%))
  Logic Levels:           5  (DSP_ALU=1 DSP_M_DATA=1 DSP_MULTIPLIER=1 DSP_OUTPUT=1 DSP_PREADD_DATA=1)
  Clock Uncertainty:      0.127ns  ((TSJ^2 + DJ^2)^1/2) / 2 + PE
    Total System Jitter     (TSJ):    0.050ns
    Discrete Jitter          (DJ):    0.248ns
    Phase Error              (PE):    0.000ns
  Clock Net Delay (Destination): 1.896ns (routing 0.971ns, distribution 0.925ns)

    Location             Delay type                Incr(ns)  Path(ns)    Netlist Resource(s)
  -------------------------------------------------------------------    -------------------
    DSP48E2_X4Y82        DSP_A_B_DATA                 0.000     0.000 r  system_bringup_i/conv0_engine_0/inst/grp_conv0_engine_Pipeline_READ_ROW_fu_2635/mul_32ns_34ns_65_1_1_U493/tmp_product/DSP_A_B_DATA_INST/A2_DATA[3]
                         net (fo=1, routed)           0.000     0.000    system_bringup_i/conv0_engine_0/inst/grp_conv0_engine_Pipeline_READ_ROW_fu_2635/mul_32ns_34ns_65_1_1_U493/tmp_product/DSP_A_B_DATA.A2_DATA<3>
    DSP48E2_X4Y82        DSP_PREADD_DATA (Prop_DSP_PREADD_DATA_DSP48E2_A2_DATA[3]_A2A1[3])
                                                      0.021     0.021 r  system_bringup_i/conv0_engine_0/inst/grp_conv0_engine_Pipeline_READ_ROW_fu_2635/mul_32ns_34ns_65_1_1_U493/tmp_product/DSP_PREADD_DATA_INST/A2A1[3]
                         net (fo=1, routed)           0.000     0.021    system_bringup_i/conv0_engine_0/inst/grp_conv0_engine_Pipeline_READ_ROW_fu_2635/mul_32ns_34ns_65_1_1_U493/tmp_product/DSP_PREADD_DATA.A2A1<3>
    DSP48E2_X4Y82        DSP_MULTIPLIER (Prop_DSP_MULTIPLIER_DSP48E2_A2A1[3]_U[4])
                                                      0.074     0.095 f  system_bringup_i/conv0_engine_0/inst/grp_conv0_engine_Pipeline_READ_ROW_fu_2635/mul_32ns_34ns_65_1_1_U493/tmp_product/DSP_MULTIPLIER_INST/U[4]
                         net (fo=1, routed)           0.000     0.095    system_bringup_i/conv0_engine_0/inst/grp_conv0_engine_Pipeline_READ_ROW_fu_2635/mul_32ns_34ns_65_1_1_U493/tmp_product/DSP_MULTIPLIER.U<4>
    DSP48E2_X4Y82        DSP_M_DATA (Prop_DSP_M_DATA_DSP48E2_U[4]_U_DATA[4])
                                                      0.014     0.109 r  system_bringup_i/conv0_engine_0/inst/grp_conv0_engine_Pipeline_READ_ROW_fu_2635/mul_32ns_34ns_65_1_1_U493/tmp_product/DSP_M_DATA_INST/U_DATA[4]
                         net (fo=1, routed)           0.000     0.109    system_bringup_i/conv0_engine_0/inst/grp_conv0_engine_Pipeline_READ_ROW_fu_2635/mul_32ns_34ns_65_1_1_U493/tmp_product/DSP_M_DATA.U_DATA<4>
    DSP48E2_X4Y82        DSP_ALU (Prop_DSP_ALU_DSP48E2_U_DATA[4]_ALU_OUT[4])
                                                      0.127     0.236 f  system_bringup_i/conv0_engine_0/inst/grp_conv0_engine_Pipeline_READ_ROW_fu_2635/mul_32ns_34ns_65_1_1_U493/tmp_product/DSP_ALU_INST/ALU_OUT[4]
                         net (fo=1, routed)           0.000     0.236    system_bringup_i/conv0_engine_0/inst/grp_conv0_engine_Pipeline_READ_ROW_fu_2635/mul_32ns_34ns_65_1_1_U493/tmp_product/DSP_ALU.ALU_OUT<4>
    DSP48E2_X4Y82        DSP_OUTPUT (Prop_DSP_OUTPUT_DSP48E2_ALU_OUT[4]_P[4])
                                                      0.033     0.269 r  system_bringup_i/conv0_engine_0/inst/grp_conv0_engine_Pipeline_READ_ROW_fu_2635/mul_32ns_34ns_65_1_1_U493/tmp_product/DSP_OUTPUT_INST/P[4]
                         net (fo=1, routed)           0.105     0.374    system_bringup_i/conv0_engine_0/inst/grp_conv0_engine_Pipeline_READ_ROW_fu_2635/mul_32ns_34ns_65_1_1_U493_n_32
    SLICE_X17Y204        FDRE                                         r  system_bringup_i/conv0_engine_0/inst/grp_conv0_engine_Pipeline_READ_ROW_fu_2635/tmp_reg_1163_reg[4]/D
  -------------------------------------------------------------------    -------------------

                         (clock clk_pl_0 rise edge)
                                                      0.000     0.000 r  
    PS8_X0Y0             PS8                          0.000     0.000 r  system_bringup_i/zynq_ultra_ps_e_0/inst/PS8_i/PLCLK[0]
                         net (fo=1, routed)           0.164     0.164    system_bringup_i/zynq_ultra_ps_e_0/inst/pl_clk_unbuffered[0]
    BUFG_PS_X0Y80        BUFG_PS (Prop_BUFG_PS_I_O)
                                                      0.023     0.187 r  system_bringup_i/zynq_ultra_ps_e_0/inst/buffer_pl_clk_0.PL_CLK_0_BUFG/O
    X1Y1 (CLOCK_ROOT)    net (fo=91111, routed)       1.896     2.083    system_bringup_i/conv0_engine_0/inst/grp_conv0_engine_Pipeline_READ_ROW_fu_2635/ap_clk
    SLICE_X17Y204        FDRE                                         r  system_bringup_i/conv0_engine_0/inst/grp_conv0_engine_Pipeline_READ_ROW_fu_2635/tmp_reg_1163_reg[4]/C

Slack:                    inf
  Source:                 system_bringup_i/conv0_engine_0/inst/grp_conv0_engine_Pipeline_READ_ROW_fu_2635/mul_32ns_34ns_65_1_1_U493/tmp_product/DSP_A_B_DATA_INST/A2_DATA[13]
                            (internal pin)
  Destination:            system_bringup_i/conv0_engine_0/inst/grp_conv0_engine_Pipeline_READ_ROW_fu_2635/tmp_reg_1163_reg[14]/D
                            (rising edge-triggered cell FDRE clocked by clk_pl_0  {rise@0.000ns fall@2.500ns period=5.000ns})
  Path Group:             (none)
  Path Type:              Hold (Min at Fast Process Corner)
  Data Path Delay:        0.376ns  (logic 0.269ns (71.543%)  route 0.107ns (28.457%))
  Logic Levels:           5  (DSP_ALU=1 DSP_M_DATA=1 DSP_MULTIPLIER=1 DSP_OUTPUT=1 DSP_PREADD_DATA=1)
  Clock Uncertainty:      0.127ns  ((TSJ^2 + DJ^2)^1/2) / 2 + PE
    Total System Jitter     (TSJ):    0.050ns
    Discrete Jitter          (DJ):    0.248ns
    Phase Error              (PE):    0.000ns
  Clock Net Delay (Destination): 1.896ns (routing 0.971ns, distribution 0.925ns)

    Location             Delay type                Incr(ns)  Path(ns)    Netlist Resource(s)
  -------------------------------------------------------------------    -------------------
    DSP48E2_X4Y82        DSP_A_B_DATA                 0.000     0.000 r  system_bringup_i/conv0_engine_0/inst/grp_conv0_engine_Pipeline_READ_ROW_fu_2635/mul_32ns_34ns_65_1_1_U493/tmp_product/DSP_A_B_DATA_INST/A2_DATA[13]
                         net (fo=1, routed)           0.000     0.000    system_bringup_i/conv0_engine_0/inst/grp_conv0_engine_Pipeline_READ_ROW_fu_2635/mul_32ns_34ns_65_1_1_U493/tmp_product/DSP_A_B_DATA.A2_DATA<13>
    DSP48E2_X4Y82        DSP_PREADD_DATA (Prop_DSP_PREADD_DATA_DSP48E2_A2_DATA[13]_A2A1[13])
                                                      0.021     0.021 r  system_bringup_i/conv0_engine_0/inst/grp_conv0_engine_Pipeline_READ_ROW_fu_2635/mul_32ns_34ns_65_1_1_U493/tmp_product/DSP_PREADD_DATA_INST/A2A1[13]
                         net (fo=1, routed)           0.000     0.021    system_bringup_i/conv0_engine_0/inst/grp_conv0_engine_Pipeline_READ_ROW_fu_2635/mul_32ns_34ns_65_1_1_U493/tmp_product/DSP_PREADD_DATA.A2A1<13>
    DSP48E2_X4Y82        DSP_MULTIPLIER (Prop_DSP_MULTIPLIER_DSP48E2_A2A1[13]_U[14])
                                                      0.074     0.095 f  system_bringup_i/conv0_engine_0/inst/grp_conv0_engine_Pipeline_READ_ROW_fu_2635/mul_32ns_34ns_65_1_1_U493/tmp_product/DSP_MULTIPLIER_INST/U[14]
                         net (fo=1, routed)           0.000     0.095    system_bringup_i/conv0_engine_0/inst/grp_conv0_engine_Pipeline_READ_ROW_fu_2635/mul_32ns_34ns_65_1_1_U493/tmp_product/DSP_MULTIPLIER.U<14>
    DSP48E2_X4Y82        DSP_M_DATA (Prop_DSP_M_DATA_DSP48E2_U[14]_U_DATA[14])
                                                      0.014     0.109 r  system_bringup_i/conv0_engine_0/inst/grp_conv0_engine_Pipeline_READ_ROW_fu_2635/mul_32ns_34ns_65_1_1_U493/tmp_product/DSP_M_DATA_INST/U_DATA[14]
                         net (fo=1, routed)           0.000     0.109    system_bringup_i/conv0_engine_0/inst/grp_conv0_engine_Pipeline_READ_ROW_fu_2635/mul_32ns_34ns_65_1_1_U493/tmp_product/DSP_M_DATA.U_DATA<14>
    DSP48E2_X4Y82        DSP_ALU (Prop_DSP_ALU_DSP48E2_U_DATA[14]_ALU_OUT[14])
                                                      0.127     0.236 f  system_bringup_i/conv0_engine_0/inst/grp_conv0_engine_Pipeline_READ_ROW_fu_2635/mul_32ns_34ns_65_1_1_U493/tmp_product/DSP_ALU_INST/ALU_OUT[14]
                         net (fo=1, routed)           0.000     0.236    system_bringup_i/conv0_engine_0/inst/grp_conv0_engine_Pipeline_READ_ROW_fu_2635/mul_32ns_34ns_65_1_1_U493/tmp_product/DSP_ALU.ALU_OUT<14>
    DSP48E2_X4Y82        DSP_OUTPUT (Prop_DSP_OUTPUT_DSP48E2_ALU_OUT[14]_P[14])
                                                      0.033     0.269 r  system_bringup_i/conv0_engine_0/inst/grp_conv0_engine_Pipeline_READ_ROW_fu_2635/mul_32ns_34ns_65_1_1_U493/tmp_product/DSP_OUTPUT_INST/P[14]
                         net (fo=1, routed)           0.107     0.376    system_bringup_i/conv0_engine_0/inst/grp_conv0_engine_Pipeline_READ_ROW_fu_2635/mul_32ns_34ns_65_1_1_U493_n_22
    SLICE_X17Y204        FDRE                                         r  system_bringup_i/conv0_engine_0/inst/grp_conv0_engine_Pipeline_READ_ROW_fu_2635/tmp_reg_1163_reg[14]/D
  -------------------------------------------------------------------    -------------------

                         (clock clk_pl_0 rise edge)
                                                      0.000     0.000 r  
    PS8_X0Y0             PS8                          0.000     0.000 r  system_bringup_i/zynq_ultra_ps_e_0/inst/PS8_i/PLCLK[0]
                         net (fo=1, routed)           0.164     0.164    system_bringup_i/zynq_ultra_ps_e_0/inst/pl_clk_unbuffered[0]
    BUFG_PS_X0Y80        BUFG_PS (Prop_BUFG_PS_I_O)
                                                      0.023     0.187 r  system_bringup_i/zynq_ultra_ps_e_0/inst/buffer_pl_clk_0.PL_CLK_0_BUFG/O
    X1Y1 (CLOCK_ROOT)    net (fo=91111, routed)       1.896     2.083    system_bringup_i/conv0_engine_0/inst/grp_conv0_engine_Pipeline_READ_ROW_fu_2635/ap_clk
    SLICE_X17Y204        FDRE                                         r  system_bringup_i/conv0_engine_0/inst/grp_conv0_engine_Pipeline_READ_ROW_fu_2635/tmp_reg_1163_reg[14]/C

Slack:                    inf
  Source:                 system_bringup_i/conv0_engine_0/inst/grp_conv0_engine_Pipeline_READ_ROW_fu_2635/mul_32ns_34ns_65_1_1_U493/tmp_product/DSP_A_B_DATA_INST/A2_DATA[0]
                            (internal pin)
  Destination:            system_bringup_i/conv0_engine_0/inst/grp_conv0_engine_Pipeline_READ_ROW_fu_2635/tmp_reg_1163_reg[0]/D
                            (rising edge-triggered cell FDRE clocked by clk_pl_0  {rise@0.000ns fall@2.500ns period=5.000ns})
  Path Group:             (none)
  Path Type:              Hold (Min at Fast Process Corner)
  Data Path Delay:        0.376ns  (logic 0.273ns (72.606%)  route 0.103ns (27.394%))
  Logic Levels:           5  (DSP_ALU=1 DSP_M_DATA=1 DSP_MULTIPLIER=1 DSP_OUTPUT=1 DSP_PREADD_DATA=1)
  Clock Uncertainty:      0.127ns  ((TSJ^2 + DJ^2)^1/2) / 2 + PE
    Total System Jitter     (TSJ):    0.050ns
    Discrete Jitter          (DJ):    0.248ns
    Phase Error              (PE):    0.000ns
  Clock Net Delay (Destination): 1.899ns (routing 0.971ns, distribution 0.928ns)

    Location             Delay type                Incr(ns)  Path(ns)    Netlist Resource(s)
  -------------------------------------------------------------------    -------------------
    DSP48E2_X4Y82        DSP_A_B_DATA                 0.000     0.000 r  system_bringup_i/conv0_engine_0/inst/grp_conv0_engine_Pipeline_READ_ROW_fu_2635/mul_32ns_34ns_65_1_1_U493/tmp_product/DSP_A_B_DATA_INST/A2_DATA[0]
                         net (fo=1, routed)           0.000     0.000    system_bringup_i/conv0_engine_0/inst/grp_conv0_engine_Pipeline_READ_ROW_fu_2635/mul_32ns_34ns_65_1_1_U493/tmp_product/DSP_A_B_DATA.A2_DATA<0>
    DSP48E2_X4Y82        DSP_PREADD_DATA (Prop_DSP_PREADD_DATA_DSP48E2_A2_DATA[0]_A2A1[0])
                                                      0.021     0.021 r  system_bringup_i/conv0_engine_0/inst/grp_conv0_engine_Pipeline_READ_ROW_fu_2635/mul_32ns_34ns_65_1_1_U493/tmp_product/DSP_PREADD_DATA_INST/A2A1[0]
                         net (fo=1, routed)           0.000     0.021    system_bringup_i/conv0_engine_0/inst/grp_conv0_engine_Pipeline_READ_ROW_fu_2635/mul_32ns_34ns_65_1_1_U493/tmp_product/DSP_PREADD_DATA.A2A1<0>
    DSP48E2_X4Y82        DSP_MULTIPLIER (Prop_DSP_MULTIPLIER_DSP48E2_A2A1[0]_V[0])
                                                      0.082     0.103 f  system_bringup_i/conv0_engine_0/inst/grp_conv0_engine_Pipeline_READ_ROW_fu_2635/mul_32ns_34ns_65_1_1_U493/tmp_product/DSP_MULTIPLIER_INST/V[0]
                         net (fo=1, routed)           0.000     0.103    system_bringup_i/conv0_engine_0/inst/grp_conv0_engine_Pipeline_READ_ROW_fu_2635/mul_32ns_34ns_65_1_1_U493/tmp_product/DSP_MULTIPLIER.V<0>
    DSP48E2_X4Y82        DSP_M_DATA (Prop_DSP_M_DATA_DSP48E2_V[0]_V_DATA[0])
                                                      0.013     0.116 r  system_bringup_i/conv0_engine_0/inst/grp_conv0_engine_Pipeline_READ_ROW_fu_2635/mul_32ns_34ns_65_1_1_U493/tmp_product/DSP_M_DATA_INST/V_DATA[0]
                         net (fo=1, routed)           0.000     0.116    system_bringup_i/conv0_engine_0/inst/grp_conv0_engine_Pipeline_READ_ROW_fu_2635/mul_32ns_34ns_65_1_1_U493/tmp_product/DSP_M_DATA.V_DATA<0>
    DSP48E2_X4Y82        DSP_ALU (Prop_DSP_ALU_DSP48E2_V_DATA[0]_ALU_OUT[0])
                                                      0.124     0.240 f  system_bringup_i/conv0_engine_0/inst/grp_conv0_engine_Pipeline_READ_ROW_fu_2635/mul_32ns_34ns_65_1_1_U493/tmp_product/DSP_ALU_INST/ALU_OUT[0]
                         net (fo=1, routed)           0.000     0.240    system_bringup_i/conv0_engine_0/inst/grp_conv0_engine_Pipeline_READ_ROW_fu_2635/mul_32ns_34ns_65_1_1_U493/tmp_product/DSP_ALU.ALU_OUT<0>
    DSP48E2_X4Y82        DSP_OUTPUT (Prop_DSP_OUTPUT_DSP48E2_ALU_OUT[0]_P[0])
                                                      0.033     0.273 r  system_bringup_i/conv0_engine_0/inst/grp_conv0_engine_Pipeline_READ_ROW_fu_2635/mul_32ns_34ns_65_1_1_U493/tmp_product/DSP_OUTPUT_INST/P[0]
                         net (fo=1, routed)           0.103     0.376    system_bringup_i/conv0_engine_0/inst/grp_conv0_engine_Pipeline_READ_ROW_fu_2635/mul_32ns_34ns_65_1_1_U493_n_36
    SLICE_X17Y200        FDRE                                         r  system_bringup_i/conv0_engine_0/inst/grp_conv0_engine_Pipeline_READ_ROW_fu_2635/tmp_reg_1163_reg[0]/D
  -------------------------------------------------------------------    -------------------

                         (clock clk_pl_0 rise edge)
                                                      0.000     0.000 r  
    PS8_X0Y0             PS8                          0.000     0.000 r  system_bringup_i/zynq_ultra_ps_e_0/inst/PS8_i/PLCLK[0]
                         net (fo=1, routed)           0.164     0.164    system_bringup_i/zynq_ultra_ps_e_0/inst/pl_clk_unbuffered[0]
    BUFG_PS_X0Y80        BUFG_PS (Prop_BUFG_PS_I_O)
                                                      0.023     0.187 r  system_bringup_i/zynq_ultra_ps_e_0/inst/buffer_pl_clk_0.PL_CLK_0_BUFG/O
    X1Y1 (CLOCK_ROOT)    net (fo=91111, routed)       1.899     2.086    system_bringup_i/conv0_engine_0/inst/grp_conv0_engine_Pipeline_READ_ROW_fu_2635/ap_clk
    SLICE_X17Y200        FDRE                                         r  system_bringup_i/conv0_engine_0/inst/grp_conv0_engine_Pipeline_READ_ROW_fu_2635/tmp_reg_1163_reg[0]/C

Slack:                    inf
  Source:                 system_bringup_i/conv0_engine_0/inst/grp_conv0_engine_Pipeline_COL_GROUP_fu_2717/mul_10ns_12ns_21_1_1_U544/tmp_product/DSP_A_B_DATA_INST/B2_DATA[17]
                            (internal pin)
  Destination:            system_bringup_i/conv0_engine_0/inst/grp_conv0_engine_Pipeline_COL_GROUP_fu_2717/zext_ln407_reg_13955_reg[6]/D
                            (rising edge-triggered cell FDRE clocked by clk_pl_0  {rise@0.000ns fall@2.500ns period=5.000ns})
  Path Group:             (none)
  Path Type:              Hold (Min at Fast Process Corner)
  Data Path Delay:        0.382ns  (logic 0.280ns (73.364%)  route 0.102ns (26.636%))
  Logic Levels:           5  (DSP_ALU=1 DSP_M_DATA=1 DSP_MULTIPLIER=1 DSP_OUTPUT=1 DSP_PREADD_DATA=1)
  Clock Uncertainty:      0.127ns  ((TSJ^2 + DJ^2)^1/2) / 2 + PE
    Total System Jitter     (TSJ):    0.050ns
    Discrete Jitter          (DJ):    0.248ns
    Phase Error              (PE):    0.000ns
  Clock Net Delay (Destination): 1.799ns (routing 0.971ns, distribution 0.828ns)

    Location             Delay type                Incr(ns)  Path(ns)    Netlist Resource(s)
  -------------------------------------------------------------------    -------------------
    DSP48E2_X11Y80       DSP_A_B_DATA                 0.000     0.000 r  system_bringup_i/conv0_engine_0/inst/grp_conv0_engine_Pipeline_COL_GROUP_fu_2717/mul_10ns_12ns_21_1_1_U544/tmp_product/DSP_A_B_DATA_INST/B2_DATA[17]
                         net (fo=1, routed)           0.000     0.000    system_bringup_i/conv0_engine_0/inst/grp_conv0_engine_Pipeline_COL_GROUP_fu_2717/mul_10ns_12ns_21_1_1_U544/tmp_product/DSP_A_B_DATA.B2_DATA<17>
    DSP48E2_X11Y80       DSP_PREADD_DATA (Prop_DSP_PREADD_DATA_DSP48E2_B2_DATA[17]_B2B1[17])
                                                      0.022     0.022 r  system_bringup_i/conv0_engine_0/inst/grp_conv0_engine_Pipeline_COL_GROUP_fu_2717/mul_10ns_12ns_21_1_1_U544/tmp_product/DSP_PREADD_DATA_INST/B2B1[17]
                         net (fo=1, routed)           0.000     0.022    system_bringup_i/conv0_engine_0/inst/grp_conv0_engine_Pipeline_COL_GROUP_fu_2717/mul_10ns_12ns_21_1_1_U544/tmp_product/DSP_PREADD_DATA.B2B1<17>
    DSP48E2_X11Y80       DSP_MULTIPLIER (Prop_DSP_MULTIPLIER_DSP48E2_B2B1[17]_U[18])
                                                      0.084     0.106 f  system_bringup_i/conv0_engine_0/inst/grp_conv0_engine_Pipeline_COL_GROUP_fu_2717/mul_10ns_12ns_21_1_1_U544/tmp_product/DSP_MULTIPLIER_INST/U[18]
                         net (fo=1, routed)           0.000     0.106    system_bringup_i/conv0_engine_0/inst/grp_conv0_engine_Pipeline_COL_GROUP_fu_2717/mul_10ns_12ns_21_1_1_U544/tmp_product/DSP_MULTIPLIER.U<18>
    DSP48E2_X11Y80       DSP_M_DATA (Prop_DSP_M_DATA_DSP48E2_U[18]_U_DATA[18])
                                                      0.014     0.120 r  system_bringup_i/conv0_engine_0/inst/grp_conv0_engine_Pipeline_COL_GROUP_fu_2717/mul_10ns_12ns_21_1_1_U544/tmp_product/DSP_M_DATA_INST/U_DATA[18]
                         net (fo=1, routed)           0.000     0.120    system_bringup_i/conv0_engine_0/inst/grp_conv0_engine_Pipeline_COL_GROUP_fu_2717/mul_10ns_12ns_21_1_1_U544/tmp_product/DSP_M_DATA.U_DATA<18>
    DSP48E2_X11Y80       DSP_ALU (Prop_DSP_ALU_DSP48E2_U_DATA[18]_ALU_OUT[18])
                                                      0.127     0.247 f  system_bringup_i/conv0_engine_0/inst/grp_conv0_engine_Pipeline_COL_GROUP_fu_2717/mul_10ns_12ns_21_1_1_U544/tmp_product/DSP_ALU_INST/ALU_OUT[18]
                         net (fo=1, routed)           0.000     0.247    system_bringup_i/conv0_engine_0/inst/grp_conv0_engine_Pipeline_COL_GROUP_fu_2717/mul_10ns_12ns_21_1_1_U544/tmp_product/DSP_ALU.ALU_OUT<18>
    DSP48E2_X11Y80       DSP_OUTPUT (Prop_DSP_OUTPUT_DSP48E2_ALU_OUT[18]_P[18])
                                                      0.033     0.280 r  system_bringup_i/conv0_engine_0/inst/grp_conv0_engine_Pipeline_COL_GROUP_fu_2717/mul_10ns_12ns_21_1_1_U544/tmp_product/DSP_OUTPUT_INST/P[18]
                         net (fo=3, routed)           0.102     0.382    system_bringup_i/conv0_engine_0/inst/grp_conv0_engine_Pipeline_COL_GROUP_fu_2717/grp_conv0_engine_Pipeline_COL_GROUP_fu_2717_p_ZZ12conv0_enginePK6ap_intILi8EES2_PKS_ILi32EEP7ap_uintILi32EEttihhE7row_buf_0_0_2_address1[6]
    SLICE_X38Y202        FDRE                                         r  system_bringup_i/conv0_engine_0/inst/grp_conv0_engine_Pipeline_COL_GROUP_fu_2717/zext_ln407_reg_13955_reg[6]/D
  -------------------------------------------------------------------    -------------------

                         (clock clk_pl_0 rise edge)
                                                      0.000     0.000 r  
    PS8_X0Y0             PS8                          0.000     0.000 r  system_bringup_i/zynq_ultra_ps_e_0/inst/PS8_i/PLCLK[0]
                         net (fo=1, routed)           0.164     0.164    system_bringup_i/zynq_ultra_ps_e_0/inst/pl_clk_unbuffered[0]
    BUFG_PS_X0Y80        BUFG_PS (Prop_BUFG_PS_I_O)
                                                      0.023     0.187 r  system_bringup_i/zynq_ultra_ps_e_0/inst/buffer_pl_clk_0.PL_CLK_0_BUFG/O
    X1Y1 (CLOCK_ROOT)    net (fo=91111, routed)       1.799     1.986    system_bringup_i/conv0_engine_0/inst/grp_conv0_engine_Pipeline_COL_GROUP_fu_2717/ap_clk
    SLICE_X38Y202        FDRE                                         r  system_bringup_i/conv0_engine_0/inst/grp_conv0_engine_Pipeline_COL_GROUP_fu_2717/zext_ln407_reg_13955_reg[6]/C

Slack:                    inf
  Source:                 system_bringup_i/conv0_engine_0/inst/grp_conv0_engine_Pipeline_READ_ROW_fu_2635/mul_32ns_34ns_65_1_1_U493/tmp_product/DSP_A_B_DATA_INST/A2_DATA[3]
                            (internal pin)
  Destination:            system_bringup_i/conv0_engine_0/inst/grp_conv0_engine_Pipeline_READ_ROW_fu_2635/tmp_reg_1163_reg[3]/D
                            (rising edge-triggered cell FDRE clocked by clk_pl_0  {rise@0.000ns fall@2.500ns period=5.000ns})
  Path Group:             (none)
  Path Type:              Hold (Min at Fast Process Corner)
  Data Path Delay:        0.390ns  (logic 0.269ns (68.974%)  route 0.121ns (31.026%))
  Logic Levels:           5  (DSP_ALU=1 DSP_M_DATA=1 DSP_MULTIPLIER=1 DSP_OUTPUT=1 DSP_PREADD_DATA=1)
  Clock Uncertainty:      0.127ns  ((TSJ^2 + DJ^2)^1/2) / 2 + PE
    Total System Jitter     (TSJ):    0.050ns
    Discrete Jitter          (DJ):    0.248ns
    Phase Error              (PE):    0.000ns
  Clock Net Delay (Destination): 1.900ns (routing 0.971ns, distribution 0.929ns)

    Location             Delay type                Incr(ns)  Path(ns)    Netlist Resource(s)
  -------------------------------------------------------------------    -------------------
    DSP48E2_X4Y82        DSP_A_B_DATA                 0.000     0.000 r  system_bringup_i/conv0_engine_0/inst/grp_conv0_engine_Pipeline_READ_ROW_fu_2635/mul_32ns_34ns_65_1_1_U493/tmp_product/DSP_A_B_DATA_INST/A2_DATA[3]
                         net (fo=1, routed)           0.000     0.000    system_bringup_i/conv0_engine_0/inst/grp_conv0_engine_Pipeline_READ_ROW_fu_2635/mul_32ns_34ns_65_1_1_U493/tmp_product/DSP_A_B_DATA.A2_DATA<3>
    DSP48E2_X4Y82        DSP_PREADD_DATA (Prop_DSP_PREADD_DATA_DSP48E2_A2_DATA[3]_A2A1[3])
                                                      0.021     0.021 r  system_bringup_i/conv0_engine_0/inst/grp_conv0_engine_Pipeline_READ_ROW_fu_2635/mul_32ns_34ns_65_1_1_U493/tmp_product/DSP_PREADD_DATA_INST/A2A1[3]
                         net (fo=1, routed)           0.000     0.021    system_bringup_i/conv0_engine_0/inst/grp_conv0_engine_Pipeline_READ_ROW_fu_2635/mul_32ns_34ns_65_1_1_U493/tmp_product/DSP_PREADD_DATA.A2A1<3>
    DSP48E2_X4Y82        DSP_MULTIPLIER (Prop_DSP_MULTIPLIER_DSP48E2_A2A1[3]_U[3])
                                                      0.074     0.095 f  system_bringup_i/conv0_engine_0/inst/grp_conv0_engine_Pipeline_READ_ROW_fu_2635/mul_32ns_34ns_65_1_1_U493/tmp_product/DSP_MULTIPLIER_INST/U[3]
                         net (fo=1, routed)           0.000     0.095    system_bringup_i/conv0_engine_0/inst/grp_conv0_engine_Pipeline_READ_ROW_fu_2635/mul_32ns_34ns_65_1_1_U493/tmp_product/DSP_MULTIPLIER.U<3>
    DSP48E2_X4Y82        DSP_M_DATA (Prop_DSP_M_DATA_DSP48E2_U[3]_U_DATA[3])
                                                      0.014     0.109 r  system_bringup_i/conv0_engine_0/inst/grp_conv0_engine_Pipeline_READ_ROW_fu_2635/mul_32ns_34ns_65_1_1_U493/tmp_product/DSP_M_DATA_INST/U_DATA[3]
                         net (fo=1, routed)           0.000     0.109    system_bringup_i/conv0_engine_0/inst/grp_conv0_engine_Pipeline_READ_ROW_fu_2635/mul_32ns_34ns_65_1_1_U493/tmp_product/DSP_M_DATA.U_DATA<3>
    DSP48E2_X4Y82        DSP_ALU (Prop_DSP_ALU_DSP48E2_U_DATA[3]_ALU_OUT[3])
                                                      0.127     0.236 f  system_bringup_i/conv0_engine_0/inst/grp_conv0_engine_Pipeline_READ_ROW_fu_2635/mul_32ns_34ns_65_1_1_U493/tmp_product/DSP_ALU_INST/ALU_OUT[3]
                         net (fo=1, routed)           0.000     0.236    system_bringup_i/conv0_engine_0/inst/grp_conv0_engine_Pipeline_READ_ROW_fu_2635/mul_32ns_34ns_65_1_1_U493/tmp_product/DSP_ALU.ALU_OUT<3>
    DSP48E2_X4Y82        DSP_OUTPUT (Prop_DSP_OUTPUT_DSP48E2_ALU_OUT[3]_P[3])
                                                      0.033     0.269 r  system_bringup_i/conv0_engine_0/inst/grp_conv0_engine_Pipeline_READ_ROW_fu_2635/mul_32ns_34ns_65_1_1_U493/tmp_product/DSP_OUTPUT_INST/P[3]
                         net (fo=1, routed)           0.121     0.390    system_bringup_i/conv0_engine_0/inst/grp_conv0_engine_Pipeline_READ_ROW_fu_2635/mul_32ns_34ns_65_1_1_U493_n_33
    SLICE_X17Y200        FDRE                                         r  system_bringup_i/conv0_engine_0/inst/grp_conv0_engine_Pipeline_READ_ROW_fu_2635/tmp_reg_1163_reg[3]/D
  -------------------------------------------------------------------    -------------------

                         (clock clk_pl_0 rise edge)
                                                      0.000     0.000 r  
    PS8_X0Y0             PS8                          0.000     0.000 r  system_bringup_i/zynq_ultra_ps_e_0/inst/PS8_i/PLCLK[0]
                         net (fo=1, routed)           0.164     0.164    system_bringup_i/zynq_ultra_ps_e_0/inst/pl_clk_unbuffered[0]
    BUFG_PS_X0Y80        BUFG_PS (Prop_BUFG_PS_I_O)
                                                      0.023     0.187 r  system_bringup_i/zynq_ultra_ps_e_0/inst/buffer_pl_clk_0.PL_CLK_0_BUFG/O
    X1Y1 (CLOCK_ROOT)    net (fo=91111, routed)       1.900     2.087    system_bringup_i/conv0_engine_0/inst/grp_conv0_engine_Pipeline_READ_ROW_fu_2635/ap_clk
    SLICE_X17Y200        FDRE                                         r  system_bringup_i/conv0_engine_0/inst/grp_conv0_engine_Pipeline_READ_ROW_fu_2635/tmp_reg_1163_reg[3]/C

Slack:                    inf
  Source:                 system_bringup_i/conv0_engine_0/inst/grp_conv0_engine_Pipeline_READ_ROW_fu_2635/mul_32ns_34ns_65_1_1_U493/tmp_product/DSP_A_B_DATA_INST/A2_DATA[1]
                            (internal pin)
  Destination:            system_bringup_i/conv0_engine_0/inst/grp_conv0_engine_Pipeline_READ_ROW_fu_2635/tmp_reg_1163_reg[1]/D
                            (rising edge-triggered cell FDRE clocked by clk_pl_0  {rise@0.000ns fall@2.500ns period=5.000ns})
  Path Group:             (none)
  Path Type:              Hold (Min at Fast Process Corner)
  Data Path Delay:        0.392ns  (logic 0.269ns (68.622%)  route 0.123ns (31.378%))
  Logic Levels:           5  (DSP_ALU=1 DSP_M_DATA=1 DSP_MULTIPLIER=1 DSP_OUTPUT=1 DSP_PREADD_DATA=1)
  Clock Uncertainty:      0.127ns  ((TSJ^2 + DJ^2)^1/2) / 2 + PE
    Total System Jitter     (TSJ):    0.050ns
    Discrete Jitter          (DJ):    0.248ns
    Phase Error              (PE):    0.000ns
  Clock Net Delay (Destination): 1.896ns (routing 0.971ns, distribution 0.925ns)

    Location             Delay type                Incr(ns)  Path(ns)    Netlist Resource(s)
  -------------------------------------------------------------------    -------------------
    DSP48E2_X4Y82        DSP_A_B_DATA                 0.000     0.000 r  system_bringup_i/conv0_engine_0/inst/grp_conv0_engine_Pipeline_READ_ROW_fu_2635/mul_32ns_34ns_65_1_1_U493/tmp_product/DSP_A_B_DATA_INST/A2_DATA[1]
                         net (fo=1, routed)           0.000     0.000    system_bringup_i/conv0_engine_0/inst/grp_conv0_engine_Pipeline_READ_ROW_fu_2635/mul_32ns_34ns_65_1_1_U493/tmp_product/DSP_A_B_DATA.A2_DATA<1>
    DSP48E2_X4Y82        DSP_PREADD_DATA (Prop_DSP_PREADD_DATA_DSP48E2_A2_DATA[1]_A2A1[1])
                                                      0.021     0.021 r  system_bringup_i/conv0_engine_0/inst/grp_conv0_engine_Pipeline_READ_ROW_fu_2635/mul_32ns_34ns_65_1_1_U493/tmp_product/DSP_PREADD_DATA_INST/A2A1[1]
                         net (fo=1, routed)           0.000     0.021    system_bringup_i/conv0_engine_0/inst/grp_conv0_engine_Pipeline_READ_ROW_fu_2635/mul_32ns_34ns_65_1_1_U493/tmp_product/DSP_PREADD_DATA.A2A1<1>
    DSP48E2_X4Y82        DSP_MULTIPLIER (Prop_DSP_MULTIPLIER_DSP48E2_A2A1[1]_U[1])
                                                      0.074     0.095 f  system_bringup_i/conv0_engine_0/inst/grp_conv0_engine_Pipeline_READ_ROW_fu_2635/mul_32ns_34ns_65_1_1_U493/tmp_product/DSP_MULTIPLIER_INST/U[1]
                         net (fo=1, routed)           0.000     0.095    system_bringup_i/conv0_engine_0/inst/grp_conv0_engine_Pipeline_READ_ROW_fu_2635/mul_32ns_34ns_65_1_1_U493/tmp_product/DSP_MULTIPLIER.U<1>
    DSP48E2_X4Y82        DSP_M_DATA (Prop_DSP_M_DATA_DSP48E2_U[1]_U_DATA[1])
                                                      0.014     0.109 r  system_bringup_i/conv0_engine_0/inst/grp_conv0_engine_Pipeline_READ_ROW_fu_2635/mul_32ns_34ns_65_1_1_U493/tmp_product/DSP_M_DATA_INST/U_DATA[1]
                         net (fo=1, routed)           0.000     0.109    system_bringup_i/conv0_engine_0/inst/grp_conv0_engine_Pipeline_READ_ROW_fu_2635/mul_32ns_34ns_65_1_1_U493/tmp_product/DSP_M_DATA.U_DATA<1>
    DSP48E2_X4Y82        DSP_ALU (Prop_DSP_ALU_DSP48E2_U_DATA[1]_ALU_OUT[1])
                                                      0.127     0.236 f  system_bringup_i/conv0_engine_0/inst/grp_conv0_engine_Pipeline_READ_ROW_fu_2635/mul_32ns_34ns_65_1_1_U493/tmp_product/DSP_ALU_INST/ALU_OUT[1]
                         net (fo=1, routed)           0.000     0.236    system_bringup_i/conv0_engine_0/inst/grp_conv0_engine_Pipeline_READ_ROW_fu_2635/mul_32ns_34ns_65_1_1_U493/tmp_product/DSP_ALU.ALU_OUT<1>
    DSP48E2_X4Y82        DSP_OUTPUT (Prop_DSP_OUTPUT_DSP48E2_ALU_OUT[1]_P[1])
                                                      0.033     0.269 r  system_bringup_i/conv0_engine_0/inst/grp_conv0_engine_Pipeline_READ_ROW_fu_2635/mul_32ns_34ns_65_1_1_U493/tmp_product/DSP_OUTPUT_INST/P[1]
                         net (fo=1, routed)           0.123     0.392    system_bringup_i/conv0_engine_0/inst/grp_conv0_engine_Pipeline_READ_ROW_fu_2635/mul_32ns_34ns_65_1_1_U493_n_35
    SLICE_X17Y204        FDRE                                         r  system_bringup_i/conv0_engine_0/inst/grp_conv0_engine_Pipeline_READ_ROW_fu_2635/tmp_reg_1163_reg[1]/D
  -------------------------------------------------------------------    -------------------

                         (clock clk_pl_0 rise edge)
                                                      0.000     0.000 r  
    PS8_X0Y0             PS8                          0.000     0.000 r  system_bringup_i/zynq_ultra_ps_e_0/inst/PS8_i/PLCLK[0]
                         net (fo=1, routed)           0.164     0.164    system_bringup_i/zynq_ultra_ps_e_0/inst/pl_clk_unbuffered[0]
    BUFG_PS_X0Y80        BUFG_PS (Prop_BUFG_PS_I_O)
                                                      0.023     0.187 r  system_bringup_i/zynq_ultra_ps_e_0/inst/buffer_pl_clk_0.PL_CLK_0_BUFG/O
    X1Y1 (CLOCK_ROOT)    net (fo=91111, routed)       1.896     2.083    system_bringup_i/conv0_engine_0/inst/grp_conv0_engine_Pipeline_READ_ROW_fu_2635/ap_clk
    SLICE_X17Y204        FDRE                                         r  system_bringup_i/conv0_engine_0/inst/grp_conv0_engine_Pipeline_READ_ROW_fu_2635/tmp_reg_1163_reg[1]/C





